-- MySQL dump 10.13  Distrib 5.7.31, for Win64 (x86_64)
--
-- Host: localhost    Database: ambcda
-- ------------------------------------------------------
-- Server version	5.7.31

/*!40101 SET @OLD_CHARACTER_SET_CLIENT=@@CHARACTER_SET_CLIENT */;
/*!40101 SET @OLD_CHARACTER_SET_RESULTS=@@CHARACTER_SET_RESULTS */;
/*!40101 SET @OLD_COLLATION_CONNECTION=@@COLLATION_CONNECTION */;
/*!40101 SET NAMES utf8 */;
/*!40103 SET @OLD_TIME_ZONE=@@TIME_ZONE */;
/*!40103 SET TIME_ZONE='+00:00' */;
/*!40014 SET @OLD_UNIQUE_CHECKS=@@UNIQUE_CHECKS, UNIQUE_CHECKS=0 */;
/*!40014 SET @OLD_FOREIGN_KEY_CHECKS=@@FOREIGN_KEY_CHECKS, FOREIGN_KEY_CHECKS=0 */;
/*!40101 SET @OLD_SQL_MODE=@@SQL_MODE, SQL_MODE='NO_AUTO_VALUE_ON_ZERO' */;
/*!40111 SET @OLD_SQL_NOTES=@@SQL_NOTES, SQL_NOTES=0 */;

--
-- Current Database: `ambcda`
--

CREATE DATABASE /*!32312 IF NOT EXISTS*/ `ambcda` /*!40100 DEFAULT CHARACTER SET latin1 */;

USE `ambcda`;

--
-- Table structure for table `amb_actions`
--

DROP TABLE IF EXISTS `amb_actions`;
/*!40101 SET @saved_cs_client     = @@character_set_client */;
/*!40101 SET character_set_client = utf8 */;
CREATE TABLE `amb_actions` (
  `idAction` int(11) NOT NULL AUTO_INCREMENT,
  `numeroAction` int(10) NOT NULL,
  `libelleAction` varchar(50) NOT NULL,
  `dateCreation` datetime NOT NULL DEFAULT CURRENT_TIMESTAMP,
  `dateModification` datetime DEFAULT NULL ON UPDATE CURRENT_TIMESTAMP,
  PRIMARY KEY (`idAction`)
) ENGINE=InnoDB AUTO_INCREMENT=9 DEFAULT CHARSET=utf8;
/*!40101 SET character_set_client = @saved_cs_client */;

--
-- Dumping data for table `amb_actions`
--

LOCK TABLES `amb_actions` WRITE;
/*!40000 ALTER TABLE `amb_actions` DISABLE KEYS */;
INSERT INTO `amb_actions` VALUES (1,1,'Remplacement','2021-05-06 11:37:27',NULL),(2,2,'Réglage','2021-05-06 11:37:27',NULL),(3,3,'Nettoyage','2021-05-06 11:37:27',NULL),(4,4,'Dépannage','2021-05-06 11:37:27',NULL),(5,5,'Réparation','2021-05-06 11:37:27',NULL),(6,6,'Amélioration','2021-05-06 11:37:27',NULL),(7,7,'Contrôle','2021-05-06 11:37:27',NULL),(8,8,'Questionnaire','2021-05-06 13:44:01',NULL);
/*!40000 ALTER TABLE `amb_actions` ENABLE KEYS */;
UNLOCK TABLES;

--
-- Table structure for table `amb_actionscorrespondantes`
--

DROP TABLE IF EXISTS `amb_actionscorrespondantes`;
/*!40101 SET @saved_cs_client     = @@character_set_client */;
/*!40101 SET character_set_client = utf8 */;
CREATE TABLE `amb_actionscorrespondantes` (
  `idActionsCorrespondantes` int(11) NOT NULL AUTO_INCREMENT,
  `idAction` int(11) NOT NULL,
  `idActivite` int(11) NOT NULL,
  `dateCreation` datetime NOT NULL DEFAULT CURRENT_TIMESTAMP,
  `dateModification` datetime DEFAULT NULL ON UPDATE CURRENT_TIMESTAMP,
  PRIMARY KEY (`idActionsCorrespondantes`),
  KEY `FK_actionsCorrespondantes__actions` (`idAction`),
  KEY `FK_actionsCorrespondantes__activites0` (`idActivite`)
) ENGINE=InnoDB AUTO_INCREMENT=402 DEFAULT CHARSET=utf8;
/*!40101 SET character_set_client = @saved_cs_client */;

--
-- Dumping data for table `amb_actionscorrespondantes`
--

LOCK TABLES `amb_actionscorrespondantes` WRITE;
/*!40000 ALTER TABLE `amb_actionscorrespondantes` DISABLE KEYS */;
INSERT INTO `amb_actionscorrespondantes` VALUES (1,1,1,'2021-05-06 11:37:27',NULL),(2,8,2,'2021-05-06 13:52:20',NULL),(3,6,3,'2021-05-18 15:12:55',NULL),(4,6,4,'2021-06-01 13:11:26',NULL),(5,6,5,'2021-06-03 20:01:14',NULL),(8,6,6,'2021-06-03 20:07:52',NULL),(9,3,7,'2021-06-07 10:31:33',NULL),(10,6,7,'2021-06-07 10:31:33',NULL),(15,8,12,'2021-06-07 12:22:38',NULL),(16,8,13,'2021-06-07 12:25:00',NULL),(18,6,8,'2021-06-07 14:50:09',NULL),(19,8,14,'2021-06-07 15:04:06',NULL),(20,8,11,'2021-06-07 15:22:52',NULL),(21,8,15,'2021-06-07 15:27:37',NULL),(22,8,16,'2021-06-07 15:27:47',NULL),(23,6,17,'2021-06-07 17:47:55',NULL),(24,6,18,'2021-06-07 19:51:14',NULL),(25,6,19,'2021-06-08 19:00:58',NULL),(26,6,20,'2021-06-08 19:17:22',NULL),(28,6,22,'2021-06-08 19:30:47',NULL),(31,6,25,'2021-06-09 08:34:50',NULL),(32,6,26,'2021-06-09 08:47:56',NULL),(34,6,28,'2021-06-09 11:02:14',NULL),(35,5,29,'2021-06-10 11:20:57',NULL),(36,5,30,'2021-06-10 11:22:07',NULL),(37,5,31,'2021-06-10 11:24:24',NULL),(38,1,32,'2021-06-10 14:12:30',NULL),(39,6,33,'2021-06-10 14:15:07',NULL),(40,5,34,'2021-06-10 14:19:43',NULL),(41,1,35,'2021-06-10 14:42:39',NULL),(42,1,36,'2021-06-10 14:48:19',NULL),(43,6,37,'2021-06-14 14:20:08',NULL),(44,6,38,'2021-06-14 14:29:01',NULL),(45,6,39,'2021-06-14 16:29:19',NULL),(46,1,40,'2021-06-14 17:01:21',NULL),(47,6,41,'2021-06-15 10:58:33',NULL),(49,6,42,'2021-06-15 15:31:32',NULL),(50,6,43,'2021-06-15 15:49:55',NULL),(51,6,44,'2021-06-15 18:41:50',NULL),(52,6,45,'2021-06-16 13:27:04',NULL),(53,6,46,'2021-06-16 14:21:02',NULL),(54,6,47,'2021-06-16 14:26:17',NULL),(55,6,48,'2021-06-16 14:57:12',NULL),(56,6,49,'2021-06-17 09:11:50',NULL),(57,6,50,'2021-06-17 14:10:10',NULL),(58,6,51,'2021-06-17 14:19:07',NULL),(59,6,52,'2021-06-17 20:10:58',NULL),(60,6,53,'2021-06-18 13:59:50',NULL),(61,6,54,'2021-06-21 11:23:19',NULL),(62,6,55,'2021-06-21 12:59:01',NULL),(63,6,56,'2021-06-21 13:30:13',NULL),(64,6,57,'2021-06-22 15:28:41',NULL),(65,6,58,'2021-06-23 11:07:54',NULL),(66,6,59,'2021-06-23 12:35:02',NULL),(67,6,60,'2021-06-23 12:37:38',NULL),(68,6,61,'2021-06-24 16:16:33',NULL),(69,6,62,'2021-06-24 16:18:33',NULL),(70,6,63,'2021-06-28 11:00:08',NULL),(71,6,64,'2021-06-28 15:08:02',NULL),(72,6,65,'2021-06-29 15:02:28',NULL),(73,6,66,'2021-06-29 15:46:31',NULL),(74,6,67,'2021-06-30 10:14:11',NULL),(75,6,68,'2021-06-30 15:44:21',NULL),(76,6,69,'2021-06-30 19:10:59',NULL),(77,6,70,'2021-06-30 23:07:45',NULL),(78,6,71,'2021-07-02 10:35:37',NULL),(79,6,72,'2021-07-02 18:16:28',NULL),(80,6,73,'2021-07-05 15:19:38',NULL),(81,6,74,'2021-07-05 20:39:16',NULL),(82,6,75,'2021-07-05 21:17:00',NULL),(83,6,76,'2021-07-07 15:19:32',NULL),(84,6,77,'2021-07-07 15:30:28',NULL),(85,6,78,'2021-07-08 11:07:22',NULL),(86,5,79,'2021-07-08 11:25:17',NULL),(87,5,80,'2021-07-08 19:51:13',NULL),(88,6,81,'2021-07-08 20:50:59',NULL),(89,6,82,'2021-07-09 11:35:01',NULL),(90,6,83,'2021-07-12 16:20:06',NULL),(91,6,84,'2021-07-13 13:23:27',NULL),(92,6,85,'2021-07-13 13:25:29',NULL),(93,6,86,'2021-07-13 13:35:57',NULL),(94,6,87,'2021-07-13 13:38:21',NULL),(95,6,88,'2021-07-13 13:49:43',NULL),(96,6,89,'2021-07-13 13:58:44',NULL),(97,6,90,'2021-07-13 14:04:42',NULL),(98,6,91,'2021-07-13 14:25:55',NULL),(99,6,92,'2021-07-13 14:41:23',NULL),(100,6,93,'2021-07-13 19:59:44',NULL),(101,6,94,'2021-07-13 20:35:38',NULL),(102,6,95,'2021-07-13 22:05:43',NULL),(103,6,96,'2021-07-14 21:27:48',NULL),(104,6,97,'2021-07-15 16:03:12',NULL),(105,6,98,'2021-07-15 16:11:49',NULL),(106,6,99,'2021-07-16 10:00:53',NULL),(107,6,100,'2021-07-16 10:13:14',NULL),(108,6,101,'2021-09-08 11:37:21',NULL),(109,5,102,'2021-09-08 15:28:05',NULL),(110,6,103,'2021-09-08 15:59:56',NULL),(111,6,104,'2021-09-09 14:27:21',NULL),(112,6,105,'2021-09-13 08:52:34',NULL),(113,6,106,'2021-09-13 09:02:42',NULL),(114,6,107,'2021-09-13 09:06:35',NULL),(115,6,108,'2021-09-13 09:18:20',NULL),(116,6,109,'2021-09-13 10:51:37',NULL),(117,6,110,'2021-09-13 11:21:27',NULL),(118,6,111,'2021-09-13 11:29:29',NULL),(119,6,112,'2021-09-13 11:34:10',NULL),(120,6,113,'2021-09-13 11:34:58',NULL),(121,6,114,'2021-09-13 11:46:58',NULL),(122,6,115,'2021-09-13 13:17:35',NULL),(123,6,116,'2021-09-13 13:30:30',NULL),(124,6,117,'2021-09-13 13:51:19',NULL),(125,6,118,'2021-09-13 13:57:11',NULL),(126,6,119,'2021-09-13 14:03:08',NULL),(127,6,120,'2021-09-13 14:03:21',NULL),(128,6,121,'2021-09-13 14:53:37',NULL),(129,6,122,'2021-09-13 15:28:55',NULL),(130,6,123,'2021-09-13 15:51:07',NULL),(131,6,124,'2021-09-13 15:52:08',NULL),(132,6,125,'2021-09-13 16:09:09',NULL),(133,6,126,'2021-09-13 16:09:13',NULL),(134,1,127,'2021-09-13 16:24:33',NULL),(135,6,128,'2021-09-13 16:31:40',NULL),(136,6,129,'2021-09-13 16:35:50',NULL),(137,6,130,'2021-09-13 16:46:22',NULL),(138,6,131,'2021-09-13 16:48:30',NULL),(139,1,132,'2021-09-13 18:17:37',NULL),(140,6,133,'2021-09-13 18:33:59',NULL),(141,6,134,'2021-09-13 18:36:36',NULL),(142,8,135,'2021-09-13 18:41:37',NULL),(143,6,136,'2021-09-14 12:36:43',NULL),(144,1,137,'2021-09-14 12:37:50',NULL),(145,1,138,'2021-09-15 08:27:05',NULL),(146,6,139,'2021-09-15 08:29:12',NULL),(147,6,140,'2021-09-15 08:38:02',NULL),(148,6,141,'2021-09-15 08:49:15',NULL),(149,1,142,'2021-09-15 09:07:41',NULL),(151,6,144,'2021-09-15 10:30:44',NULL),(152,1,145,'2021-09-15 10:50:56',NULL),(153,6,146,'2021-09-15 11:07:21',NULL),(154,4,147,'2021-09-15 11:24:06',NULL),(155,8,148,'2021-09-15 11:50:54',NULL),(156,6,149,'2021-09-15 14:01:08',NULL),(157,4,150,'2021-09-15 14:07:29',NULL),(158,5,150,'2021-09-15 14:07:29',NULL),(159,7,150,'2021-09-15 14:07:29',NULL),(160,1,151,'2021-09-15 14:18:30',NULL),(161,4,151,'2021-09-15 14:18:30',NULL),(162,6,151,'2021-09-15 14:18:30',NULL),(163,6,152,'2021-09-15 14:50:45',NULL),(164,1,153,'2021-09-15 15:16:16',NULL),(165,1,154,'2021-09-15 15:59:46',NULL),(166,1,155,'2021-09-15 16:12:40',NULL),(167,6,156,'2021-09-15 16:43:31',NULL),(168,6,157,'2021-09-15 20:36:50',NULL),(169,6,158,'2021-09-15 20:46:33',NULL),(170,8,159,'2021-09-15 21:23:22',NULL),(171,8,160,'2021-09-15 21:27:55',NULL),(172,6,161,'2021-09-15 22:35:54',NULL),(173,6,162,'2021-09-16 08:29:01',NULL),(174,6,163,'2021-09-16 08:33:30',NULL),(175,1,164,'2021-09-16 08:35:46',NULL),(176,6,165,'2021-09-16 08:39:54',NULL),(178,6,166,'2021-09-16 09:14:34',NULL),(179,6,167,'2021-09-16 09:23:17',NULL),(181,1,168,'2021-09-16 09:35:33',NULL),(182,1,169,'2021-09-16 11:13:23',NULL),(183,1,170,'2021-09-16 11:40:14',NULL),(184,1,171,'2021-09-16 12:35:59',NULL),(188,6,174,'2021-09-18 10:50:26',NULL),(189,6,175,'2021-09-18 10:53:37',NULL),(190,6,176,'2021-09-18 13:33:51',NULL),(191,6,177,'2021-09-18 13:34:41',NULL),(192,6,178,'2021-09-19 09:10:53',NULL),(193,4,179,'2021-09-19 09:40:04',NULL),(194,6,180,'2021-09-19 19:45:59',NULL),(195,6,172,'2021-09-20 05:33:10',NULL),(196,6,181,'2021-09-20 19:37:31',NULL),(197,1,181,'2021-09-20 19:56:41',NULL),(198,6,182,'2021-09-20 20:16:27',NULL),(199,1,143,'2021-09-21 05:42:12',NULL),(201,6,173,'2021-09-21 09:29:44',NULL),(202,6,183,'2021-09-21 09:31:06',NULL),(203,1,184,'2021-09-21 13:19:21',NULL),(204,6,185,'2021-09-21 13:50:54',NULL),(205,6,186,'2021-09-21 14:08:13',NULL),(206,6,187,'2021-09-21 14:48:58',NULL),(207,6,188,'2021-09-21 15:57:01',NULL),(208,6,189,'2021-09-21 18:21:20',NULL),(209,6,190,'2021-09-21 19:14:14',NULL),(210,6,191,'2021-09-22 06:21:43',NULL),(211,1,192,'2021-09-22 18:12:31',NULL),(212,6,193,'2021-09-22 18:51:27',NULL),(213,6,194,'2021-09-22 20:56:02',NULL),(214,6,195,'2021-09-23 11:18:06',NULL),(215,6,196,'2021-09-26 08:17:56',NULL),(216,5,197,'2021-09-26 19:13:36',NULL),(218,5,199,'2021-09-27 16:18:02',NULL),(220,6,201,'2021-09-28 13:40:40',NULL),(221,6,200,'2021-09-28 14:17:28',NULL),(223,6,203,'2021-09-28 14:26:41',NULL),(224,6,202,'2021-09-28 14:34:48',NULL),(225,6,204,'2021-09-28 14:37:00',NULL),(226,6,205,'2021-09-28 14:37:04',NULL),(227,6,206,'2021-09-28 14:54:06',NULL),(228,6,207,'2021-09-28 14:55:09',NULL),(229,6,208,'2021-09-28 15:22:13',NULL),(230,6,209,'2021-09-28 15:28:36',NULL),(231,6,210,'2021-09-28 15:29:06',NULL),(234,1,213,'2021-09-28 15:31:25',NULL),(235,4,214,'2021-09-28 15:33:51',NULL),(236,6,215,'2021-09-28 15:44:08',NULL),(237,6,216,'2021-09-28 15:51:47',NULL),(238,6,214,'2021-09-28 16:07:20',NULL),(239,6,217,'2021-09-28 16:13:24',NULL),(240,6,218,'2021-09-28 16:16:38',NULL),(241,6,219,'2021-09-28 16:21:48',NULL),(242,6,220,'2021-09-28 16:24:03',NULL),(243,6,221,'2021-09-28 16:37:39',NULL),(244,6,222,'2021-09-28 16:39:18',NULL),(245,6,223,'2021-09-28 16:53:57',NULL),(246,6,224,'2021-09-28 19:12:01',NULL),(247,4,225,'2021-09-28 20:16:23',NULL),(249,3,227,'2021-09-28 20:22:44',NULL),(250,7,225,'2021-09-28 21:27:09',NULL),(251,8,225,'2021-09-28 21:27:09',NULL),(252,6,228,'2021-09-28 21:45:46',NULL),(253,6,226,'2021-09-28 21:57:25',NULL),(254,6,229,'2021-09-28 22:29:47',NULL),(255,6,230,'2021-09-29 09:21:00',NULL),(256,6,231,'2021-09-29 09:24:05',NULL),(257,6,232,'2021-09-29 09:26:31',NULL),(258,6,233,'2021-09-29 09:28:57',NULL),(259,6,234,'2021-09-29 09:32:50',NULL),(260,6,235,'2021-09-29 09:34:51',NULL),(261,6,236,'2021-09-29 09:39:22',NULL),(262,6,237,'2021-09-29 09:46:31',NULL),(263,6,238,'2021-09-29 10:21:35',NULL),(264,6,239,'2021-09-29 11:33:20',NULL),(265,6,240,'2021-09-29 13:27:08',NULL),(266,6,241,'2021-09-29 13:30:15',NULL),(267,6,242,'2021-09-29 13:53:03',NULL),(268,6,243,'2021-09-29 13:55:04',NULL),(269,6,244,'2021-09-29 13:56:42',NULL),(270,6,245,'2021-09-29 14:00:01',NULL),(271,5,246,'2021-09-29 14:02:03',NULL),(272,1,247,'2021-09-29 14:09:22',NULL),(273,2,247,'2021-09-29 14:09:22',NULL),(274,3,247,'2021-09-29 14:09:22',NULL),(275,5,247,'2021-09-29 14:09:22',NULL),(276,6,247,'2021-09-29 14:09:22',NULL),(277,7,247,'2021-09-29 14:09:22',NULL),(278,6,248,'2021-09-29 14:15:04',NULL),(279,6,249,'2021-09-29 14:23:00',NULL),(280,1,250,'2021-09-29 14:34:27',NULL),(281,2,250,'2021-09-29 14:34:27',NULL),(282,3,250,'2021-09-29 14:34:27',NULL),(283,4,250,'2021-09-29 14:34:27',NULL),(284,6,250,'2021-09-29 14:34:27',NULL),(285,7,250,'2021-09-29 14:34:27',NULL),(286,1,251,'2021-09-29 15:15:19',NULL),(287,1,252,'2021-09-29 15:22:49',NULL),(288,2,252,'2021-09-29 15:22:49',NULL),(289,3,252,'2021-09-29 15:22:49',NULL),(290,4,252,'2021-09-29 15:22:49',NULL),(291,5,252,'2021-09-29 15:22:49',NULL),(292,6,252,'2021-09-29 15:22:49',NULL),(293,7,252,'2021-09-29 15:22:49',NULL),(294,1,253,'2021-09-29 15:28:19',NULL),(295,2,253,'2021-09-29 15:28:19',NULL),(296,3,253,'2021-09-29 15:28:19',NULL),(297,4,253,'2021-09-29 15:28:19',NULL),(298,5,253,'2021-09-29 15:28:19',NULL),(299,6,253,'2021-09-29 15:28:19',NULL),(300,7,253,'2021-09-29 15:28:19',NULL),(301,1,254,'2021-09-29 15:32:52',NULL),(302,2,254,'2021-09-29 15:32:52',NULL),(303,5,254,'2021-09-29 15:32:52',NULL),(304,6,255,'2021-09-29 15:33:21',NULL),(305,6,256,'2021-09-29 15:39:40',NULL),(306,6,257,'2021-09-29 15:44:24',NULL),(307,6,258,'2021-09-29 15:58:36',NULL),(308,1,259,'2021-09-29 16:10:05',NULL),(309,2,259,'2021-09-29 16:10:05',NULL),(310,1,260,'2021-09-29 16:25:00',NULL),(311,6,261,'2021-09-29 16:29:19',NULL),(312,6,262,'2021-09-30 15:55:09',NULL),(314,6,264,'2021-10-01 09:10:02',NULL),(315,6,263,'2021-10-01 09:21:06',NULL),(316,5,265,'2021-10-01 09:27:51',NULL),(317,6,266,'2021-10-03 07:56:42',NULL),(318,6,267,'2021-10-03 08:03:02',NULL),(319,6,268,'2021-10-03 18:28:24',NULL),(320,6,269,'2021-10-04 09:35:52',NULL),(321,6,270,'2021-10-04 14:27:04',NULL),(322,6,271,'2021-10-04 19:22:20',NULL),(323,5,272,'2021-10-04 19:55:00',NULL),(324,6,273,'2021-10-05 06:35:40',NULL),(325,6,274,'2021-10-05 08:47:57',NULL),(326,6,275,'2021-10-06 08:22:39',NULL),(327,6,276,'2021-10-06 08:40:21',NULL),(328,6,277,'2021-10-06 09:14:21',NULL),(329,6,278,'2021-10-06 15:13:21',NULL),(330,6,279,'2021-10-06 15:38:51',NULL),(331,1,280,'2021-10-06 18:12:53',NULL),(332,6,281,'2021-10-06 19:51:11',NULL),(333,6,282,'2021-10-07 08:34:40',NULL),(334,6,283,'2021-10-07 09:03:06',NULL),(335,6,284,'2021-10-07 09:45:32',NULL),(336,6,285,'2021-10-07 10:42:24',NULL),(337,6,286,'2021-10-07 10:52:20',NULL),(338,6,287,'2021-10-07 11:12:36',NULL),(339,6,288,'2021-10-07 11:13:18',NULL),(341,4,198,'2021-10-07 11:52:48',NULL),(342,4,289,'2021-10-07 13:21:02',NULL),(343,5,289,'2021-10-07 13:21:02',NULL),(345,2,290,'2021-10-07 13:40:20',NULL),(346,4,290,'2021-10-07 13:40:20',NULL),(347,6,291,'2021-10-07 15:34:58',NULL),(348,6,292,'2021-10-08 08:42:16',NULL),(349,6,293,'2021-10-08 08:54:08',NULL),(350,6,294,'2021-10-09 06:17:50',NULL),(351,6,295,'2021-10-09 06:20:20',NULL),(352,4,296,'2021-10-09 06:24:42',NULL),(353,7,296,'2021-10-09 06:24:42',NULL),(354,8,296,'2021-10-09 06:24:42',NULL),(355,6,297,'2021-10-09 06:32:37',NULL),(356,2,298,'2021-10-09 06:37:08',NULL),(357,6,299,'2021-10-09 06:51:09',NULL),(358,6,300,'2021-10-09 06:54:41',NULL),(359,6,301,'2021-10-10 05:03:56',NULL),(360,4,302,'2021-10-11 10:55:24',NULL),(361,1,303,'2021-10-11 12:11:35',NULL),(362,4,304,'2021-10-12 09:18:53',NULL),(363,6,305,'2021-10-12 11:56:10',NULL),(364,2,306,'2021-10-12 11:59:55',NULL),(365,7,307,'2021-10-12 12:14:35',NULL),(366,6,308,'2021-10-12 12:15:47',NULL),(367,6,309,'2021-10-12 13:10:14',NULL),(368,1,309,'2021-10-12 13:12:16',NULL),(369,2,309,'2021-10-12 13:12:16',NULL),(370,3,309,'2021-10-12 13:12:16',NULL),(371,4,309,'2021-10-12 13:12:16',NULL),(372,5,309,'2021-10-12 13:12:16',NULL),(373,7,309,'2021-10-12 13:12:16',NULL),(374,8,309,'2021-10-12 13:12:16',NULL),(375,5,310,'2021-10-12 13:18:44',NULL),(376,2,310,'2021-10-12 13:19:38',NULL),(377,3,310,'2021-10-12 13:19:38',NULL),(378,4,310,'2021-10-12 13:19:38',NULL),(379,6,310,'2021-10-12 13:19:38',NULL),(380,7,310,'2021-10-12 13:19:38',NULL),(381,8,310,'2021-10-12 13:19:38',NULL),(382,8,311,'2021-10-12 13:25:26',NULL),(383,1,311,'2021-10-12 13:27:24',NULL),(384,2,311,'2021-10-12 13:27:24',NULL),(385,3,311,'2021-10-12 13:27:24',NULL),(386,4,311,'2021-10-12 13:27:24',NULL),(387,5,311,'2021-10-12 13:27:24',NULL),(388,6,311,'2021-10-12 13:27:24',NULL),(389,7,311,'2021-10-12 13:27:24',NULL),(390,1,312,'2021-10-12 13:33:01',NULL),(391,2,312,'2021-10-12 13:33:01',NULL),(392,3,312,'2021-10-12 13:33:01',NULL),(393,4,312,'2021-10-12 13:33:01',NULL),(394,5,312,'2021-10-12 13:33:01',NULL),(395,6,312,'2021-10-12 13:33:01',NULL),(396,7,312,'2021-10-12 13:33:01',NULL),(397,8,312,'2021-10-12 13:33:01',NULL),(398,1,313,'2021-10-12 14:10:10',NULL),(399,1,314,'2021-10-12 14:41:49',NULL),(400,1,315,'2021-10-12 14:45:41',NULL),(401,3,316,'2021-10-12 16:51:42',NULL);
/*!40000 ALTER TABLE `amb_actionscorrespondantes` ENABLE KEYS */;
UNLOCK TABLES;

--
-- Table structure for table `amb_activites`
--

DROP TABLE IF EXISTS `amb_activites`;
/*!40101 SET @saved_cs_client     = @@character_set_client */;
/*!40101 SET character_set_client = utf8 */;
CREATE TABLE `amb_activites` (
  `idActivite` int(11) NOT NULL AUTO_INCREMENT,
  `dateIntervention` date NOT NULL,
  `dateDebutItv` datetime NOT NULL,
  `dateFinItv` datetime NOT NULL,
  `dureeItv` time NOT NULL,
  `travauxRealises` text NOT NULL,
  `travauxNonRealises` text,
  `observations` text,
  `idMesm` int(11) NOT NULL,
  `idTypeMaint` int(11) NOT NULL,
  `idFicheIntervention` int(11) NOT NULL,
  `dateCreation` datetime NOT NULL DEFAULT CURRENT_TIMESTAMP,
  `dateModification` datetime DEFAULT NULL ON UPDATE CURRENT_TIMESTAMP,
  PRIMARY KEY (`idActivite`),
  KEY `FK_activites__mesm` (`idMesm`),
  KEY `FK_activites__typesMaintenances0` (`idTypeMaint`),
  KEY `FK_activites_fichesInterventions1` (`idFicheIntervention`)
) ENGINE=InnoDB AUTO_INCREMENT=317 DEFAULT CHARSET=utf8;
/*!40101 SET character_set_client = @saved_cs_client */;

--
-- Dumping data for table `amb_activites`
--

LOCK TABLES `amb_activites` WRITE;
/*!40000 ALTER TABLE `amb_activites` DISABLE KEYS */;
INSERT INTO `amb_activites` VALUES (1,'2021-05-06','2021-05-06 10:00:00','2021-05-06 11:00:00','01:00:00','1) A','',NULL,1,1,4,'2021-05-06 11:11:32','2021-05-06 11:11:44'),(2,'2021-05-06','2021-05-06 14:00:00','2021-05-06 15:00:00','01:00:00','1) A','',NULL,1,4,5,'2021-05-06 13:52:20','2021-05-06 13:52:29'),(3,'2021-05-18','2021-05-18 14:58:00','2021-05-18 15:10:00','00:11:00','J\'ai réalisé le graissage des 3 gonds de la porte technique de la cabine 13','Reste 3 portes à graisser',NULL,3,2,6,'2021-05-18 15:12:54','2021-05-18 15:19:12'),(4,'2021-05-27','2021-06-01 08:05:00','2021-06-01 16:05:00','05:00:00','Réalisation de 8 cabines de 250 x 250 en intérieur avec une première pose d\'une plaque de placoplatre ainsi qu\'une plaque d\'OSB sur rails et montants',';-)fhd',NULL,1,1,14,'2021-06-01 13:11:26','2021-06-07 15:06:14'),(5,'2021-05-27','2021-05-27 08:30:02','2021-05-27 16:00:58','05:00:00','Crée des cabines de travail.\r\n1ere) On a marquer avec fil a plomb sur le sol.\r\n2eme) Couper les poteau en bois dans les mesures demande et fixes sur le sol avec les equerre.\r\n3eme) Fixe les rail sur les poutres et sol.\r\n4eme) Monter les montant sur les rail.','Travaux  d’amélioration et finition en cour.',NULL,1,1,10,'2021-06-03 20:01:14','2021-06-16 12:39:50'),(6,'2021-05-18','2021-05-18 14:00:00','2021-05-18 16:00:00','02:00:00','Deconstruction des pieces finie,par les AEB.\r\nTrie les materiaux recuperer et posser sur le bene.\r\nEt netoyer.','',NULL,1,1,7,'2021-06-03 20:07:52','2021-06-10 10:58:51'),(7,'2021-05-18','2021-05-18 08:00:00','2021-05-18 17:00:00','05:00:00','Déconstruction des épreuves de certification du groupe précédent.','',NULL,1,1,9,'2021-06-07 10:31:33','2021-06-09 08:36:22'),(8,'2021-05-27','2021-05-27 08:00:00','2021-05-27 17:00:00','05:00:00','Réalisation de 8 cabines de formation avec pose de charpente.\r\nPose de plaques de plâtre sur montants.\r\nPose de panneau OSB.','',NULL,1,1,13,'2021-06-07 10:37:09','2021-06-07 10:50:31'),(11,'2021-06-07','2021-05-18 14:37:26','2021-06-07 14:37:30','00:20:00','1)A et B\r\n2)B\r\n3)B\r\n4)5\r\n5)A\r\n6)C\r\n7)B\r\n8)A\r\n9)C\r\n10)B\r\n11)D\r\n12)C\r\n13)A;B;D\r\n14)B\r\n15)A;B;C\r\n16)A;C;D\r\n17)A;B\r\n18)B\r\n19)A;B;C\r\n20)B\r\n21)C\r\n22)A','',NULL,1,4,31,'2021-06-07 11:07:07','2021-06-07 14:37:43'),(12,'2021-06-07','2021-06-07 09:21:00','2021-06-07 10:21:00','00:20:00','réponses aux qustionnaires',NULL,NULL,1,4,1,'2021-06-07 12:22:38',NULL),(13,'2021-06-07','2021-06-07 08:23:00','2021-06-07 12:00:00','01:00:00','pour','',NULL,1,4,3,'2021-06-07 12:25:00','2021-09-09 15:01:24'),(14,'2021-06-07','2021-06-07 15:00:00','2021-06-07 15:30:00','00:30:00','1) A,B\r\n2) B\r\n3) B\r\n4) D\r\n5) B\r\n6) C\r\n7) B\r\n8) A\r\n9) B\r\n10) B\r\n11) A,D\r\n12) C\r\n13) A,B,D\r\n14) B\r\n15) A,B,C\r\n16) A,D\r\n17) B,C\r\n18) B\r\n19) B\r\n20) B\r\n21) A,C,D\r\n22) A,B\r\n','',NULL,1,4,30,'2021-06-07 15:04:06','2021-06-07 15:17:18'),(15,'2021-06-07','2021-06-07 15:20:00','2021-06-07 15:50:00','00:30:00','1) B-D\r\n2) B\r\n3) B\r\n4) D\r\n5) B\r\n6) C\r\n7) B\r\n8) A\r\n9) B\r\n10) B\r\n11) A-D\r\n12) C\r\n13) A-B-D\r\n14) B\r\n15) A-B-C\r\n16) A-D\r\n17) D\r\n18) B\r\n19) B\r\n20) B\r\n21) A-C-D\r\n22) A\r\n','',NULL,1,4,33,'2021-06-07 15:27:37','2021-06-07 15:29:14'),(16,'2021-06-07','2021-06-07 15:20:00','2021-06-07 00:00:00','00:30:00','1) a et b\r\n2) b\r\n3) b\r\n4) d\r\n5) b\r\n6) c\r\n7) b\r\n8) a\r\n9) b\r\n10)b\r\n11)d\r\n12)c\r\n13)a,b et d\r\n14)b\r\n15)a,b et c\r\n16)a,c et d\r\n17)a,b et d\r\n18)b\r\n19)b\r\n20)b\r\n21)a,c et d\r\n22)a\r\n\r\n','',NULL,1,4,29,'2021-06-07 15:27:47','2021-06-07 15:28:40'),(17,'2021-05-27','2021-06-01 08:05:00','2021-06-01 16:05:00','05:00:00','Réalisation de huit cabines en ossature bois de 250 x 250 x 250 (dimensions internes) avec cloison sur ossature métallique d\'un côté, avec une plaque de placoplâtre (2m50 x 1m20) et une plaque d\'OSB (2m50 x 1m25)','',NULL,1,1,12,'2021-06-07 17:47:55','2021-06-07 18:36:42'),(18,'2021-05-18','2021-05-18 08:05:00','2021-05-18 16:05:00','05:00:00','Déconstruction de cinq cabines nécessitant :\r\n1) la dépose et la récupération de l\'installation électrique (non reliée au compteur)\r\n   - tableau électrique, fils, gaines, interrupteur, prise\r\n2) la dépose et la récupération des menuiseries\r\n   - plinthe, baguette de finition, tasseaux de fixation, tablettes\r\n3) la dépose et la récupération de l\'installation des sanitaires\r\n   - urinoir, robinet poussoir mural, totalité de la tuyauterie cuivre et pvc y compris fixations \r\n4) la dépose de la demi-cloison en plaques de plâtre (récupération de la visserie)\r\n5) la dépose de la cloison en plaques de plâtre (récupération de la visserie)\r\n6) la dépose et la récupération de la totalité de l\'ossature métallique (rails R48 non récupérables)\r\n7) le nettoyage du chantier et le tri des déchets','',NULL,1,1,8,'2021-06-07 19:51:14','2021-06-09 16:45:42'),(19,'2021-06-08','2021-06-08 08:05:00','2021-06-08 16:05:00','05:00:00','Création d\'une cloison de distribution, en L, en plaque de plâtre sur ossature métallique.\r\n- Balisage du chantier sur la longueur des cabines\r\n- Pose de trois pannes de bois, en F, afin de fixer les futures cloisons, de 2m50 x1m75 fixées sur les traverses du bâti bois, par équerres métalliques et vis à bois VBA.\r\n- Pose de l\'ossature métallique de la cloison de face, 1m75 x 2m50 côtes finies, avec rails R48 et montants M48.\r\n- Pose d\'une plaque et demi de placoplâtre avec des vis à \"Placo\" TF, en respectant l\'espace d\'un centimètre au sol.\r\n- Pose de l\'ossature métallique de la cloison de gauche , 1m50 x 2m50, avec rails R48 et montants M48, dont un sabot de 20 cm sur le rail du bas pour la pose d\'un bloc porte.\r\n- Nettoyage du chantier et tri des déchets.\r\n ','Reste à réaliser cause de non réception du bloc-porte :\r\n- Terminer l\'ossature métallique de la cloison de gauche, de l\'emplacement du bloc porte au bout de la pièce, soit 0m90 x 2m50, avec réalisation d\'un imposte et pose d\'un R48 avec sabot de 20cm côté gauche (vue intérieure) du bloc-porte\r\n- Poser \"à blanc\" du bloc-porte\r\n- Vérification des aplombs\r\n- Fixation de l\'ensemble huisserie et ossature métallique\r\n- Pose de plaque de plâtre sur le restant de l\'ossature, imposte compris\r\n- Collage des bandes de joints à plat, des bandes en angle et sans omettre de recouvrir les têtes de vis',NULL,1,1,36,'2021-06-08 19:00:58','2021-06-10 22:58:13'),(20,'2021-06-08','2021-06-08 08:30:00','2021-06-08 16:00:00','05:00:00','Le réalisation de la cloison c\'est déroule bien,en bon binôme,qui est a l’écoute aussi a donnes des idées.',NULL,NULL,1,1,34,'2021-06-08 19:17:22','2021-07-06 17:45:50'),(22,'2021-06-07','2021-06-07 08:05:00','2021-06-07 16:05:00','05:00:00','Dans le but de la création d\'une cloison de distribution, en L, en plaque de plâtre sur ossature métallique.\r\n- Balisage du chantier sur la longueur des cabines\r\n- Pose de trois pannes de bois, en F, afin de fixer les futures cloisons, une de 2m50  et trois de 1m75 fixées sur les traverses du bâti bois, par équerres métalliques et VBA.\r\n- Pose de l\'ossature métallique pour la cloison de face, en rails R48 et montants M48, en 1m75 x 2m50 côtes finies.\r\n- Pose d\'une plaque et demi de placoplâtre maintenue par des vis placo TF, en respectant un espace d\'un centimètre au sol.\r\n- Pose de l\'ossature métallique de la cloison de gauche, en rails R48 et montants M48, 1m50 x 2m50 côtes finies, plus un sabot de 14cm (suite à une erreur de mesure)sur le rail du bas en vue de la pose d\'un bloc-porte.\r\n- Pose d\'une plaque de placoplâtre.\r\n- Nettoyage du chantier et tri des déchets. ','Il reste les 90 cm de la cloison de gauche, à savoir terminer l\'ossature métallique afin d\'avoir une longueur totale de 2m40.\r\nChantier arrêté pour le moment dans l\'attente de la réception du bloc-porte, afin d\'avoir les mesures définitives',NULL,1,1,32,'2021-06-08 19:30:47','2021-06-14 16:21:34'),(25,'2021-06-08','2021-06-08 08:00:00','2021-06-08 16:10:00','05:00:00','Réalisation d\'une cloison en L en plaques de plâtre sur ossature métallique avec bloc porte. \r\nRespect de l\'équerrage.\r\nTraçage au sol à l\'aide de l\'équerre de maçon et report au plafond.\r\nPose des rails et des montants en vérifiant dimensions et niveau(+ retour pour bloc porte).\r\nPose des plaques de plâtre.\r\nNettoyage.\r\n','Pose du bloc porte.',NULL,1,1,35,'2021-06-09 08:34:50','2021-06-15 15:45:15'),(26,'2021-06-08','2021-06-07 15:20:00','2021-06-07 16:05:00','05:00:00','Jour 1 : Réalisation d\'une paroi en plaque de placoplâtre sur ossature métallique et pose du premier rail d\'angle au sol\r\nJour 2 : Démontage du rail posé au sol la veille et modification de la longueur de la première paroi suite à une erreur de dimension.\r\npose des rails et des montants de la première partie de la seconde paroi en angle de 90° avec la première ainsi que la pose de la première plaque de placoplâtre.','Manque : pose de la porte et finition de la seconde paroi avec la pose de la seconde partie des rails au sol et la conception de l\'impost de la porte.',NULL,1,1,37,'2021-06-09 08:47:56','2021-06-09 16:02:47'),(28,'2021-06-02','2021-06-11 11:02:00','2021-06-24 11:02:00','00:30:00','sds65\r\n','',NULL,3,1,40,'2021-06-09 11:02:14','2021-09-28 16:30:16'),(29,'2021-06-10','2021-06-10 08:30:00','2021-06-10 11:00:00','02:30:00','Découpe de cornières pour renforcement meuble déchet cantine (détérioration avancé).\r\nMise en place de 5 cornières dans les angles intérieur du meuble.\r\nCollage au silicone des petits supports métalliques niveau plateau repas. ','Récupération des roulettes du meubles pour pose sur le nouveau de remplacement.',NULL,4,3,42,'2021-06-10 11:20:57','2021-06-10 13:18:40'),(30,'2021-06-10','2021-06-07 00:00:00','2021-06-07 00:00:00','02:30:00','Le meuble est en fort mauvais état : affaissement et écartement des parois.\r\nAprès délimitation d\'un périmètre de sécurité :\r\n- Renforcement de ces dernières par vissage d\'une équerre métallique (cornière galvanisée)sur la longueur totale du meuble, en pose par l\'intérieur.\r\n- Renforcement des côtés par vissage d\'équerres métalliques (cornière galvanisée) sur la totalité de la largeur en haut comme en bas\r\n- Nettoyage de la zone de travail','',NULL,4,3,41,'2021-06-10 11:22:07','2021-06-10 11:23:14'),(31,'2021-06-10','2021-06-10 08:30:00','2021-06-10 11:00:00','02:30:00','Afin de consolider la structure du meuble de désserte du restaurant nous avons posé dans les angles intérieurs 5 barres de cornière en métal galvanisé.\r\nChaque barre à pour rôle de solidifier et de permettre a la structure de maintenir sa fonction pour un laps de temps cependant limité. (Suite au constat de l\'état général de la structure, un changement de désserte est conseillé)','',NULL,4,3,44,'2021-06-10 11:24:24','2021-06-10 11:24:32'),(32,'2021-06-10','2021-06-07 15:20:00','2021-06-07 00:00:00','00:30:00','Après avoir retiré le précédent panneau, Prise de côtes et pose de chevilles à béton (8), fixation du tableau au mur.','',NULL,1,1,43,'2021-06-10 14:12:30','2021-06-10 14:12:59'),(33,'2021-06-10','2021-06-10 13:30:00','2021-06-10 14:00:00','00:30:00','Mise en place tableau atelier.\r\nTraçage et perçage de l\'emplacement puis fixation.','',NULL,1,1,39,'2021-06-10 14:15:07','2021-06-10 14:16:44'),(34,'2021-06-10','2021-06-10 08:30:00','2021-06-10 11:00:00','02:30:00','Mise en place de 5 cornier metallique,pour renforcement d\'un meuble de trie et posse plateau (cantine).','',NULL,4,3,45,'2021-06-10 14:19:43','2021-06-10 14:19:51'),(35,'2021-06-10','2021-06-10 13:30:00','2021-06-10 14:00:00','00:30:00','Enleve le tableau exsistante,musure le nouveau tableau,trace avec le crayon pour percer les trous et posser le tableau.\r\nTravail realise sans probleme.','',NULL,1,1,46,'2021-06-10 14:42:39','2021-06-10 14:42:51'),(36,'2021-06-10','2021-06-07 15:20:00','2021-06-07 00:00:00','00:30:00','Remplacement du tableau blanc du bâtiment 16 (côté soudeur) par un plus grand\r\n- Dépose de l\'ancien tableau\r\n- Traçage au mur des points de fixations du nouveau\r\n- Pose du nouveau tableau par chevilles et vis adaptées\r\n- Nettoyage du chantier','',NULL,1,1,38,'2021-06-10 14:48:19','2021-06-10 14:48:34'),(37,'2021-06-14','2021-06-14 09:30:00','2021-06-14 15:00:00','05:00:00','Réalisation d\'une cloison de distribution en plaques de plâtre sur ossature métallique. Cloison en L avec bloc porte.','Pose et réalisation du bloc porte.',NULL,1,1,47,'2021-06-14 14:20:08','2021-06-14 14:30:41'),(38,'2021-06-14','2021-06-07 15:20:00','2021-06-07 15:00:00','05:00:00','installation des cloisons en plaques de plâtre sur rails et montants, Pose de rails sur les dormants afin de créer une paroi de 175 cm, un angle de 90° ainsi qu\'une seconde paroi de 150cm au sol se terminant par un sabot afin de prévoir la pose d\'une porte.','installation de la porte et finition de la seconde paroi',NULL,1,1,48,'2021-06-14 14:29:01','2021-06-14 14:34:27'),(39,'2021-06-07','2021-06-07 08:05:00','2021-06-07 16:05:00','05:00:00','Nous (avec Thierry) avons faite le tracage ( sol et plafond ) pour poser le rail R48 en dimentions (175x2 en face et 156 sol,240plafond gauche)tous le 60cm,avec l\'aide de laser.\r\nApres le fixation de rail R48 avec le cheville a fraper (Diam 6) au sol et vis a bois plafond,ont a pose le montant M48 en double tous le 60cm et fixe entre avec les vises autoperceuse,tout le 50cm.\r\nMontant fixe ont a couper 1cm le PP,apres pose et fixe avec de vise de PP tout le 30cm.','Reste a poser une partie de PP,pour le raison des mesure de la bloque porte.\r\nTravail realise bien respectant les criteres demandé.\r\n\r\n\r\nPS : J\'espere que le description est bien detaille comme tu le veux,(ne regarde pas trop les fautes d\'orthographe). ',NULL,1,1,49,'2021-06-14 16:29:19','2021-06-14 18:58:51'),(40,'2021-06-14','2021-06-14 01:00:00','2021-06-14 17:00:00','00:10:00','pmop','',NULL,1,1,54,'2021-06-14 17:01:21','2021-09-09 15:00:58'),(41,'2021-06-15','2021-06-07 08:05:00','2021-06-07 13:00:00','05:00:00','Création d\'une poutre ainsi qu\'une retombée en ossature métallique avec pose de plaques de plâtre.\r\n(erreur de côte pour les dimensions, suite à confirmation par le responsable, côtes maintenues tel quelles)\r\nangle de 90°entre la poutre et la retombée respecté.','',NULL,1,1,53,'2021-06-15 10:58:33','2021-06-15 11:01:45'),(42,'2021-06-15','2021-06-15 08:30:00','2021-06-15 15:00:00','05:00:00','Réalisation d\'une retombée et d\'une cloison de séparation en plaque de plâtre sur ossature métallique.\r\nTraçage de l\'emplacement des rails(d\'abord au sol puis au plafond).\r\nMise en place de ces mêmes rails avec perfo et chevilles pour le sol et vis à placo pour le plafond.\r\nDécoupe des montants pour réalisation de la retombée de 20 cm et mise en place avec sertisseuse et visseuse.\r\nDécoupe des plaques de plâtres et mise en place.\r\nPositionnement un peu difficile car cabine pas tout à fait d\'équerre ainsi que la charpente pas très droite.\r\n','Fin de réalisation des cabines (plafond et finition).',NULL,1,1,52,'2021-06-15 15:31:32','2021-06-15 15:52:48'),(43,'2021-06-15','2021-06-15 08:30:00','2021-06-15 15:00:00','05:00:00','Le realisation de retombee et de la cloison de separation en PP sur ossature methalique et derule comme suivant:\r\nMarcage ou sol et sur le poutre plafond a l\'aide d\'un laser et fixe les Rail R48 en dimentions (sol 28.7cm et 175cm x2 \r\n au plafond).\r\nLes Rails pose,j\'ai pose les Montants sur le cloison en 230cm x2 et plafond 19.5 x6.\r\nles ossatures pose et sertie,j\'ai musures les dimentions pour poser les PP,un fois musures et couper je l\'ai fixe sur ossature methalique avec les vis a placo.\r\nFin du travail,ramasser les outils que j\'ai travaille et nettoyer le place du travail.\r\nLe travail est bien derule,sauf ( en peux de difficulte au debut.)','Realisation de la cabine en cour.',NULL,1,1,50,'2021-06-15 15:49:55','2021-06-16 12:14:53'),(44,'2021-06-15','2021-06-15 08:05:00','2021-06-15 16:00:00','05:00:00','Réalisation en plaques de plâtre d\'une retombée de 1m75 x 0m20 côtes finies et d\'une cloison de séparation, côté droit, de 0m30 x 2m30 côtes fines sur ossature métallique dans la cabine numéro 3.\r\n- Délimitation d\'une zone de sécurité sur toute la longueur des cabine\r\n- Pose de l\'ossature métallique de la retombée sous la panne en rails R48 et montants M48 de 1m7387 x 0m1877 \r\n- Pose de l\'ossature métallique de la cloison de droite en rails R48 et montants M48 de 0m287 x 2m3113\r\n- Pose de plaque de plâtre sur l\'ensemble de l\'ossature métallique maintenue par des vis à placo TF\r\n- Nettoyage du chantier et tri des déchets','',NULL,1,1,51,'2021-06-15 18:41:50','2021-06-15 18:42:07'),(45,'2021-06-16','2021-06-07 00:00:00','2021-06-07 13:00:00','04:00:00','Création d\'un faux plafond effectué à 240cm HSP, pose de rails sur le mur du fond de pièce et a son opposé, quatre rails positionnés à 60 cm du départ de droite en entrant, pose de la plaque de placoplatre (soucis lors de la pose car angle mal pris en côte, pose de map à prévoir avant la pose de bande).','',NULL,1,1,58,'2021-06-16 13:27:04','2021-06-16 13:28:02'),(46,'2021-06-16','2021-06-16 08:30:00','2021-06-16 14:00:00','05:00:00','Pose d\'un plafond en plaque de plâtre sur ossature métallique.\r\nTraçage emplacement des rails par rapport à la cote de référence (1m du sol).\r\nA l\'aide du niveau laser, report des cotes à 1.40 m par rapport au trait d\'emprunt.\r\nPose des rails et des montants puis fixation plaque de plâtre.\r\nPetit problème lors de la pose de la plaque, cabine pas tout à fait d\'équerre et casse de la plaque dans un coin( Map à prévoir).','finition',NULL,1,1,57,'2021-06-16 14:21:02','2021-06-16 14:32:32'),(47,'2021-06-16','2021-06-16 09:00:00','2021-06-16 14:00:00','05:00:00','Travail réalise bien sans souci particulier,sauf le montage de plaque que j\'avais besoin a l\'aide d\'un collègue.\r\nTravail réalise comme suivant: Installer le niveau a laser sur le pied a laser,et marque les traces avec le niveau de maçon pour le dimension demande,puis couper les rails en 175 x2 et fixe avec les vis a placo 35.Rails fixe,j\'ai mesure le dimension pour couper les montant,le dimension des montant sont 106.5 x4,montant pose et sertie.\r\nTous les ossature poser j\'ai mesure les cotes pour couper le PP,fois mesure et coupe le PP,je l\'ai fixe a l\'aide d\'un collègue avec les vis a PP 25.\r\nFin du travail,ramassage des outils et nettoyage de l\'espace travaille. ','',NULL,1,1,55,'2021-06-16 14:26:17','2021-06-16 14:29:35'),(48,'2021-06-16','2021-06-16 08:30:00','2021-06-16 13:30:00','04:00:00','Réalisation d\'un plafond en plaque de plâtre sur ossature métallique de 1m77 x 1m10 côtes finies\r\n- Balisage d\'une zone de sécurité\r\n- Pose de l\'ossature métallique avec rails R48 sur murs portants et montant M48\r\n- Contrôle des angles\r\n- Pose de la plaque de plâtre maintenue par vis Placo TF\r\n- Contrôle de la l\'horizontalité\r\n- Nettoyage et tri des déchets','',NULL,1,1,56,'2021-06-16 14:57:12','2021-06-16 15:00:13'),(49,'2021-06-17','2021-06-17 09:30:00','2021-06-17 11:30:00','02:00:00','Construction d\'une gaine technique en plaque de plâtre sur ossature métallique est déroule comme suivant:\r\nJ\'ai regarder le fiche d\'intervention donne,je l\'ai lis et âpres j\'ai préparer le outils que je besoin pour cette intervention,puis balisage de zone de travaille.\r\nJ\'ai fait les traces d\'emplacement pour fixe les rails en dimension donner par le formateur.\r\nUn fois trace,j\'ai couper les rails en 25.5cm x2 et 13.7 x2,un fois couper je l\'ai fixe avec les cheville a frapper en diam 6.Un fois poser les rails R48,j\'ai mesure les montante M48 en 240 x4,et deux montant je l\'ai fixe sur le placo avec le cheville à expansion en trois place (bas,milieu et haut). Les montants poser fixe et sertie j\'ai coupe le PP en dimension demande puis fixe sur les montant avec les vis a PP 25.\r\n\r\nPS: En raison d\'un urgence familial,je ne pouvais pas le terminer l\'intervention donner par le formateur.\r\n','Me reste pour poser l\'autre partie de PP.',NULL,1,1,59,'2021-06-17 09:11:50','2021-06-17 18:39:04'),(50,'2021-06-17','2021-06-17 09:00:00','2021-06-17 14:00:00','05:00:00','Construction d\'une gaine technique en plaque de plâtre sur ossature métallique.\r\nTraçage de l\'emplacement des rails pour des dimensions finies de 30 x 15 cm.\r\nFixation rails au sol avec chevilles à frapper et au plafond avec 2 chevilles à expansion.\r\nDécoupe des montants et fixation.\r\nDécoupe plaque de plâtre et fixation.\r\n\r\nRemarque: Mieux équilibrer la longueur des rails pour fixation plus simple.','Finition. ',NULL,1,1,61,'2021-06-17 14:10:10','2021-06-17 14:25:15'),(51,'2021-06-17','2021-06-07 09:00:00','2021-06-07 15:00:00','05:00:00','installation de la gaine complétée : \r\n1) Pose des morceaux de rails au sol et au plafond (utilisation de chevilles molies)\r\n2) Pose des 4 montants (utilisation de chevilles molies)\r\n3) Pose de 2 plaques de placoplâtre en position sur les montants\r\nRésultat final correct, petit dénivelé de l\'une des plaques de placoplâtre malgré le bon positionnement sur les rails, a corriger au map.','',NULL,1,1,62,'2021-06-17 14:19:07','2021-06-17 14:24:25'),(52,'2021-06-17','2021-06-17 11:00:00','2021-06-17 14:00:00','02:00:00','Construction d\'une gaine technique de 0m30 x 0m15x 2m40 en plaque de plâtre sur ossature métallique dans la cabine numéro 8.\r\n- Délimitation d\'une zone de sécurité\r\n- Pose de l\'ossature métallique de 0m15 x 2m40 contre le mur de droite en rails R48 et montants M48 \r\n- pose de l\'ossature métallique de 0m30 x 2m40 contre le mur du fond en rails R48 et montants M48\r\n- Les deux ossatures sont fixées au sol par des chevilles à frapper et aux murs ainsi qu\'au plafond par des chevilles métalliques à expansion plus vis type Molly de 4 x 35 mm et jointes ensembles par des vis autoperceuses\r\n- Pose d\'une plaque de plâtre de 0m15 x 2m40 fixée par vis Placo TF\r\n- Pose d\'une plaque de plâtre de 0m30 x 2m40 fixée par vis Placo TF\r\n- Nettoyage et tri des déchets','',NULL,1,1,60,'2021-06-17 20:10:58','2021-06-17 20:14:47'),(53,'2021-06-18','2021-06-18 08:30:00','2021-06-18 11:30:00','03:00:00','Réalisation en plaques de plâtre, d\'une retombée de 1m75 x 0m20 côtes finies sur ossature métallique dans la cabine numéro 2\r\n- Délimitation d\'une zone de sécurité sur toute la longueur des cabines\r\n- Pose d\'une panne de 1m75 perpendiculairement à la cloison de droite, maintenue par vissage et équerres métalliques afin de fixer la retombée\r\n- Pose de l\'ossature métallique de la retombée sous la panne en rails R48 et montants M48 de 1m737 x 0m187 \r\n- Pose de plaques de plâtre sur l\'ensemble de l\'ossature métallique, deux de 1m75 x 0m20 et une de 1m75 x 0m050, maintenue par des vis à placo TF\r\n- Nettoyage du chantier et tri des déchets\r\n\r\nNota bene : Un collègue ayant pris la cabine 3, je suis passé sur la 2','',NULL,1,1,64,'2021-06-18 13:59:50','2021-06-18 14:19:22'),(54,'2021-06-18','2021-06-18 09:00:00','2021-06-21 11:20:00','04:00:00','Apres le Briefing avec le demandeur,je lis le fiche et je préparer le matériel que j\'ai besoin pour finir le travail demander.\r\nLe travail et dérouler comme suivant: Avec un niveau a laser je tracer le (poutre) plafond le partie ou je doit poser le Rail R48 en dimension 175cm.Je couper de rail R48 X 2 en 175cm.\r\nUn fois le rail fixe sur le poutre avec le vis a bois,je préparer les montant en coupant en 18.7 x6 et je l\'ai sertie sur le rail,et a la fin j\'ai poser le Rail en bas et sertie sur les montant.\r\nTous les ossatures monter et fixe je couper le PP en dimension demander et fixe sur le ossature avec le vis a PP.\r\n','Travail de cabine en cour d’amélioration.',NULL,1,1,63,'2021-06-21 11:23:19','2021-06-21 13:10:16'),(55,'2021-06-21','2021-06-21 09:00:00','2021-06-21 13:00:00','04:00:00','Installation de la poutre en armature métallique et plaque de placoplâtre effectuée avec succès.\r\nAfin de profiter des chutes de placoplâtre les deux côtes ont été effectues avec une longueur de 168cm et un ajout d\'une longueur de 7cm Pour une longueur totale de 175 cm x 20cm de hauteur','',NULL,1,1,66,'2021-06-21 12:59:01','2021-06-21 13:00:42'),(56,'2021-06-21','2021-06-21 09:30:00','2021-06-21 13:30:00','04:00:00','Réalisation d\'une retombée de 20 cm et largeur 1.75 ml.\r\nDécoupe des rails et fixation, vis au plafond et sertissage avec montants pour le rail inférieur.\r\nPositionnement des montants et sertissage.\r\nDécoupe des plaques de plâtre et fixation. ','Finition.',NULL,1,1,65,'2021-06-21 13:30:13','2021-06-21 13:35:12'),(57,'2021-06-21','2021-06-22 08:30:00','2021-06-22 10:30:00','02:00:00','Apres la démonstration de formateur pour la préparation de l\'enduit,j\'ai commencer a préparer l\'enduit  pour faire les bandes.\r\nPremier temps j\'ai applique l\'enduit sur les joint et les angles suit j\'ai poser les bandes,un fois les bandes poses je re appliquer l\'enduit.\r\nLe lendemain j\'ai poncer les bandes travailler avec le papier de verre en 120 et aussi je paser l\'enduit de finition.\r\nTravail tres satisfaisant.','',NULL,1,1,67,'2021-06-22 15:28:41','2021-06-23 11:01:46'),(58,'2021-06-22','2021-06-22 09:00:00','2021-06-22 15:00:00','05:00:00','Après sécurisation de la zone de travail, réalisation de bandes de calicot : plate, rentrante, sortante.\r\nPréparation de l\'enduit et dépoussiérage des parois\r\n- Pour la plate et la rentrante (cueillie)\r\n  - garnissage du joint\r\n  - pose de la bande\r\n  - collage, serrage et recouvrement de cette dernière\r\n- Pour la sortante (saillie)\r\n  - application d\'enduit sur chaque côté de l\'angle\r\n  - pose de la bande armée\r\n  - serrage et recouvrement de cette dernière\r\nAprès séchage, ponçage léger puis application d\'une seconde passe puis couche de finition couche de finition\r\n- Recouvrement des têtes de vis en deux passes\r\nNettoyage du chantier et tri des déchets','',NULL,1,1,68,'2021-06-23 11:07:54','2021-06-23 22:25:43'),(59,'2021-06-23','2021-06-23 08:00:00','2021-06-23 13:00:00','05:00:00','Pôse de 5 bandes de plaques de platre (3 entrantes, une sortante, une plate) difficulté posée sur l\'angle sortant à cause d\'un écart de 4 mm arrangé en premier lieu a l\'enduit, puis, suite au conseil du formateur, l\'enduit à été remplacé par du map.\r\nLes 5 bandes ont été posés puis recouvertes de deux couches d\'enduit et sont en attente de séchage pour ponçage.\r\nles têtes de vis apparentes ont été pour leur part enduite et sont en attente de séchage pour ponçage.','Ponçage pour finition',NULL,1,1,70,'2021-06-23 12:35:02','2021-06-23 12:45:41'),(60,'2021-06-23','2021-06-23 08:20:00','2021-06-23 13:00:00','05:00:00','Pose de bandes à plaques de plâtre.\r\nApplication d\'enduit et positionnement de la bande puis serrage de celle-ci.\r\nApplication de map pour récupération des défauts.\r\nPonçage et application d\'une 2eme passe d\'enduit.  ','Ponçage de finition.',NULL,2,1,69,'2021-06-23 12:37:38','2021-06-23 12:43:17'),(61,'2021-06-24','2021-06-24 10:00:00','2021-06-24 15:00:00','04:00:00','Pose du plafond technique réalisée avec succès a 240cm du sol, pose d\'une cornière sur trois faces (quatrième en attente), découpe de deux rails porteurs de 175 fixés à l\'aide de deux suspentes à coulisses, pose de 3 entretoises centrales et de six entretoises coupés latérales et  finalement pose des dalles de plafond acoustique dans les espaces prévus.','',NULL,1,1,74,'2021-06-24 16:16:33','2021-06-24 16:25:37'),(62,'2021-06-24','2021-06-24 11:00:00','2021-06-14 16:10:00','05:00:00','Réalisation d\'un plafond technique en dalle de 60 x 60 cm.\r\nTraçage de l\'emplacement des cornières à 2.40 m du sol même niveau que le plafond en plaques de plâtre.\r\nFixation des cornières de rive avec chevilles placo et vis.\r\nFixation des suspentes et mise en place des porteurs.\r\nDécoupe des entretoises et mise en place.\r\nDécoupe des dalles de plafond technique et mise en place.','Nettoyage.',NULL,1,1,73,'2021-06-24 16:18:33','2021-06-24 16:34:51'),(63,'2021-06-24','2021-06-24 13:30:00','2021-06-25 11:00:00','05:00:00','Apres briefing avec le formateur et aussi apprentissage de technique  comment poser et installer un plafond en dalles de 60x60 cm.\r\nAvant commencer le travail,j\'ai sécurise la zone du travail avec ruban de signalisation.\r\nA l\'aide du laser j\'ai commence à tracer  l\'emplacement pour poser les corner de rive.\r\nApres le traçage j\'ai fixe les corniers avec le vise a bois.\r\nPuis j\'ai pris une poutre a fixe avec les équerre  pour que je puis installer les suspende pour fixer les porteurs.\r\nTous l\'ossature métallique installer et fixe en dimension demander par le demandeur,je couper les dalles avec le cutter et poser sans trace.\r\nA la fin du travail j\'ai commencer a collecte et netoyer les outils utiliser pour le chantier,puis nettoyer lieu de travail.','',NULL,2,1,71,'2021-06-28 11:00:07','2021-06-28 11:00:40'),(64,'2021-06-22','2021-06-22 09:00:00','2021-06-22 15:30:00','05:00:00','Réalisation d\'un plafond technique en dalles à bords francs de 60x60 cm de l\'entrée de la cabine jusqu\'à la retombé, soit 1m75 x 1m11 à 2m40 du sol afin de respecter la taille minimale du plénum.\r\n- Mise en place de la zone de sécurité\r\n- Pose d\'une panne de bois de 1m30 x 0m15 x 0m075 au dessus de l\'ossature bois de 1m75 maintenant la retombée, à 0m80 du mur droit, maintenue par équerre métallique et vissage par vis à bois\r\n- Réalisation du calepinage\r\n- Pose de trois cornières de rives :\r\n  - 1 fixée sur le mur droit en OSB par vis à placo TF\r\n  - 2 fixées sur la retombée en BA13 par cheville à expansion plus vis\r\n- Pose de deux demi-colliers vissés sur la panne par vis à bois\r\n- Pose de deux tiges filetées de 0m20 dans les demi-colliers maintenues par écrou et contre-écrou de 10mm\r\n- Pose de deux coulisseaux, un sur chaque tige filetée, maintenus par écrou et contre-écrou de 10mm\r\n- Pose de deux profilés porteurs en T de 24mm (en conservant les lumière-feux) par insertion dans les coulisseaux et reposant sur la cornière de rive du mur de droite\r\n- Pose de trois entretoises de 0m60 et six de 0m245\r\n- Lavage des mains\r\n- Découpes et pose des dalles\r\n  - 2 de 0m60 x 0m60\r\n  - 4 de 0m60 x 0m245\r\n  - 2 de 0m60 x 0m275\r\n  - 4 de 0m275 x 0m245\r\n- Nettoyage des parties visibles sur cornières, porteurs et entretoises\r\n- Nettoyage du chantier et tri des déchets\r\n','',NULL,1,1,72,'2021-06-28 15:08:02','2021-06-28 15:25:53'),(65,'2021-06-29','2021-06-29 08:30:00','2021-06-29 16:30:00','05:00:00','Traçage et prise de mesure pour implantation.\r\nUtilisation d\'un rail comme support de niveau et fixation avec vis à placo.\r\nRayure du placo pour meilleur adhérence de la colle (D2).\r\nApplication de la colle au mur à l\'aide d\'un platoir cranté (une passe coté lisse puis une seconde coté cranté (U6).\r\nPose des carreaux avec croisillons.\r\nPose des joints.','',NULL,2,1,78,'2021-06-29 15:02:28','2021-06-30 10:03:50'),(66,'2021-06-29','2021-06-29 09:00:00','2021-06-29 14:00:00','05:00:00','Travail réalisé come suivant:\r\nJ\'ai récupéré des fiches techniques comment poser du carrelage par le formateur,apres suit a compréhension des techniques,j\'ai préparer les outils pour commence le travail en bonne condition.\r\n1) J\'ai pris un ancien rail (pour un niveaux de base) et je le coupé en dimension demander.Puis avec un mettre j\'ai tracé l\'axe et l\'hauteur ou je doit commence à poser.\r\n2) J\'ai pris l\'adhesif amélioré D2,avec un spatule crantees U6 j\'ai posé l\'adhesif sur le plan de travail.\r\n3) Apres l\'adhesif posé,je commence a poser les carreaux de faïences et poser des crosillion joint 2mm entré chaque carreaux.\r\n4) Les carreaux de faïence poser,j\'ai préparer du mortier joint couleur blanc,et appliqué sur les joint des carreaux.\r\n5) Tous les étapes finies,j\'ai nettoyé les matériels de travail utilisé et aussi les carreaux de faïence.A la fin je nettoyé le lieux de travail comme chaque fin l\'intervention.\r\n\r\nPs : J\'espère que travail réalisé,va être aimé par le demander,car c\'est un première pour moi.\r\n','',NULL,2,1,76,'2021-06-29 15:46:31','2021-06-29 19:39:21'),(67,'2021-06-29','2021-06-29 08:00:00','2021-06-29 16:30:00','05:00:00','Pose de faïence exécutée avec succès.\r\n\r\n1 : Traçage des côtes sur le mur avec un départ à -35cm du mètre étalon\r\n2 : Fixation d\'un rail sur le mur pour servir de niveau de base\r\n3 : Dépôt de la colle de type D2 (résistante à l\'eau) sur le mur, étage par étage, puis dépôt des dalles de mosaïque espacées par des croisillons de 2mm\r\n4 : Après séchage de la colle, insertion grâce à la palette à joints du mortier à joints entre les dalles et sur le contour de celles-ci (finition au doigt et contour plat pour dépôt de silicone ultérieur).','',NULL,2,1,79,'2021-06-30 10:14:11','2021-06-30 10:15:37'),(68,'2021-06-30','2021-06-30 08:30:00','2021-06-30 16:30:00','05:00:00','Calepinage sur papier pour carreaux 30x30 cm.\r\nTraçage de la zone au sol et vérification de l\'équerrage et de la planéité.\r\nPréparation et nettoyage de la zone.\r\nPose à blanc des carreaux et découpe de ceux-ci.\r\nPréparation colle et application puis pose des carreaux, utilisation de croisillons de 4 mm.\r\nAprès séchage, découpe des plinthes et collage de celles-ci.\r\nRéalisation des joints plinthes et carreaux. \r\nNettoyage.','',NULL,2,1,83,'2021-06-30 15:44:21','2021-07-01 14:56:08'),(69,'2021-06-30','2021-06-30 12:30:00','2021-06-30 16:00:00','03:30:00','Travail déroulé comme suivant:\r\nBalisage de zone avant commencer le travail,puis gratter avec un spatule et balayé le sol pour avoir un sol propres et sans bosse.\r\nL\'espace du travail propre,j\'ai préparé mortier-colle normal C1 pour poser sur sol avant pose les carreaux a l\'aide d\'un malaxeur.\r\nUn fois le mortier colle prépare j\'ai commencer a pose la colle avec un platoir puis avec la spatule crantées U6.\r\nLe colle posé sur l\'espace de travail,j\'ai commencer a poser les carreaux en posent des croisillon en 4mm entre chaque carreaux.\r\nJ\'ai eux la coupe de carreaux a faire,et je l\'ai fait a l\'aide de carrelette et aussi avec un disqueuse a eaux carrelage.\r\nUn fois les carreaux poser j\'ai commencer de poser les plinthes en appliquant le même procedé de travail que la pose des carreaux.','',NULL,2,1,81,'2021-06-30 19:10:59','2021-07-01 12:39:02'),(70,'2021-06-30','2021-06-30 09:00:00','2021-06-30 15:30:00','05:00:00','Pose de carrelage au sol (par pose au carrément) dans l\'axe de la faïence murale et de plinthes à droite de la cabine 5 sur une surface de 1.56m2\r\n- Balisage de la zone de sécurité\r\n- Nettoyage dépoussiérage du sol\r\n- Vérification de la planéité\r\n- Réalisation d\'un calepinage après contrôle des angles\r\n- Réalisation des découpes\r\n- Préparation du mortier-colle\r\n- Encollage du sol et étirage au peigne de 6mm\r\n- Pose du carrelage en simple encollage\r\n- Contrôle de la planéité\r\n- Nettoyage des carreaux de céramique\r\n- Pose des plinthes dans l\'axe du carrelage\r\n- Jointoiement après séchage de la colle de pose du carrelage et des plinthes\r\n- Nettoyage de l\'ensemble posé\r\n- Nettoyage et tri des déchets\r\n\r\n','Nettoyage du carrelage et des plinthes des traces de jointoiement après séchage complet',NULL,1,1,82,'2021-06-30 23:07:45','2021-07-01 22:33:56'),(71,'2021-07-01','2021-07-01 08:30:00','2021-07-01 16:30:00','05:00:00','Pose de carrelage réalisée fond droit de cabine.\r\nPrise des côtes, vérification des sols (Planéité et stabilité impossible, tentative de rattrapage avec la colle) et des angles.\r\nPremier calepinage en pose sans colle afin d\'assurer une bonne découpe de chaque carreau de carrelage.\r\nÉlaboration et pose de la colle de type C1, pose des carreau avec croisillons de 4mm avec départ dans l\'angle, vérification des niveaux.\r\nAprès séchage, découpe et pose des plaintes en carrelage avec colle de type D2.\r\nAprès séchage, pose des joints larges (couleur beige), finition des joints avec chiffon humide et éponge.\r\n\r\n\r\nAprès séchage total, constat d\'une dalle de carrelage décollée, prévoir fiche d\'intervention pour réparation.\r\n ','',NULL,2,1,84,'2021-07-02 10:35:37','2021-07-02 10:45:57'),(72,'2021-06-28','2021-06-28 09:00:00','2021-06-28 15:30:00','05:00:00','Pose d\'un panneau de faïence sur le mur du fond de la cabine 5 de 0m79 x 0m80 avec un retour sur la colonne à droite de 0m20 x 0m80\r\n- Balisage de la zone de sécurité\r\n- Nettoyage et dépoussiérage du mur\r\n- Contrôle des angles et de la planéité\r\n- Réalisation d\'un calepinage\r\n- Préparation du support pour l\'adhérence (griffures en quadrillage au cutter)\r\n- réalisation d\'un support de pose à 0m65 du sol\r\n- Préparation du mortier colle\r\n- Application de la colle au mur avec passage au peigne de 6mm\r\n- Pose de la faïence après lavage de cette dernière\r\n- Contrôle de la planéité et des niveaux\r\n- Réalisation des joints de 2mm après séchage de la colle de pose\r\n- Nettoyage et tri des déchets ','',NULL,1,1,77,'2021-07-02 18:16:28','2021-07-02 19:01:34'),(73,'2021-07-05','2021-07-05 09:45:00','2021-07-05 14:30:00','04:40:00','Calepinage des dalles PVC.\r\nDécoupe et vérification implantation.\r\nNettoyage de la surface de pose.\r\nApplication colle et dalles.\r\nSerrage des dalles.\r\nNettoyage surplus de colle.','',NULL,2,1,88,'2021-07-05 15:19:38','2021-07-05 15:21:58'),(74,'2021-07-05','2021-07-05 13:30:00','2021-07-05 15:30:00','02:00:00','Pose de dalles PVC de 0m33 x 0m33 sur le fond de la cabine à gauche dans l\'alignement du carrelage\r\n- Balisage de la zone de sécurité\r\n- Nettoyage et préparation du sol\r\n- Contrôle des angles\r\n- Réalisation d\'un calepinage\r\n- Traçage de l\'implantation\r\n- Traçage du tapis\r\n- Découpe des dalles de bordure\r\n- Encollage du sol à la spatule crantée type A2\r\n- Pose des dalles PVC après gommage de la colle\r\n- Marouflage de l\'ensemble du revêtement\r\n- Nettoyage des éventuelles traces de colle\r\n-Nettoyage du chantier et tri des déchets\r\n\r\n','',NULL,1,1,87,'2021-07-05 20:39:16','2021-07-05 20:57:47'),(75,'2021-07-06','2021-07-06 09:00:00','2021-07-06 14:00:00','05:00:00','Mise en peinture d\'impression de l\'ensemble des parois en plaque de plâtre de la cabine n°5\r\n- Balisage de la zone de travail\r\n- Epoussetage et nettoyage des murs\r\n- Dépoussiérage de la cabine\r\n\r\nAprès la mise en place de la bâche pour la protection du sol\r\n- Rechampissage des angles\r\n- Mise en peinture des parois en plaque de plâtre avec une couche d\'impression \r\n - impression, peinture impression acrylique Trimetal Rollprim \r\n- Nettoyage des éventuelles traces de peintures sur les plinthes, la paroi en OSB ou la faïence murale\r\n- Nettoyage des outils\r\n- Nettoyage de la zone de travail\r\n','Il reste à faire la couche intermédiaire et celle de finition avec de la peinture plafond acrylique mat Trimetal Rollatex mat',NULL,1,1,91,'2021-07-05 21:17:00','2021-07-13 20:32:23'),(76,'2021-07-07','2021-07-07 08:30:00','2021-07-07 15:30:00','05:00:00','Préparation par ponçage et nettoyage des surfaces à peindre, préparation du matériel (brosse, pinceau, rouleau, seau, peinture, etc...)\r\n\r\nMise en peinture en commençant par les bordures et les angles a la brosse, puis passage au rouleau sur toutes les surfaces (première expérience, j\'ai moi même commencé par l\'intérieur des murs, après une remarque et réflexion faite j\'aurais du commencer par faire toutes les bordures et ensuite par le plafond).','Manque du rouleau à peinture dans les outils magasin.',NULL,2,1,93,'2021-07-07 15:19:32','2021-07-07 15:25:03'),(77,'2021-07-06','2021-07-06 08:30:00','2021-07-06 10:30:00','02:00:00','Pose découpe et collage d\'environ 10 dalles de PVC réussie, \r\n\r\n1) Calepinage au sol sans colle afin de vérifier les angles et préparer les différentes coupes.\r\n2) Découpe des dalles selon les besoins et vérification au sol sans colle.\r\n3) Préparation de la colle (Dans ce cas nous avons utilisé de la colle à toile de verre)\r\n4) Encollage grâce à une spatule peigne de 2mm\r\n5) Collage des dalles de PVC\r\n6) Nettoyage','Je ne suis pas sûr de l’appellation pour la spatule a maroufler..',NULL,2,1,94,'2021-07-07 15:30:28','2021-07-07 15:37:02'),(78,'2021-07-08','2021-07-08 08:30:00','2021-07-08 12:00:00','05:00:00','Pose de protections au sol, délimitation de la zone de travail.\r\nVérification surface à peindre.\r\nPréparation de la peinture (malaxage).\r\nApplication peinture (impression) dans les angles avec la brosse à réchampir.\r\nApplication peinture (impression) sur le reste des parois avec manchon à peinture.\r\nNettoyage.','',NULL,2,1,92,'2021-07-08 11:07:22','2021-07-08 11:16:54'),(79,'2021-07-07','2021-07-07 08:30:00','2021-07-07 16:30:00','05:00:00','Premier ponçage du tableau.\r\nApplication couche enduit.\r\nPonçage enduit et application d\'une seconde couche d\'enduit (rattrapage défaut de planéité).\r\nPonçage final et application de 2 couches de peinture.\r\nNettoyage.','Contact demandeur pour restitution.',NULL,4,3,96,'2021-07-08 11:25:17','2021-07-08 11:33:22'),(80,'2021-07-07','2021-07-07 09:00:00','2021-07-08 09:00:00','05:00:00','Ratissage à l\'enduit et mise en peinture d\'une maquette pédagogique pour la formation TEAB.\r\nLa maquette étant dans un mauvaise état avec des réparations sommaires et des traits de marqueur, il a fallu :\r\n- Enlever toutes les traces de scotch\r\n- Gratter le surplus de mortier adhésif pour plaque de plâtre\r\n- Eliminer les résidus de bois dus aux différents perçages\r\n- Poncer l\'ensemble de la maquette\r\n- Dépoussiérer l\'ensemble\r\n- Reboucher de toutes les imperfections à l\'enduit\r\n- Poncer\r\n- Passer une seconde couche d\'enduit\r\n- Poncer \r\n- Dépoussiérer\r\n- Laver à l\'eau claire\r\n- Passer une première couche de peinture\r\n- Poncer légèrement\r\n- Passer une seconde couche de peinture\r\n- Poncer légèrement\r\n- Passer une troisième couche de peinture car les traits de marqueur étaient encore visibles\r\n- Contacter les stagiaires de la formation TEAB, qui ont validé le travail effectué\r\n','',NULL,1,1,95,'2021-07-08 19:51:13','2021-07-08 20:26:21'),(81,'2021-07-08','2021-07-08 09:00:00','2021-07-08 16:30:00','05:00:00','Mise en peinture d\'impression du plafond en plaque de plâtre de la cabine n°8\r\n\r\n- Balisage de la zone de travail\r\n- Epoussetage et nettoyage du plafond\r\n- Dépoussiérage de la cabine\r\n\r\nAprès la mise en place de la bâche pour la protection du sol\r\n- Rechampissage des angles\r\n- Mise en peinture du plafond en plaque de plâtre en trois couches impression, intermédiaire et finition \r\n  - impression, peinture impression acrylique Trimetal Rollprim \r\n  - intermédiaire et finition, peinture plafond acrylique mat Trimetal Rollatex mat\r\n- Nettoyage des éventuelles traces de peintures sur les murs, plinthes ou la faïence murale\r\n- Nettoyage des outils\r\n','',NULL,1,1,100,'2021-07-08 20:50:59','2021-07-09 14:21:58'),(82,'2021-07-08','2021-07-08 14:00:00','2021-07-08 16:00:00','02:00:00','Mise en place protection sol et balisage.\r\nApplication peinture au plafond avec manchon.\r\nNettoyage.','',NULL,2,1,101,'2021-07-09 11:35:01','2021-07-09 11:35:51'),(83,'2021-07-12','2021-07-12 11:00:00','2021-07-12 15:00:00','02:30:00','Peinture posée sur plafond de la cabine : \r\n1) Préparation des outils (Rouleau, brosse, seau, etc...) et protection du sol et des alentours de la zone à peindre.\r\n2) Après mélange de la peinture, pose du réchampi sur tout les côtés du plafond (Dans mon cas, cette première couche pouvais être trop mince sur certains endroits, veiller à être généreux...).\r\n3) Passage du rouleau de manière généreuse (grasse, comme le dirais un certain Franck... ;) en passant le plus proche du mur possible pour couvrir le rechampi (erreur de type de peinture dans ce cas car j\'ai utilisé de la satinée au lieu de la peinture mat).\r\n4) Nettoyage des outils, rangement du matériel, protection de la zone.','',NULL,2,1,102,'2021-07-12 16:20:06','2021-07-12 16:22:40'),(84,'2021-07-13','2021-07-13 11:00:00','2021-07-13 12:00:00','01:00:00','Pose du cadre effectuée : \r\n\r\n1) Prise des côtes à l\'aide du niveau laser, du mètre ruban et du niveau à bulle.\r\n2) Découpe des baguettes à l\'aide de la scie à onglet \r\n3) Après vérification au sol, fixation sur le mur à la colle.','',NULL,2,1,111,'2021-07-13 13:23:27','2021-07-13 13:25:11'),(85,'2021-07-13','2021-07-13 08:30:00','2021-07-13 12:00:00','03:30:00','Mise en place protection pour le sol.\r\nDécoupe de la toile de verre.\r\nApplication colle.\r\nPose de la toile de verre et découpe pour les angles.\r\nNettoyage surplus de colle.','',NULL,2,1,106,'2021-07-13 13:25:29','2021-07-13 13:27:56'),(86,'2021-07-12','2021-07-12 16:00:00','2021-07-12 16:30:00','00:30:00','Avant commencer de posser les dalles en PVC,j\'ai nettoyer le sol puis je pris le colle a dalle pour aplique sur le plan de travaille.\r\nApres le colle apliquer j\'ai posser les dalles l\'un apres l\'autre,puis je fais des coupes et posser.','',NULL,2,1,86,'2021-07-13 13:35:57','2021-07-13 13:37:12'),(87,'2021-07-13','2021-07-13 08:30:00','2021-07-13 10:00:00','01:30:00','Pose de toile de verre effectuée : \r\n\r\n1) Prise des côtes et mesures\r\n2) Découpe du les de toile de verre à la dimension du mur + 10 cm\r\n3) encollage au pinceau puis au rouleau sur les deux premiers angles\r\n4) dépose du les, marouflage et découpe à 2cm de l\'angle sortant\r\n5) Dépose du les en superposition de la première découpe (env 2cm) et marouflage sur le second angle puis découpe\r\n6) encollage des dernières parties à l\'aide du niveau laser \r\n7) dépose des deux les, marouflage et découpe\r\n8) finition à l\'aide d\'une éponge humide\r\n','',NULL,2,1,107,'2021-07-13 13:38:21','2021-07-13 13:43:45'),(88,'2021-07-12','2021-07-12 13:30:00','2021-07-12 14:00:00','00:30:00','Apres la peinture d\'impression applique et séché sur tout l\'espace de travaille,j\'ai recommencer a rechampir avec le brosse a rechampir le peinture MAT sur plafond,puis applique la peinture MAT sur le tout surface de plafond avec le manchon polyamide.Apres le travaille j\'ai nettoyer le brosse et aussi le manchon polyamide au fontaine de nettoyage.','',NULL,2,1,99,'2021-07-13 13:49:43','2021-07-13 14:02:46'),(89,'2021-07-13','2021-07-13 12:00:00','2021-07-13 13:45:00','00:30:00','Prise de mesure et traçage.\r\nDécoupe baguette avec angle à 45°pour formation cadre.\r\nCollage.','',NULL,2,1,110,'2021-07-13 13:58:44','2021-07-13 14:02:12'),(90,'2021-07-12','2021-07-13 09:30:00','2021-07-15 15:00:00','05:00:00','Je prépare le matériel de travaille pour faire la peinture (peinture,colorant,brosse a rechampir,rouleau a peinture,seau pour préparer la peinture colorie).\r\nApres de vérification de l\'espace de travaille s\'il aurais besoin de ponçage a refaire,j\'ai commencer a faire le rechampir avec le brosse a rechampir,puis avec le rouleau je fini la peinture.\r\nUn fois la premier couche de la peinture faite,le lendemain j\'ai recommencer la deuxième couche de la totalité de la cabine.\r\nun fois peinture finir j\'ai nettoyer le brosse aussi le rouleau a lavage fontaine,puis je nettoyer l\'espace de travail.','',NULL,2,1,116,'2021-07-13 14:04:42','2021-07-16 09:51:46'),(91,'2021-07-12','2021-07-12 10:00:00','2021-07-12 11:30:00','01:30:00','Apres le briefing du jour avec le demandeur,je pris le document pour faire un couche peinture d\'impression l\'ensemble des plaque de plâtres.\r\nApres le vérification de plaques s\'il aurais des retouche a faire,j\'ai commencer a rechampir avec le brosse a rechampir,puis j\'ai appliquer sur l’ensemble des PP la peinture d\'impression avec le manchon polyamide.\r\nApres l\'application de la peintures j\'ai nettoyer le brosse et manchon polyamide au fontaine de nettoyage.\r\n','',NULL,2,1,90,'2021-07-13 14:25:55','2021-07-13 14:28:33'),(92,'2021-07-13','2021-07-13 10:00:00','2021-07-13 10:30:00','00:30:00','Suite l’amélioration des revêtements intérieurs,c\'est la pose de toile de verre.\r\nLa pose c\'est dérouler comme suivant: J\'ai pris en magasin un brosse plat et aussi manchon polyamide pour applique le colle de toile de verre sur l\'endroit a poser.Puis j\'ai couper le toile de verre en dimension 240cm sur le table a tapisser.\r\nJ\'ai commencer a pose sur l\'angle sortant pour que je puis faire un double coupe.\r\nA l\'aide d\'un grand niveaux je fait la premier coupe,puis je poser par déçu l\'autre partie pour faire la coupe double.La coupe double faite,a l\'aide d\'un lase je commencer la suite de la pose pour avoir le mémé dimension de toile de verre.  \r\nApres la pose de toile de verre faite a l\'aide d\'un éponge j\'ai nettoyer le colle et l\'espace de traville.\r\n','',NULL,2,1,104,'2021-07-13 14:41:23','2021-07-13 14:47:02'),(93,'2021-07-13','2021-07-13 15:00:00','2021-07-13 15:20:00','00:20:00','Confection d\'un cadre avec des baguettes de champlat de 0m30 x0m30 sur le mur de gauche ; à la hauteur hauteur de 1m05 à 1m35 du sol et à 0m35 à 0m65 de l\'angle du mur.\r\n- Balisage de la zone de travail\r\n- Marquage des côtes sur le mur\r\n- Découpe de la baguette de champlat en quatre sections de 0m30 x 0m30\r\n- Découpe des bouts de ces derniers à angle droit de 90° avec une scie à onglet\r\n- Ebavurage des coupes au papier de verre fin\r\n- Vérification des côtes finies\r\n- Test à blanc\r\n- Pose sur le mur par collage au mastic colle à l\'emplacement prévu\r\n- Nettoyage et tri des déchets','',NULL,1,1,109,'2021-07-13 19:59:44','2021-07-13 20:20:51'),(94,'2021-07-13','2021-07-13 13:40:00','2021-07-13 14:10:00','00:30:00','Pose de toile de verre sur le mur du fond. Cette dernière doit couvrir la colonne de droite ainsi qu\'une partie à droite du mur du fond.\r\n- Balisage de la zone de travail\r\n- Ponçage léger pour enlever les éventuels résidus\r\n- Epoussetage du mur\r\n- Prise des côtes du lieu de pose et contrôle des angles\r\n- Découpe d\'un lé de 2m42 x 1m00\r\n- Encollage du mur à la colle à toile de verre de la largeur du lé plus un petit débord\r\n- Pose de la toile de verre en commençant par le côté droit de la colonne avec une coupe dans les angles\r\n  - en laissant un surplus de 5cm en haut et en bas\r\n  - en laissant un léger surplus à chaque angle afin de pouvoir réaliser une coupe de raccord\r\n- Marouflage de chaque élément de cette dernière en partant du centre vers les extrémités\r\n- Découpe des angles\r\n- Découpe de la toile de verre sur le pourtour de la faïence murale\r\n- Découpe du surplus au ras de la plinthe et du plafond\r\n- Nettoyage à l\'éponge humide pour éliminer les éventuels traces ou surplus de colle\r\n  - dans les angles\r\n  - au plafond\r\n  - sur la plinthe\r\n  - sur la faïence murale\r\n  - sur le mur à la bordure gauche du lé\r\n- Nettoyage de la zone de travail et tri des déchets\r\n','',NULL,2,1,105,'2021-07-13 20:35:38','2021-07-13 22:02:02'),(95,'2021-07-13','2021-07-13 15:00:00','2021-07-15 16:30:00','05:00:00','Mise en peinture des cloisons internes de la cabine n°8 en respectant une couleur différente sur la toile de verre de celle appliquée sur les parties lisse.\r\n- Balisage de la zone de travail\r\n- Ponçage léger des parties lisses pour ôter les résidus éventuels\r\n- Epoussetage des murs\r\n- Nettoyage de la zone de travail et pose d\'une bâche de protection sur le sol\r\n- Mise en peinture des parties lisses en deux couches, intermédiaire et finition avec de la peinture peinture acrylique Trimetal Rollatex satin blanche\r\n- Mise en peinture de la toile de verre en deux couches, intermédiaire et finition avec de la peinture acrylique Trimetal Rollatex satin grise\r\n- Nettoyage des éventuelles traces de peintures sur les murs, plinthes, plafond ou la faïence murale\r\n- Nettoyage des outils\r\n- Nettoyage des sols\r\n\r\n','',NULL,2,1,117,'2021-07-13 22:05:43','2021-07-16 13:29:22'),(96,'2021-07-15','2021-07-15 09:00:00','2021-07-15 14:00:00','04:00:00','Mise en peinture des boiseries de la cabine n°8, plinthes et cadre en champlat\r\n- Balisage de la zone de travail\r\n- Ponçage léger des boiseries pour ôter les éventuels résidus \r\n- Epoussetage de ces dernières\r\n- Nettoyage de la zone de travail et pose d\'une bâche de protection sur le sol\r\n- Mise en peinture des boiseries en deux couches, intermédiaire et finition avec de la peinture acrylique Trimetal Rollatex satin grise\r\n- Nettoyage des éventuelles traces de peintures sur les murs et au sol\r\n- Nettoyage des outils\r\n- Nettoyage des sols','',NULL,2,1,113,'2021-07-14 21:27:48','2021-07-16 13:34:22'),(97,'2021-07-15','2021-07-15 08:30:00','2021-07-15 16:00:00','05:00:00','Mise en place protection au sol.\r\nUtilisation brosse à réchampir pour application peinture dans les angles.\r\nApplication peinture avec manchon pour le reste de la surface à peindre.\r\nBalisage et nettoyage sol et outillage.','',NULL,2,1,118,'2021-07-15 16:03:12','2021-07-15 16:06:07'),(98,'2021-07-15','2021-07-15 13:15:00','2021-07-15 14:25:00','01:10:00','Application peinture sur les boiseries de la cabine avec brosse à rechampir.\r\n','',NULL,2,1,114,'2021-07-15 16:11:49','2021-07-15 16:12:28'),(99,'2021-07-15','2021-07-15 10:00:00','2021-07-15 11:00:00','01:00:00','En faisant le peinture de la cabine je fait le mémé temps le mise en peinture des boiseries de la cabine.\r\nAvec un brosse a rechampir je fait la peinture des plinthes aussi le champlat.\r\nL’opération et déroule en deux fois. ','',NULL,2,1,112,'2021-07-16 10:00:53','2021-07-16 10:01:40'),(100,'2021-07-13','2021-07-13 13:30:00','2021-07-13 15:30:00','02:00:00','Apres le prise de la fiche par la demandeur,je fait la mesure et traçage de l\'emplacement des baguettes.Suite j\'ai couper les baguettes avec scie a onglet 45°.\r\nApres le coupes,je mis le colle et poser.\r\nEn posant en mauvais endroit,jetait oblige de refaire le support (enduit et peinture d\'acrocche)\r\nPuis refaire la pose des baguettes.','',NULL,2,1,108,'2021-07-16 10:13:14','2021-07-16 10:13:58'),(101,'2021-09-09','2021-09-08 09:00:00','2021-09-09 15:03:00','05:00:00','Pose de carreaux de faïence murale avec joint de finition','',NULL,1,1,126,'2021-09-08 11:37:21','2021-09-08 11:50:26'),(102,'2021-09-08','2021-09-08 08:25:00','2021-09-08 15:25:00','01:10:00','Remplacement moquette','',NULL,1,3,124,'2021-09-08 15:28:05','2021-09-08 15:29:10'),(103,'2021-09-08','2021-09-08 08:54:00','2021-09-08 15:55:00','02:00:00','Moquette','Nettoyage Karcher',NULL,1,3,127,'2021-09-08 15:59:56','2021-09-08 16:04:06'),(104,'2021-09-09','2021-09-08 14:22:00','2021-09-09 14:22:00','02:00:00','Pose de faïence avec joint ciment','Non',NULL,2,1,128,'2021-09-09 14:27:21','2021-09-09 14:27:54'),(105,'2021-09-06','2021-09-06 13:00:00','2021-09-06 15:59:00','02:00:00','Pose d\'un sol souple en dalles pvc','Attendre le gommage de la colle pour la pose du sol souple.',NULL,1,1,254,'2021-09-13 08:52:34','2021-09-13 08:53:57'),(106,'2021-09-08','2021-09-08 10:00:00','2021-09-08 16:45:00','04:00:00','Pose carreaux de faïence et joint ciment','Non',NULL,2,1,129,'2021-09-13 09:02:42','2021-09-13 09:04:11'),(107,'2021-09-06','2021-09-06 15:00:00','2021-09-06 17:00:00','02:00:00','Pose de plinthes et de champ plats.','Respect des coupes d\'onglet.',NULL,1,1,186,'2021-09-13 09:06:35','2021-09-13 09:06:42'),(108,'2021-07-06','2021-07-06 10:00:00','2021-07-06 16:45:00','05:00:00','Pose d\'un plafond placo autoportant','Non',NULL,1,1,155,'2021-09-13 09:18:20','2021-09-13 09:18:26'),(109,'2021-10-07','2021-10-07 11:00:00','2021-10-07 17:00:00','05:00:00','-nettoyage et préparation du sole\r\n-prise de cote\r\n-traçage\r\n-calepinage\r\n-découpe des dalles et pose à blanc\r\n-application de la colle \r\n-pose des dalles \r\n','ras',NULL,2,1,264,'2021-09-13 10:51:37','2021-09-13 11:03:15'),(110,'2021-09-13','2021-09-13 09:02:00','2021-09-13 05:03:00','05:00:00','Pose de cloisons et de bloqué porte','Non',NULL,1,1,148,'2021-09-13 11:21:27','2021-09-13 11:22:19'),(111,'2021-09-09','2021-09-09 13:00:00','2021-09-13 11:15:00','03:00:00','Pose d\'un ragréage, découpe, pose de carreau céramique.\r\nJoint ciment et pose de plinthe hauteur 10cm','',NULL,2,1,171,'2021-09-13 11:29:29','2021-09-13 11:29:52'),(112,'2021-09-08','2021-09-08 10:00:00','2021-09-08 16:50:00','05:00:00','pose et réalisation de faïence et finition joint','ras',NULL,2,1,183,'2021-09-13 11:34:10','2021-09-13 11:34:16'),(113,'2021-05-31','2021-06-30 14:25:00','2021-06-30 17:00:00','05:00:00','Pose plafond','',NULL,1,1,152,'2021-09-13 11:34:58','2021-09-13 11:35:10'),(114,'2021-08-16','2021-08-16 20:36:00','2021-08-16 05:00:00','05:00:00','Pose plafond démontable','Non',NULL,1,1,159,'2021-09-13 11:46:58','2021-09-13 11:47:10'),(115,'2021-08-23','2021-08-23 01:07:00','2021-08-20 03:08:00','02:10:00','Pose carrelage sol','Non',NULL,2,1,166,'2021-09-13 13:17:35','2021-09-13 13:17:40'),(116,'2021-09-06','2021-09-06 01:16:00','2021-09-06 03:17:00','02:30:00','Pose de carrelage mural faïence','Non',NULL,2,1,175,'2021-09-13 13:30:30','2021-09-13 13:30:34'),(117,'2021-09-09','2021-09-09 10:00:00','2021-09-09 12:00:00','02:00:00','Pose d\'un sol en dalles de PVC avec colle acrylique pour sol souple','',NULL,2,1,257,'2021-09-13 13:51:19','2021-09-13 13:51:48'),(118,'2021-09-09','2021-09-13 08:00:00','2021-09-13 09:30:00','01:30:00','- Traçage et utilisation du niveau pour des traits droits et de niveau\r\n- Couper et visser un rail au départ de la faience (parti basse)\r\n- Préparer le mortier de colle avec de l\'eau à l\'aide d\'un malaxeur (non présent dans la rubrique outils magasin utilisés)\r\n- Utiliser le peigne à colle et encoller la partie à faïencer\r\n- Poser la faïence et mettre les croisillons \r\n- Essuyer la faïence à l\'aide d\'une éponge pour enlever le surplus de mortier de colle\r\n- Laisser seché 24h\r\n- 24h plus tard enlever les croisillons, préparer le mortier de joint blanc avec de l\'eau à l\'aide d\'un malaxeur (non présent dans la rubrique outils magasin utilisés)\r\n- L\'appliquer avec une petite spatule sur les joints et laissé agir pendant 10min et essuyer le tout.  \r\n\r\n  \r\n','Erreur de ma part la hauteur (départ à la 68 cm) n\'est pas conforme à la demande car je suis parti de la plinthe au lieu du sol ',NULL,1,1,174,'2021-09-13 13:57:11','2021-09-13 13:59:22'),(119,'2021-09-06','2021-09-06 10:00:00','2021-09-06 12:00:00','02:00:00','Pose dalle PVC\r\nColle émulsion type acrylique','Réalisation réussi',NULL,1,1,259,'2021-09-13 14:03:08','2021-09-13 14:03:43'),(120,'2021-09-06','2021-09-06 10:00:00','2021-09-06 12:00:00','02:00:00','Pose dalle PVC\r\nColle émulsion type acrylique','',NULL,1,1,259,'2021-09-13 14:03:21','2021-09-13 14:04:34'),(121,'2021-08-26','2021-08-26 08:00:00','2021-08-26 10:30:00','02:30:00','Mettre une bâche au sol\r\nMasquer l\'applique au plafond avec du scotch de masquage (non présent sur rubrique outils magasin utilisés)\r\nFaire tout les angles du plafond a la brosse à rechampir\r\nUne fois tout les angles finis à la brosse à rechampir peindre tout le plafond au rouleau (non présent sur rubrique outils magasin utilisés)\r\n\r\n','',NULL,2,1,212,'2021-09-13 14:53:37','2021-09-13 14:55:31'),(122,'2021-08-26','2021-08-26 10:30:00','2021-08-26 14:00:00','02:30:00','Mettre une bâche au sol\r\nMasquer le cadre de porte avec du scotch de masquage (non présent sur rubrique outils magasin utilisés)\r\nEnlever la plaque de finition de l\'interrupteur et de la prise\r\nFaire tout les angles du mur à la brosse à rechampir\r\nUne fois tout les angles finis à la brosse à rechampir peindre tout les murs au rouleau (non présent sur rubrique outils magasin utilisés)\r\n\r\n\r\n','',NULL,2,1,225,'2021-09-13 15:28:55','2021-09-27 15:50:46'),(123,'2021-09-08','2021-09-08 08:00:00','2021-09-14 11:00:00','03:00:00','Faire un ragréage\r\nFaire le traçage puis poser les dalles PVC à blanc et réaliser les coupes\r\nAppliquer la colle émulsion type acrylique\r\nPatienter 30min (temps de gommage) puis poser les dalles PVC\r\n\r\n','',NULL,1,1,252,'2021-09-13 15:51:07','2021-09-13 15:51:21'),(124,'2021-09-08','2021-09-08 10:00:00','2021-09-14 01:00:00','02:00:00','Traçage\r\nPose un rail départ\r\nPréparation du colle\r\nPose faïence\r\npose de joint blanc\r\nEssayage finir','',NULL,1,1,178,'2021-09-13 15:52:08','2021-10-04 13:29:46'),(125,'2021-09-11','2021-09-11 13:00:00','2021-09-11 14:00:00','01:00:00','Pose plinthe\r\nPourtour champlat\r\n45°\r\n','',NULL,1,1,191,'2021-09-13 16:09:09','2021-10-04 13:35:59'),(126,'2021-09-14','2021-09-14 08:00:00','2021-09-14 22:00:00','02:00:00','Pose de plinthes sur pourtour\r\nRéaliser les angles à 45° en bout de plinthes pour les deux se rejoignent bien à 90° et coller avec de la colle de montage\r\nPose de champlat autour de la porte\r\nRéaliser les angles à 45°','',NULL,1,1,184,'2021-09-13 16:09:13','2021-09-29 13:48:58'),(127,'2021-09-13','2021-09-13 13:00:00','2021-09-13 16:05:00','03:00:00','Remplacement d\'une serrure.\r\nRemplacement des poignées don l\'entre axe était 195mm par des 165.\r\nRebouchages des trous avec de la  pattes à bois. \r\nAgrandissement du trou bon fonctionnement du canon, et ainsi 2 nouveau trou pour fixe les poignées.','',NULL,4,2,139,'2021-09-13 16:24:33','2021-09-21 06:22:29'),(128,'2021-09-10','2021-09-10 08:28:00','2021-09-10 10:28:00','02:30:00','Protection du sol et boite d\'applique\r\nPremier couche de peinture\r\n2éme couche de peinture\r\nlaver les outil\r\nrangement','',NULL,1,1,219,'2021-09-13 16:31:40','2021-10-06 15:32:39'),(129,'2021-09-14','2021-09-14 10:00:00','2021-09-14 12:00:00','02:00:00','Pose sol PVC','Ras',NULL,4,1,263,'2021-09-13 16:35:50','2021-09-13 18:07:53'),(130,'2021-09-08','2021-09-08 14:00:00','2021-09-09 09:30:00','02:30:00','Pose de carreaux de faïence et réalisation des joints','Ras',NULL,2,1,182,'2021-09-13 16:46:22','2021-09-13 18:05:08'),(131,'2021-09-15','2021-09-14 13:00:00','2021-09-14 14:00:00','01:00:00','Pose de plinthes et champ plat autour de la porte du local technique ','Ras',NULL,1,1,195,'2021-09-13 16:48:30','2021-09-15 12:30:54'),(132,'2021-09-13','2021-09-13 10:00:00','2021-09-13 11:00:00','01:00:00','Remplacement d\'un cylindre de porte ','Ras',NULL,4,1,141,'2021-09-13 18:17:37','2021-09-13 18:17:44'),(133,'2021-09-13','2021-09-13 13:00:00','2021-09-13 13:45:00','00:40:00','Mise en peinture du plafond','Ras',NULL,2,1,223,'2021-09-13 18:33:59','2021-09-13 18:39:20'),(134,'2021-09-14','2021-09-14 13:00:00','2021-09-13 12:00:00','03:40:00','Pose de toile de verre et de papier intisse ','Ras',NULL,2,1,208,'2021-09-13 18:36:36','2021-09-15 12:41:13'),(135,'2021-09-14','2021-09-14 08:30:00','2021-09-14 09:30:00','01:00:00','Questionnaire élec plus test devant la maquette électrique \r\nInvestigation\r\nAnalyse des risques\r\nOpération de consignations\r\nDépannage circuit défectueux\r\nCr a l\'utilisateur\r\nRemplacement pct sous tension\r\nOpération de nappage\r\n','',NULL,7,4,286,'2021-09-13 18:41:37','2021-10-04 08:59:00'),(136,'2021-09-14','2021-09-14 12:23:00','2021-09-14 12:35:00','00:10:00','pomme','',NULL,3,1,307,'2021-09-14 12:36:43','2021-09-14 12:36:53'),(137,'2021-09-14','2021-09-14 12:25:00','2021-09-14 12:37:00','00:10:00','pomme','',NULL,2,1,308,'2021-09-14 12:37:50','2021-09-14 12:38:22'),(138,'2021-09-15','2021-09-15 08:00:00','2021-09-15 09:10:00','01:00:00','Remplacement de deux minuteurs de lumières de couloirs hébergement','',NULL,7,3,310,'2021-09-15 08:27:05','2021-09-15 08:29:28'),(139,'2021-09-02','2021-09-02 10:20:00','2021-09-02 16:45:00','05:00:00','Pose carreaux de 30×30 céramique et joint ciment','Non',NULL,2,1,169,'2021-09-15 08:29:12','2021-09-15 08:29:18'),(140,'2021-09-03','2021-09-03 08:20:00','2021-09-03 11:30:00','02:50:00','Pose dalle PVC','Non',NULL,2,1,258,'2021-09-15 08:38:02','2021-09-15 08:38:07'),(141,'2021-09-13','2021-09-13 11:00:00','2021-09-13 12:00:00','01:00:00','Pose d\'un faux plafond en dalle placo','Non',NULL,1,1,162,'2021-09-15 08:49:15','2021-09-15 08:49:19'),(142,'2021-09-14','2021-09-14 14:00:00','2021-09-14 15:00:00','01:00:00','Port des EPI \r\nDémontage de l\'ancienne serrure et de la poignée\r\nAgrandissement du trou à l\'aide d\'une visseuse et d\'une mèche a bois pour passage de la nouvelle serrure\r\nEncastrer la nouvelle serrure (non présent sur la liste des matériaux utilisés) puis intégrer le cylindre de serrure et s\'assurer du bon maintien en les vissant de l\'extérieur\r\nRetouche de la gâche à la lime plate \r\nRemontage de la poignée neuve (avec passage de la serrure)\r\n','',NULL,3,2,133,'2021-09-15 09:07:41','2021-09-15 09:07:49'),(143,'2021-09-16','2021-09-14 14:45:00','2021-09-16 16:45:00','02:00:00','Remplacement serrure de la porte de la cabine par une serrure a double cylindre, avec poignée clé i. réglage et finition','Travaux réalisée',NULL,4,1,143,'2021-09-15 10:21:35','2021-09-26 07:24:45'),(144,'2021-09-13','2021-09-13 10:00:00','2021-09-13 12:00:00','02:00:00','Pose de plinthes bois et chant plat','Non',NULL,1,1,190,'2021-09-15 10:30:44','2021-09-15 10:30:49'),(145,'2021-09-15','2021-09-15 10:41:00','2021-09-15 10:50:00','00:10:00','mop','mopo',NULL,4,1,316,'2021-09-15 10:50:56','2021-09-15 10:52:19'),(146,'2021-09-13','2021-09-13 08:30:00','2021-09-13 16:45:00','05:00:00','Pose électricité','Non',NULL,5,1,270,'2021-09-15 11:07:21','2021-09-15 11:44:23'),(147,'2021-09-14','2021-09-14 15:15:00','2021-09-14 16:00:00','00:50:00','Être à 30 cm du tableau électrique\r\nLocaliser les pièces nus sous tension\r\nPrévenir le client qu\'on va devoir couper l\'alimentation général (disjoncteur de branchement) et ensuite consigner le disjoncteur de branchement à l\'aide d\'un condamnateur de disjoncteur et cadenas \r\nAprès avoir fermé le cadenas garder la clé dans votre poche \r\nEnsuite vérifier les EPI avec présence du double triangle (tapis non craqué, pas de trou dans les gants (non dans la liste) et le casque non détérioré avec écran facial et jugulaire)\r\nMettre ses EPI et mettre le tapis isolant à 30 cm du tableau\r\nVérifier présence de tension au tableau électrique avec un vérificateur d\'absence de tension (VAT)\r\nAvant de faire la vat le tester avant en touchant les deux bornes ensemble et il faut que ça sonne \r\nAprès vérification du bon fonctionnement du vat, sur le tableau électrique mettre une borne sur phase et l\'autre sur neutre (sonne pas donc pas de tension)\r\nEnsuite borne sur phase et l\'autre sur terre (pas de tension) \r\nEt borne sur neutre et l\'autre sur terre (pas de tension)\r\nRemettre en place et bien serrer les pnst à l\'aide du tournevis isolé tout en gardant ses EPI\r\nLa panne venait d\'un mauvais contact au niveau du télérupteur\r\nAprès vérification de non présence de pnst et que les fils sont bien visés\r\nPrévenir le client que je vais remettre l\'alimentation général donc je vais deconsigné en enlevant le cadenas et le condamnateur de disjoncteur (avec ou sans EPI car ce n\'est pas obligatoire)\r\nEnsuite changer prise avec présence de tension\r\nBaliser la zone où nous allons intervenir\r\nPrendre les capuchons isolants\r\nUtilisé la pince à bec fin isolé (avec présence du double triangle)\r\nDéconnecter à l\'aide de la pince la phase en premier et mettre le capuchon, le neutre en deuxième et mettre le capuchon et finir avec la terre et mettre le capuchon\r\nSur la nouvelle prise connecter la terre en premier en enlevant soigneusement le fil du capuchon à l\'aide de pince \r\nReproduire la même étape pour le neutre et la phase (sens inverse)\r\nEnlever le balisage \r\nEnlever ses EPI et bien revérifier les gants en les gonflants et le mettre près de l\'oreille pour voir si il n\'y a pas de fuite\r\nEt ranger le tapis en l\'enroulant\r\n\r\n\r\n','',NULL,7,3,275,'2021-09-15 11:24:06','2021-09-27 15:58:37'),(148,'2021-09-14','2021-09-14 15:00:00','2021-09-14 16:00:00','01:00:00','Formation B1V et BR','',NULL,5,4,282,'2021-09-15 11:50:54','2021-09-15 14:04:16'),(149,'2021-09-15','2021-09-15 13:31:00','2021-09-15 13:33:00','00:20:00','Mise en peinture du mur delà cabine ','',NULL,4,3,236,'2021-09-15 14:01:08','2021-10-04 08:27:40'),(150,'2021-09-01','2021-09-01 13:20:00','2021-09-01 16:00:00','03:30:00','Branchement télérupteur et contacteur jour/nuit sur maquette','Non',NULL,7,3,298,'2021-09-15 14:07:29','2021-09-29 15:48:25'),(151,'2021-09-15','2021-09-15 15:20:00','2021-09-15 16:20:00','01:00:00','Changement serrure + cylindre européen + béquille ','Non',NULL,3,3,131,'2021-09-15 14:18:30','2021-09-15 14:21:54'),(152,'2021-09-14','2021-09-14 10:00:00','2021-09-14 11:00:00','01:00:00','Changement complet serrure.','Non',NULL,3,1,135,'2021-09-15 14:50:45','2021-09-15 14:57:46'),(153,'2021-09-14','2021-09-14 09:00:00','2021-09-14 00:00:00','03:00:00','Pose de revêtement mural.','Non',NULL,2,1,199,'2021-09-15 15:16:16','2021-09-15 15:25:16'),(154,'2021-09-10','2021-09-10 08:00:00','2021-09-10 14:00:00','05:00:00','pose de plinthes en sapin et champlat','ras',NULL,2,3,196,'2021-09-15 15:59:46','2021-09-15 16:09:54'),(155,'2021-09-15','2021-09-15 10:00:00','2021-09-15 14:00:00','03:00:00','remplacement d\'une serrure et canon et poignée de porte','ras',NULL,3,3,142,'2021-09-15 16:12:40','2021-09-15 16:30:26'),(156,'2021-07-08','2021-07-08 10:00:00','2021-07-15 16:33:00','05:00:00','installation de compteur électrique monophasée, et distribution d\'alimentation à partir d\'une boîte de dérivation.','ras ',NULL,5,1,274,'2021-09-15 16:43:31','2021-09-16 19:26:09'),(157,'2021-09-14','2021-09-14 08:01:00','2021-09-14 12:00:00','04:00:00','Mise en peinture des deux plafond après avoir été imprimés.','NON',NULL,1,1,214,'2021-09-15 20:36:50','2021-09-15 20:42:17'),(158,'2021-08-20','2021-08-23 10:00:00','2021-08-27 16:00:00','05:00:00','Réalisation d\'un circuit électrique. ','Les travaux ce sont passés sur plusieurs jours, un balisage a été mis.',NULL,5,1,267,'2021-09-15 20:46:33','2021-09-15 21:20:06'),(159,'2021-09-15','2021-09-15 09:00:00','2021-09-15 10:00:00','01:00:00','Après le questionnaire, j\'ai effectué des recherches de pannes sur un tableau électrique et une prise de courant. Pour effectuer cette recherche après condamnation à l\'aide d\'un cadenas à Clé unique que j\'ai mis dans ma poche, j\'ai enlevé le carter de protection du tableau. Après vérification des EPI, (tapis isolant, masque et casque de protection électrique,d\'une nappe de protection électrique,d\'une  combinaison fermé jusqu\'au cou et inifuge, gants d\'électricien et de surgants.) Je me suis équipé d\'un vat, d\'un tournevis électricien, d\'un testeur ohmmètre. Dans un premier temps j\'ai identifié visuellement les pnst. Après vérification je me suis équipé des EPI et installé la nappe isolante sur les pnst puis j\'ai fait une VAT...\r\n  ','non',NULL,6,4,278,'2021-09-15 21:23:22','2021-10-04 21:05:50'),(160,'2021-09-06','2021-09-06 10:00:00','2021-09-06 12:00:00','02:00:00','Trouver a l\'aide d\'un calepinage et d\'un ohmmètre les bons conducteurs.','non',NULL,7,3,294,'2021-09-15 21:27:55','2021-09-15 21:33:00'),(161,'2021-09-16','2021-09-16 08:00:00','2021-09-16 12:00:00','04:00:00','Mise en peinture sur les murs du fond de la cabine.','Non',NULL,2,1,227,'2021-09-15 22:35:54','2021-09-15 22:54:02'),(162,'2021-05-31','2021-05-31 13:30:00','2021-05-31 14:30:00','01:20:00','J\'ai découpé deux plaque de plâtre et j\'ai installé rails montants','Non\r\n',NULL,1,1,154,'2021-09-16 08:29:01','2021-09-16 08:31:27'),(163,'2021-09-16','2021-09-16 08:31:00','2021-09-16 08:34:00','01:00:00','Peinture bloc porte et porte et aussi des plinthes ',NULL,NULL,4,1,250,'2021-09-16 08:33:30',NULL),(164,'2021-09-09','2021-09-09 14:00:00','2021-09-09 15:00:00','01:00:00','J\'ai entendu la serrure et après je les change','',NULL,3,1,132,'2021-09-16 08:35:46','2021-09-16 08:37:17'),(165,'2021-09-13','2021-09-13 13:00:00','2021-09-13 14:00:00','02:00:00','J\'ai poncé avant de mettre la peinture et après j\'ai peintre','Non',NULL,2,1,229,'2021-09-16 08:39:54','2021-09-16 08:42:52'),(166,'2021-09-02','2021-09-02 13:00:00','2021-09-02 16:00:00','03:00:00','decontruction de la cabine:demontage des cloison placo platre,rails et montants','',NULL,1,1,145,'2021-09-16 09:08:09','2021-09-16 09:14:34'),(167,'2021-09-03','2021-09-03 13:00:00','2021-09-04 10:30:00','04:30:00','Montage d\'une cloison de BA13, ossatures métalliques ','',NULL,1,1,121,'2021-09-16 09:23:17','2021-09-16 09:23:31'),(168,'2021-09-01','2021-09-01 13:00:00','2021-09-01 16:30:00','03:00:00','Déconstruction d\'une cloison ba13 ,montant + porte, ossature métallique','Déconstruction fini.',NULL,1,1,146,'2021-09-16 09:28:57','2021-09-16 09:35:33'),(169,'2021-09-14','2021-09-14 11:00:00','2021-09-14 12:00:00','01:00:00','Remplacement d une serrure pour une serrure à canon','Rien',NULL,3,3,137,'2021-09-16 11:13:23','2021-09-16 11:21:51'),(170,'2021-09-15','2021-09-15 10:00:00','2021-09-15 12:00:00','02:00:00','Remplacer un serrure L et remplacer avec un serrure à canon','',NULL,4,3,138,'2021-09-16 11:40:14','2021-09-16 11:46:32'),(171,'2021-09-16','2021-09-16 10:30:00','2021-09-16 13:00:00','01:30:00','Remplacement d\'une serrure avec barrier','',NULL,1,3,144,'2021-09-16 12:35:59','2021-09-16 12:36:13'),(172,'2021-09-03','2021-09-05 09:00:00','2021-09-09 17:00:00','05:00:00','Mise en place de la cloison BA13 en L sur ossature métallique avec un bloc porte isoplane 63x204.Reglages et finitions comprises','',NULL,1,1,147,'2021-09-16 13:38:15','2021-09-29 06:00:22'),(173,'2021-09-21','2021-09-21 09:15:00','2021-09-21 09:16:00','03:10:00','blabla','',NULL,1,1,317,'2021-09-16 15:16:28','2021-09-21 09:29:44'),(174,'2021-08-16','2021-08-16 13:00:00','2021-09-16 16:30:00','02:30:00','Feuille d intervention déjà rempli sur l ancien logiciel ','',NULL,5,1,292,'2021-09-18 10:50:26','2021-09-18 10:50:37'),(175,'2021-09-20','2021-09-20 10:52:00','2021-09-20 10:53:00','01:00:00','Pose d\'un lave mains et équipé d\'un mitigeur et bonde et syphon et raccordement sur évacuation sur pvc 32 et raccordement sur cuivre de 12 ','',NULL,8,1,327,'2021-09-18 10:53:37','2021-10-08 08:28:24'),(176,'2021-09-10','2021-09-10 08:00:00','2021-09-10 10:00:00','02:00:00','Protection du sol et tous les accessoires tel les appliques plus la faïence\r\nimpression du support (mur)\r\nl’Apollon \r\nposer la colle au mur\r\napplication du toile de vert','',NULL,2,1,204,'2021-09-18 13:33:51','2021-10-04 13:40:59'),(177,'2021-09-10','2021-09-10 08:00:00','2021-09-10 10:00:00','02:00:00','Protection du sol et tous les accessoires tel les appliques plus la faïence\r\nimpression du support (mur)\r\ntraçage de niveaux\r\nposer la colle au mur',NULL,NULL,2,1,204,'2021-09-18 13:34:41',NULL),(178,'2021-09-17','2021-09-17 10:00:00','2021-09-20 16:30:00','05:00:00','pose de toile de verre et papier intissé','ras',NULL,2,1,209,'2021-09-19 09:10:53','2021-09-19 09:26:51'),(179,'2021-09-16','2021-09-16 11:00:00','2021-09-16 12:00:00','01:00:00','recherche de panne mise en situation remplacement d\'une prise hors tension','ras',NULL,7,3,304,'2021-09-19 09:40:04','2021-09-27 14:45:08'),(180,'2021-08-09','2021-08-09 10:30:00','2021-08-10 11:00:00','05:00:00','Réalisation d\'un plafond et d\'une retomber ainsi que les bandes','',NULL,1,1,157,'2021-09-19 19:45:59','2021-09-19 19:55:06'),(181,'2021-09-15','2021-09-15 09:00:00','2021-09-15 10:00:00','01:00:00','Remplacement de la serrure de la porte par une serrure a cylindre ','',NULL,3,2,134,'2021-09-20 19:37:31','2021-09-20 19:56:41'),(182,'2021-09-06','2021-09-06 10:00:00','2021-09-06 16:00:00','05:00:00','faux plafond démontable ','',NULL,1,1,164,'2021-09-20 20:16:27','2021-09-20 20:30:39'),(183,'2021-09-09','2021-09-09 10:00:00','2021-09-09 11:30:00','01:30:00','Pose de dalle pvc collé ','',NULL,2,1,260,'2021-09-21 09:18:39','2021-09-21 09:31:06'),(184,'2021-09-15','2021-09-15 13:00:00','2021-09-15 14:00:00','01:00:00','- Démonté la poigné + boîtier serrure\r\n\r\n- Agrandissement du passage cylindre \r\n\r\n- Remonter boîtier + cylindre + poigné\r\n\r\n- Agrandissement des trous dans cadre en bois ','',NULL,4,3,136,'2021-09-21 13:19:21','2021-10-04 08:19:14'),(185,'2021-09-08','2021-09-08 13:00:00','2021-09-09 11:00:00','05:00:00','Réalisation d\'un ragréage, collage des carreaux 33x33 en gré émaillés et réalisation des joint en ciment gris.  ','',NULL,2,1,173,'2021-09-21 13:50:54','2021-09-21 14:43:40'),(186,'2021-09-16','2021-09-16 08:00:00','2021-09-16 12:00:00','04:00:00','Traçage de d\'aplomb pour déterminé le 1er let de toile de verre\r\nMettre la toile de verre à la hauteur voulu puis rajouté 4 cm pour une coupe de précision\r\nMettre de la colle dans le mur et mettre en place soigneusement la toile \r\nFaire coupe basse, haute et sur le côté au cutter \r\nRéaliser la même opérations autour de la faïence (2eme let)\r\nRéaliser la même opérations pour le 3eme let\r\n\r\nMême exécution pour le papier intissé\r\nRéalisation de la coupe au centre du poteau','',NULL,2,1,197,'2021-09-21 14:08:13','2021-09-21 15:04:52'),(187,'2021-09-21','2021-09-21 10:30:00','2021-09-22 10:30:00','05:00:00','pose d\'un panneau de faïence 20x20cm et réalisation des joints ciment blanc  ','',NULL,2,1,181,'2021-09-21 14:48:58','2021-09-21 15:39:43'),(188,'2021-09-20','2021-09-20 09:00:00','2021-09-21 10:45:00','01:30:00','Pose de plinthes bois sur le sol PVC et cotes de la porte et pose de champlat sur le pourtour de la porte  ','',NULL,1,1,194,'2021-09-21 15:57:01','2021-09-21 16:30:48'),(189,'2021-09-20','2021-09-24 09:00:00','2021-09-20 10:30:00','01:30:00','J\'ai préparé mon matériel pour la pose du sol souple en carreaux. Ensuite j\'ai commencé à mettre une fine couche de colle PVC sur le ragréage du sol. 30 min après que la colle eu un aspect gommé et jaune j\'ai pu poser chaque carreaux de sol souple tout en faisant bien attention à que chaque carreau soit aligné et bord à bord. Ensuite après le séchage complet du revêtements j\'ai pu mesurer chaque côté du mur pour pouvoir découper les plaintes et ensuite les posés à l\'aide de la colle à mastic.','',NULL,1,1,255,'2021-09-21 18:21:20','2021-10-06 18:17:02'),(190,'2021-09-20','2021-09-17 11:00:00','2021-09-21 15:00:00','05:00:00','Montage d un plafond autoportant en BA13 sur ossature métallique avec une retombée de 30 cm et un poteau de30x7,5. Bandes de finition et percement du trou de scie cloche au centre du plafond ( éclairage ), ponçage','Travaux terminées',NULL,1,1,211,'2021-09-21 19:14:14','2021-09-26 08:04:10'),(191,'2021-09-12','2021-09-12 08:30:00','2021-09-22 11:00:00','05:00:00',' Distribution électrique de la cloison du fond et du plafond comprenant une PC2p+t,un inter double et deux points lumineux . Mise en place de la boite de dérivation encastrée et raccordement','',NULL,5,1,305,'2021-09-22 06:21:43','2021-09-23 06:34:50'),(192,'2021-09-22','2021-09-22 18:11:00','2021-09-22 18:11:00','02:30:00','bl',NULL,NULL,2,1,200,'2021-09-22 18:12:31',NULL),(193,'2021-09-16','2021-09-22 13:00:00','2021-09-22 14:40:00','01:40:00','Pose au sol de dalles PVC','',NULL,2,1,262,'2021-09-22 18:51:27','2021-09-22 19:07:49'),(194,'2021-09-10','2021-09-10 08:30:00','2021-09-13 15:00:00','06:00:00','   •Vendredi MATIN\r\n- J\'ai fait le mélange pour faire le ragréage puis je l\'ai appliqué pendant tout le week-end il a pu sécher\r\n\r\n   •Lundi MATIN\r\n- J\'ai fait le mélange de la poudre de colle puis poncer légèrement le ragréage pour qu\'il soit droit et sans défaut J\'ai pris les mesures de l\'axe plus les carreaux avec les croisillons une fois les mesures et la Coupe des carreaux faites j\'ai fait le mélange de la colle puis appliquer au sol avec l\'installation des carreaux et les croisillons\r\n\r\n   •Lundi APRES MIDI\r\n- Mesure + coupe pour Les plainte puis les coller à l\'aide des croisillons\r\n\r\n   •Mardi MATIN \r\n- Mélange de poudre de joint + application dans les jointures\r\n\r\n   •Mardi APRES MIDI\r\n- Après séchage de tout gros nettoyage\r\n','',NULL,2,1,167,'2021-09-22 20:56:02','2021-09-22 21:00:35'),(195,'2021-09-23','2021-09-23 11:01:00','2021-09-23 11:20:00','00:10:00','pmo','',NULL,4,1,339,'2021-09-23 11:18:06','2021-09-23 11:18:38'),(196,'2021-09-20','2021-09-20 13:30:00','2021-09-20 16:30:00','03:00:00','Distribution électrique sur le panneau OSB. Pose et raccordement des équipements ( prise2p+t, point lumineux, interrupteur et coffret 13 module équipée d\'un inter diff, 2 disjoncteurs 20A,2 disjoncteurs10A ). Mise sous tension et essai fait par le formateur','',NULL,5,1,354,'2021-09-26 08:17:56','2021-09-26 18:39:42'),(197,'2021-09-24','2021-09-24 09:00:00','2021-09-24 08:30:00','00:30:00','reparation sur toile de verre ','',NULL,4,3,335,'2021-09-26 19:13:36','2021-09-26 19:18:14'),(198,'2021-09-23','2021-09-23 08:00:00','2021-09-23 10:00:00','02:00:00','Questionnement, séparation condamnation identification vat ','',NULL,7,2,288,'2021-09-27 14:49:47','2021-10-07 11:52:48'),(199,'2021-09-24','2021-09-24 08:00:00','2021-09-24 10:00:00','02:00:00','Couper à l\'aide d\'un cutter les parties non collées (bulle d\'air) en forme de carré\r\nCouper à la cote les carrés de toile de verre neufs et les collés\r\nAppuyer soigneusement sur la partie collée pour sortir les bulles d\'airs avec la spatule à maroufler \r\nRepeindre le mur entier \r\n\r\n','',NULL,2,1,341,'2021-09-27 16:18:02','2021-09-27 16:24:03'),(200,'2021-09-23','2021-09-23 11:19:00','2021-09-23 15:30:00','01:00:00','Pose de faïence 20x20cm sur une hauteur de 68cm et24cm de la contre cloison.','',NULL,1,1,179,'2021-09-28 13:40:17','2021-09-28 14:17:28'),(201,'2021-09-10','2021-09-09 13:38:00','2021-09-10 13:40:00','00:40:00','Remplacement serrure','',NULL,1,1,130,'2021-09-28 13:40:40','2021-10-06 14:38:03'),(202,'2021-09-22','2021-09-22 13:00:00','2021-09-22 15:00:00','02:00:00','POSE DE PLINTHES DE 10CM ','',NULL,2,1,192,'2021-09-28 14:20:14','2021-09-28 14:34:48'),(203,'2021-09-20','2021-09-20 10:00:00','2021-09-21 11:00:00','02:00:00','pose des carreaux en grés émaillés de 33x33cm, avec réalisation des joints de 4mm.','',NULL,2,1,172,'2021-09-28 14:26:41','2021-09-28 15:55:15'),(204,'2021-09-22','2021-09-22 13:00:00','2021-09-23 10:00:00','04:00:00','Remplacement de 4 carreaux céramique endommagé. ','',NULL,4,2,333,'2021-09-28 14:37:00','2021-09-28 14:52:19'),(205,'2021-09-15','2021-09-09 09:22:00','2021-09-12 15:22:00','06:10:00','pose plinthe et Champlain contour de porte ','',NULL,1,1,185,'2021-09-28 14:37:04','2021-09-28 14:37:10'),(206,'2021-09-22','2021-09-22 14:00:00','2021-09-24 11:00:00','10:00:00','Pose de l\'ossature métallique, en fixent au sol les rails avec des chevilles a frapper de 6mm, et au plafond sur l\'ossature bois existante.Pour la pose des montants un espacement de 60cm a était respecté et les montants on étais doublé.\r\nLe bloc porte a était intégré dans l\'ossature métallique.\r\nUn retrais  de 30 cm depuis la distance fini de la cloison a était respecté pour la pose du bloc porte.\r\nLes plaques de plâtre on était vissées sur l\'ossature métallique.\r\n\r\n\r\n','Pose des bandes entre les plaques de plâtre.\r\nPose des plaques de plâtre à l\'extérieur de la cloison en attente de la pose des gaines électrique. ',NULL,1,1,371,'2021-09-28 14:54:06','2021-09-28 15:09:34'),(207,'2021-09-24','2021-09-24 14:00:00','2021-09-24 17:00:00','03:00:00','Peinture murale sur le mur du fond de la cabine en peinture satinée sur le mur à droite et gauche de la cabine','',NULL,1,1,230,'2021-09-28 14:55:09','2021-09-28 15:41:15'),(208,'2021-10-22','2021-09-22 13:00:00','2021-09-23 11:00:00','05:00:00','marquage du sol pour bien d\'élimiter le sol pause des rails  au sol en forme de L fixage des rails en realisant des trous de 6tous les 60m mise en place des montant verticaux de 60cm lossature metalique en place poser les plaques de platres qui font 2,5 metres couper de 1cm utilisation des joints 30cm en haut et en bat  ','',NULL,1,1,372,'2021-09-28 15:22:13','2021-09-28 15:23:58'),(209,'2020-09-24','2020-09-22 14:00:00','2020-09-27 15:00:00','10:00:00','Chantier déjà balisé avant de commencer\r\nJe m\'équipe de mes EPI\r\n\r\nPOSE DE LA STRUCTURE METALLIQUE :\r\n\r\nJe prends l’équerrage à 90° par rapport à la cloison existante avec une équerre de maçon.\r\nJe trace au sol l\'emplacement intérieur du rail et je coupe mon rail à la bonne longueur (175cm). \r\nAvec mon niveau laser je fais le marquage en partie haute.\r\nJe perce 5 trous au perforateur et je fixe mon rail au sol. Idem pour le rail haut avec des vis à Bois : 5\r\n\r\nJe prends le deuxième équerrage  au bout du rail précédemment posé,à 90° afin de construire mon L. je laisse un espace égal à une feuille de placo avant de fixé mon rail. Même principe que l\'étape précédente avec le report des côtes en haut, puis je fixe mes deux rails avec pose d\'un sabot de 15 cm sur le rail du sol pour la fixation de la porte. le rail du haut est posé en totalité. Je mesure l\'embrasure de la porte et je pose le dernier morceau de rail avec un sabot également.\r\nMes rails sont posés, je présente mes montants et je les sertis tout les 60 cm maxi(axe-axe) pour la 1ère partie, sans sertir le rail à l\'intérieur du L pour permettre le passage de la plaque de plâtre de l\'autre cloison.\r\n(ceux touchants une cloison sont seuls les autres sont doublés)\r\n\r\nJe fixe mes montants sur la deuxième partie en partant par la droite.\r\n\r\nJe présente maintenant le bloc-porte (sans l\'avoir \"ouvert\") entre les deux sabots, je fixe un montant de chaque côté de celle-ci. Je mets la porte d\'aplomb et je sertie ensuite les montants. \r\n\r\nJe réalise pour terminé un sabot au dessus de la porte et positionne les derniers montants.\r\n\r\nJe nettoie le chantier et je range les morceaux ou chutes métalliques dans le stock ou à la benne dechets métalliques. \r\n\r\nJ\'enlève les éléments qui maintiennent la porte d’équerre, et je vérifie son bon fonctionnement.\r\n\r\nPOSE DES PLAQUES DE PLÂTRE :\r\n\r\nJe découpe ma première plaque à la bonne hauteur et la positionne à l\'aide d\'une lève-plaques. je laisse 1 centimètre par rapport au sol. Je la positionne dans l\'angle créé afin de pouvoir venir fixer dessus le seul montant que j\'ai laissé volant.\r\nJe fixe ma plaque à l\'aide de vis à placo de 25 mm. 1 tout les 30 centimètres maximum (soit entre 34 et 38 vis par plaque complète avec des montants doubles au milieu).\r\n\r\nJe termine la pose de ma première cloison en réalisant (si nécessaire) une coupe contre la cloison existante afin de rattraper une éventuelle erreur d\'aplomb de celle-ci.\r\n\r\n\r\nJe continu la pose en limitant les espacements entre celles-ci pour éviter au maximum la pose de MAP.\r\nLa pose des 2 plaques de chaque côté de la porte a été réalisé à la verticale sur la hauteur totale de la cloison. une chute a servie à combler l\'espace au dessus.\r\n\r\nje nettoie mon chantier au fur et à mesure.\r\n\r\n\r\n\r\n','Boucher les espaces entre plaques de plâtre supérieurs à 3 mm',NULL,1,1,373,'2021-09-28 15:28:36','2021-09-29 09:03:45'),(210,'2021-09-23','2021-09-23 13:00:00','2021-09-23 17:00:00','04:00:00','Pose d\'une cloison de séparation et d\'une retombée en plaque de plâtre.\r\nMise en place des rails au sol et en haut.\r\nPose des montants et mise en place de la retombée avec des chutes de montant.\r\nVisage des plaques de plâtre après découpe sur la structure métallique.\r\n','réalisation des bandes.',NULL,1,1,374,'2021-09-28 15:29:06','2021-09-28 16:15:56'),(213,'2021-09-29','2021-09-29 13:00:00','2021-09-29 15:00:00','02:00:00','Réaliser entaillage sur carreau céramique à l\'aide d\'une disqueuse (non présente sur outils magasin) \r\nDécoller les gros morceaux à l\'aide du burin et massette\r\nNettoyer le support (aspirateur)\r\nRéaliser ragréage et attendre 24h \r\nRéaliser la coupe du carreau\r\nPréparer la mortier colle, l\'appliquer au sol à l\'aide d\'un peigne et coller le carreau\r\nMettre les croisillons de 4mm et baliser la zone \r\nLe lendemain mettre le joint mortier gris ','',NULL,4,3,342,'2021-09-28 15:31:25','2021-09-28 16:08:37'),(214,'2021-09-28','2021-09-28 10:01:00','2021-09-29 10:00:00','04:00:00','pose de toiles de verres et intisse ','',NULL,2,1,205,'2021-09-28 15:33:51','2021-09-29 21:26:32'),(215,'2021-09-28','2021-09-28 12:30:00','2021-09-28 14:30:00','02:00:00','installations des rails sur les bords et montant renforcer les montant avec une suspense au centre avec des joints installation du plafond avec joints.','',NULL,1,1,381,'2021-09-28 15:44:08','2021-09-28 15:44:27'),(216,'2020-09-24','2021-09-24 08:00:00','2021-09-28 09:00:00','04:00:00','Je m\'équipe de mes EPI et je vais vérifier le balisage du chantier.\r\n\r\nSTRUCTURE :\r\n\r\nJe prends les côtes en allant mesurer différentes cabines voisines.\r\n\r\nCette cloison est à poser en parallèle de notre première cloison créée et représente un L en 3D. la longueur total est de 175 cm et la portée au sol est de 30 cm côté droit.\r\n\r\nJe prends le côtes de chaque côté de cette cloison existante et avec mon niveau laser je marque le positionnement haut du rail. Je trace au crayon l\'emplacement intérieur ou extérieur haut et bas.\r\nJe fixe mes rails bas avec des chevilles à frapper en faisant des trous de 6 mm avec un perforateur électrique, puis le rail haut avec des vis.\r\n\r\nJe présente les 2 montants de la retombée (30 cm fini au sol), je les mets d\'aplomb et les sertis.\r\npour la cloison haut de 20 centimètres de hauteur et 145 cm le longueur je coupe un rail de 160 cm et réalise des sabots de parts et d\'autres afin de fixer ces sabots sur une structure plus rigide. je positionne maintenant mes montants et les sertis.\r\nJe dépose les déchets métalliques dans le seau prévu à cette effet.\r\nJe range les chutes métalliques \r\n\r\nPLACO :\r\n\r\nPour la partie appuyée au sol je découpe 2 plaques de plâtre de la hauteur voulue moins 1 cm (249 cm) puis sur la largueur je laisse 13 mm de plus afin de pouvoir combler avec une bande de placo de 48 mm. je fixe ces 3 plaques avec des vis à placo de 25 mm en respectant l\'écartement de 30 cm entre chaque vis.\r\n\r\nPour la partie haut, même processus que précédemment. Sur la hauteur je laisse 13 mm de plus que la hauteur de la structure et sur la longueur j\'ajuste au mieux. je fixe l\'ensemble dans les règles de l\'art.\r\n\r\nJe nettoie le chantier au fur et à mesure. j\'ai un seau pour déchets placo et un seau pour déchets métalliques à proximité. \r\n','vérification et rebouchage au MAP si nécessaire',NULL,1,1,376,'2021-09-28 15:51:47','2021-09-29 09:11:37'),(217,'2021-09-29','2021-09-29 08:00:00','2021-09-29 11:00:00','03:00:00','Faire de l\'enduit de finition pour amélioration de la bande au plafond\r\nAppliquer sur la bande l\'enduit et le ratisser au maximum\r\nLaisser sécher 1h30 puis poncer la bande\r\nDépoussiérer le plafond et faire les rechampis et appliquer la peinture mat blanche au plat','',NULL,2,3,340,'2021-09-28 16:13:24','2021-09-28 16:45:01'),(218,'2021-09-22','2021-09-22 10:00:00','2021-09-22 17:00:00','01:40:00','Pose de faïence au fond de la cabine et réalisation des joints en blanc.\r\n','',NULL,2,1,180,'2021-09-28 16:16:38','2021-09-28 16:37:42'),(219,'2021-09-22','2021-09-22 13:00:00','2021-09-23 16:30:00','07:00:00','gants chaussures de securité casque outils utilisés joints vice perceuse règle a maçon niveau escabeau cutter crayon dimensions 240 de longueur et 140 de largeur l\'emplacement des rails en forme de L l\'intervention réalisé selon les mesures du sol des rails et des placos nettoyage des locaux après les travaux ','',NULL,1,1,375,'2021-09-28 16:21:48','2021-09-28 16:22:24'),(220,'2021-09-27','2021-09-27 09:00:00','2021-09-28 10:00:00','03:00:00','Pose d\'une retombée de 20 cm par 175 cm.\r\nMise en place d\'une traverse en bois pour la pose du rail supérieur de la retombée.\r\nMise en place du rail inférieur de la retombée avec un maximum de chutes de montant.\r\nPuis pose des plaques de plâtre après les avoir découpée dans un maximum de chute de plaque de plâtre.\r\n\r\n','Bandes de plâtre à réaliser',NULL,1,1,377,'2021-09-28 16:24:03','2021-09-29 09:23:40'),(221,'2021-09-28','2021-09-28 16:36:00','2021-09-28 16:47:00','00:10:00','pom','pom',NULL,1,1,388,'2021-09-28 16:37:39','2021-09-28 16:37:59'),(222,'2021-09-28','2021-09-28 16:36:00','2021-09-28 16:48:00','00:10:00','pm','pom',NULL,1,1,388,'2021-09-28 16:39:18','2021-09-28 16:39:32'),(223,'2021-09-13','2021-09-28 10:00:00','2021-09-28 12:00:00','02:00:00','Pose de plinthe et champlat autour d une porte','',NULL,1,1,189,'2021-09-28 16:53:57','2021-09-28 16:54:16'),(224,'2021-09-24','2021-09-24 14:00:00','2021-09-27 11:00:00','02:00:00','Pose d\'une retombée sur le devant de la cabine. longueur 175 cm hauteur 20 cm\r\n\r\nPort des EPI et vérification du balisage du chantier.\r\n\r\nPOSE DE LA STRUCTURE :\r\n\r\nCette retombée est parallèle à la précédente déjà réalisée.\r\n\r\nA partir de cette 1ère cloison et d\'après mon plan, je mesure de chaque côté la côte nécessaire entre les deux cloisons et je vérifie avec le niveau laser la concordance des points.\r\n\r\nJe marque à plusieurs endroit sur le trait du laser des repères.\r\n\r\nJe trace et découpe mon rail à la bonne longueur 175 cm. Je le fixe en partie haute avec 5 vis à bois.\r\n\r\nDécoupe d\'un rail de 205 cm avec élaboration de 2 sabots de 15 cm à chaque extrémité pour le fixer sur les parties latérales et assurer une meilleure rigidité de l\'ensemble. La fixation s\'effectue avec 2 vis à bois côté OSB et 2 vis à placo côté gauche avec pose d\'un renfort arrière.\r\n\r\nJe découpe maintenant 4 petits morceaux de montants que je les sertis. 1 à chaque extrémité puis 1 à 60 cm et l\'autre à 120 cm. je marque des repères pour mes montants centraux.\r\n\r\nStructure terminée, je mets les déchets dans la benne prévue à cette effet, je balaye si nécessaire.\r\n\r\nPOSE DU PLACO :\r\n\r\nPour la découpe des plaques de plâtre j\'utilise une règle de maçon de 3 mètres, 1 cutter et une scie à placo. \r\n\r\nJe mesure la longueur haute et basse de la structure pour ajuster au mieux les plaques verticales. A la mesure de la hauteur, je rajoute 13 mm correspondants à l\'épaisseur de la plaque de plâtre. Je découpe mes 2 plaques et les fixes avec 8 vis à placo chacune.\r\n\r\nJe termine en découpant le bandeau horizontal de 48 mm de large que je fixe avec 4 vis à placo.\r\n\r\nJe mets les déchets dans la benne prévue à cette effet, je balaie. \r\n\r\n\r\n\r\n \r\n\r\n','rebouchage au MAP',NULL,1,1,379,'2021-09-28 19:12:01','2021-09-29 09:16:58'),(225,'2021-09-16','2021-09-16 08:00:00','2021-09-16 14:15:00','03:00:00','Questionnaire et épreuves pratiques.\r\n. Consignation\r\n. Observation\r\n. Recherche \r\n. Interventions\r\n. Ballissage(sécurité) \r\nVérifier les EPI(tapis isolant, casque visière, gants latex, gants entchoc)\r\nIntervention sur circuit inter lampe.\r\nIntervention sur prise électrique défectueux\r\nEntretient avec formateur sur le questionnaire ','',NULL,5,4,284,'2021-09-28 20:16:23','2021-09-28 21:27:09'),(226,'2021-07-05','2021-07-05 10:00:00','2021-07-09 10:00:00','08:00:00','Mise en place d\'un câble pour l\'alimentation de la boîte de dérivation au tableau électrique.\r\n. Prendre les côtes et les marquer, pour chaque élément (prise interrupteur appliqué lumineux, tableau électrique)\r\n. Percer à la scies cloche adapter les trou pour les prise et interrupteur. \r\n','',NULL,5,1,291,'2021-09-28 20:19:52','2021-09-28 21:57:25'),(227,'2021-09-28','2021-09-28 20:22:00','2021-09-28 20:22:00','01:20:00','Uu',NULL,NULL,6,2,300,'2021-09-28 20:22:44',NULL),(228,'2021-09-28','2021-09-28 10:30:00','2021-09-28 14:00:00','02:30:00','Pose d\'un plafond en placo avec une structure métallique rails-montants\r\n\r\nJe m\'équipe de mes EPI et vérifie le balisage du chantier.\r\n\r\nPOSE DE LA STRUCTURE :\r\n\r\nJe vais poser une structure rectangulaire, d\'après la cote donnée par le formateur. Je fait un report de mon trait d\'emprunt et je rajoute 13 mm.\r\n\r\nA l\'œil et à hauteur du report fait, je fixe verticalement une chute de rail dans la structure avec une vis à placo de 55 mm. cela va servir à supporter le support aimanté de mon niveau laser. je pose mon niveau laser et ajuste la mire horizontale sur mon report. Je trace des reports sur les côtés à railler. \r\n\r\nJe découpe et pose mes rails et je profite de la structure existante pour fixer mes vis. \r\n\r\nJe découpe mes 6 petits morceaux de montants. 2 de chaque côtés et 4 jumelés par 2 pour le centre. je les sertis dans les rails.\r\n\r\nMa structure est terminée je dépose les chutes dans la benne ou le seau pour les plus petits.\r\n\r\nPOSE DU PLACO :\r\n\r\nJe vérifie avec une chute de placo suffisamment grande le bon équerrage des angles. De l\'angle le plus droit, je mesure la longueur et la largueur et les reportes sur la plaque finale. De ces 2 points je report la longueur et la largueur non encore mesurées et les faits se rencontrer en un point par des arcs de cercle. je découpe et présente ma plaque. \r\n\r\nJe vise en respectant la règle des 30 cms entre chaque vis.   \r\n\r\nJe dépose les petites chutes dans la benne, je range les grandes et balaie mon chantier.\r\n','rebouchage au MAP si nécessaire',NULL,1,1,382,'2021-09-28 21:45:46','2021-09-29 09:32:48'),(229,'2021-09-29','2021-09-29 10:00:00','2021-09-29 14:30:00','02:30:00','Construction d\'une gaine technique de 30x15 cm\r\n\r\nJe m\'équipe de mes EPI et je vérifie le balisage du chantier.\r\n\r\n\r\nSTRUCTURE DE 15 CM :\r\n\r\n1 ) Je prends les cotes hautes et basses et réalise un marquage (à 30 cm de l\'angle droit de départ).\r\n\r\nJe vérifie la verticalité des 2 points avec mon niveau laser et je prends comme référence le point le plus à l\'extérieur. Je trace mon trait verticale en déduisant 13 mm.\r\n\r\n2) Le prends mon équerre pour tracer au sol l\'emplacement du rail et transfert au plafond le marquage à l\'aide du niveau laser.\r\n\r\nFixation du rail au sol avec 2 chevilles à frapper et au plafond par 2 chevilles à expansion. il est nécessaire de faire des trous avec une foret à métal pour le haut et de faire un repérage avant de fixer les chevilles.\r\nJe réalise aussi bien en haut que en bas un sabot de 15 cm pour verrouiller le montant à l’extrémité. \r\n\r\nJe mesure et découpe maintenant mes 2 montants. Pour celui à fixer contre la cloison en placo je réalise des 3 trous avec une mèche à métal. Je la présente et fait un marquage des trous sur la plaque de plâtre. Je fais des trous de 8 mm dans le plaque de plâtre avec visseuse et mèche adaptées, je fixe mes chevilles à expansion afin une pince adaptée. je fixe.\r\nJe sertis ensuite le 2ème montant. \r\n\r\nSTRUCTURE 30 CM\r\n\r\nJe reproduit la procédure 1) mais à 15 cm de l\'autre côté de l\'angle droit.\r\n\r\nJe trace mes traits haut et bas en partant de mon repère en m\'alignant sur le rail précédemment posé. je découpe mes rails, fixe celui du haut, perce les trous au sol pour celui du bas mais je ne le fixe pas.\r\n\r\nje découpe mes montants, perce 3 trous à la mèche métallique dans un des deux pour le fixer contre la cloison en placo. je fixe mes 3 chevilles verticales.\r\n\r\nJe suis prêt a fixer la structure. j’emboîte mes montants dans le rail haut puis bas et je positionne les trous de rail bas en face des trous réalisés dans la dalle. je fixe mes 2 chevilles à frapper, je fixe mes 3 vis dans les chevilles à expansion et j\'assemble pour terminer les 2 montants situés dans l\'angle.\r\n\r\nStructure terminée, je dépose les chutes dans la benne dédiée à cette effet.\r\n\r\nPOSE DU PLACO.\r\n\r\nJe découpe en premier la plaque de 15 cm et la fixe à 1 cm du sol. vis tout les 30 cm.\r\n\r\nJe présente ensuite une plaque pour retour. elle sera 3 à 4 cm trop large.\r\nje marque celle-ci intérieurement en traçant le long de la plaque déjà posée.\r\n\r\nJe découpe à la scie à placo. Je représente et fixe cette fois ma plaque.\r\n\r\nJ\'ajuste l\'angle droit avec une rappe et un cutter.\r\n\r\nMon chantier est terminé, je balaie et dépose les petits déchets dans la poubelle, les plus grands sont conservés.\r\n\r\nDIFFICULTÉS RENCONTRÉES :\r\n\r\nTechniquement aucune difficulté. \r\nMatériel mis à disposition de bonne qualité avec un très large éventail.\r\nL\'utilisation du référentiel SINIAT à été un élément nécessaire pour connaitre la bonne mise en œuvre des structures et des plaques. \r\nJe suis très content de notre réalisation. \r\nJe pense que cette partie \"Maintenance des aménagements intérieurs\" est celle que je maîtrise le mieux.\r\n\r\nENTENTE AVEC LES COLLÈGUES :\r\n\r\nAucun problème relationnel avec mes collègues quelque soit la session.\r\nGlobalement souriants et disponibles\r\n\r\nTravail en trinôme pas très facile :\r\n- difficile de travailler dans un espace réduit efficacement,\r\n- pas le même niveau d\'expérience et/ou de compétences,\r\n- pas le même dynamisme,\r\n- pas les mêmes besoins (j\'ai envie de découvrir le maximum de choses durant cette formation).\r\n \r\nje prends cependant du temps pour expliquer, responsabiliser, vérifier la bonne compréhension de l\'action entreprise, à celui ayant le moins d\'expérience.\r\nCela est normal de partager, le tout dans la bonne humeur!!! mais il me serait difficile de me substituer au formateur.\r\n\r\n\r\n','',NULL,1,1,385,'2021-09-28 22:29:47','2021-09-29 21:32:28'),(230,'2021-09-29','2021-09-29 09:30:00','2021-09-29 11:30:00','02:00:00','Pose d\'un lave main sur faience ',NULL,NULL,8,1,319,'2021-09-29 09:21:00',NULL),(231,'2021-09-30','2021-09-30 08:00:00','2021-09-30 17:00:00','08:00:00','Pose d\'un wc et de ces alimentation et évacuation',NULL,NULL,8,1,356,'2021-09-29 09:24:05',NULL),(232,'2021-10-04','2021-11-04 10:00:00','2021-11-04 15:00:00','04:00:00','Pose d\'un revêtement mural type toile de verre',NULL,NULL,2,1,203,'2021-09-29 09:26:31',NULL),(233,'2021-10-05','2021-11-05 10:00:00','2021-10-05 14:00:00','03:00:00','Mise en peinture du plafond de la cabine',NULL,NULL,2,1,218,'2021-09-29 09:28:57',NULL),(234,'2021-10-06','2021-11-06 09:28:00','2021-11-06 14:00:00','03:00:00','Mise en peinture du bloc porte ainsi que des chants plats et plinthes',NULL,NULL,2,1,244,'2021-09-29 09:32:50',NULL),(235,'2021-10-07','2021-10-07 09:30:00','2021-10-07 15:00:00','03:00:00','Mise en peinture du mur du fond de la cabine',NULL,NULL,2,1,231,'2021-09-29 09:34:51',NULL),(236,'2021-09-24','2021-09-24 08:30:00','2021-09-27 16:30:00','07:00:00','le travail a été réaliser en respectant la pause normal des rails, la distance des joints de 30cm, les montant bien équilibré, les placos bien fixé. le port des chaussures de sécurité les gants le respect des mesures de sécurités distance établie entre le lieux de travail et les passants. il y a des plaques de platre qui ont été pausé normalement 250 longueur et 120 de largeur. l\'ossature métallique réalisé par la pause des rails forme de L et fixation des montants. l\'intervention a été réaliser dans le partage des idées, la prise des informations le suivie du plan de travail établie.','',NULL,1,1,378,'2021-09-29 09:39:22','2021-09-29 09:39:33'),(237,'2021-09-28','2021-09-28 10:30:00','2021-09-28 14:30:00','03:00:00','Pose d\'un plafond en plaque de plâtre sur ossature métallique au fond de la cabine à 2,4 m.\r\nPose des rails sur le fond de la cabine et à l\'intérieur de la première retombée.\r\nMise en place des montants à l\'intérieur des rails.\r\nPose de la plaque de plâtre après découpe.\r\n','Réalisation des bandes de plâtres.',NULL,1,1,380,'2021-09-29 09:46:31','2021-09-29 09:48:03'),(238,'2021-09-28','2021-09-28 08:30:00','2021-09-28 13:30:00','06:00:00','critères d\'appréciation le travail a été bien réalisé dans l\'ensemble respect des consignes sur la pause des rails des montants fixation des placos installation des vices et joints. ports des équipements de protection ( gants, tenu, chaussures de sécurité, ...) respect des dimensions des rails, montants, vice, joints de 30cm,utilisation du niveau lasser.Intervention réalisé en groupe avec partage d\'idées solutions apporté dans la bonne ambiance confiance en soi pour la bonne réalisation du travail. nettoyage de son espace personnel de travail en faisant un tri dans la caisse a outils après chaque journée de travail pour le bien sanitaire.','',NULL,1,1,384,'2021-09-29 10:21:35','2021-09-29 10:21:49'),(239,'2021-09-22','2021-09-22 13:00:00','2021-09-22 15:00:00','02:00:00','Pose de dalles PVC coller sur le sol partie gauche','',NULL,2,1,261,'2021-09-29 11:33:20','2021-09-29 11:43:09'),(240,'2021-09-23','2021-09-23 13:00:00','2021-09-23 15:00:00','02:00:00','Réalisation du calepinage\r\nTraçage des horizontalité\r\nMise en place de la structure métallique (porteur, entretoise , coulisseaux et suspentes)\r\nPréparation et pose des dalles\r\n','',NULL,2,1,163,'2021-09-29 13:27:08','2021-10-11 11:17:43'),(241,'2021-09-15','2021-09-15 13:00:00','2021-09-15 15:00:00','02:00:00','Peinture bloc porte et des plinthes','Non',NULL,1,1,240,'2021-09-29 13:30:15','2021-09-29 13:41:13'),(242,'2021-07-13','2021-07-14 08:00:00','2021-09-15 12:00:00','04:00:00','Validé par Lionel','',NULL,1,1,151,'2021-09-29 13:53:03','2021-09-29 13:53:10'),(243,'2021-07-26','2021-07-26 08:00:00','2022-03-26 00:00:00','04:00:00','Validé par Lionel','',NULL,1,1,158,'2021-09-29 13:55:04','2021-09-29 13:55:12'),(244,'2021-07-27','2021-07-27 08:00:00','2021-07-27 12:00:00','04:00:00','Validé par Lionel','',NULL,1,1,165,'2021-09-29 13:56:42','2021-09-29 13:56:49'),(245,'2021-08-23','2021-08-23 08:00:00','2021-08-23 12:00:00','04:00:00','Validé par Lionel','',NULL,5,1,289,'2021-09-29 14:00:01','2021-09-29 14:00:12'),(246,'2021-09-29','2021-09-29 11:00:00','2021-09-29 14:00:00','02:00:00','Changement d\'un lé','Non',NULL,4,3,386,'2021-09-29 14:02:03','2021-09-29 14:07:46'),(247,'2021-09-28','2021-09-29 14:00:00','2021-09-29 10:00:00','02:00:00','démontage de la bonde et siphon du lavabo\r\ndémontage circuit évacuation cuivre puis remplacement par un tuyau pvc de 32\r\nraccordement du siphon  vérification  de l\'écoulement des eaux usée.\r\nnettoyage de l\'ancien joint silicone  puis repose d\'un nouveau joint silicone blanc entre lavabo et faïence\r\nnettoyage du lieu d\'intervention évacuation des déchets  dans les bennes de tri.','',NULL,8,3,392,'2021-09-29 14:09:22','2021-09-29 14:10:19'),(248,'2021-09-29','2021-09-29 08:00:00','2021-09-29 11:00:00','03:00:00','Partie télérupteur validé par Lionel\r\nCablage du contacteur jour/nuit réussi avec vérif de Lionel\r\n','',NULL,5,3,276,'2021-09-29 14:15:04','2021-10-11 09:16:10'),(249,'2021-08-24','2021-08-24 08:00:00','2021-09-24 00:00:00','04:00:00','Validé par Lionel','',NULL,5,1,265,'2021-09-29 14:23:00','2021-09-29 14:23:22'),(250,'2021-09-28','2021-09-28 14:00:00','2021-09-29 10:00:00','02:00:00','Démontage bonde et siphon de lavabo \r\nnettoyage support et remise matériel neuf\r\nmise en place , après coupe du tube cuivre de 32 \r\nvérification de l\'écoulement ;\r\nnettoyage et pose d\'un joint silicone entre le lavabo et la faïence\r\nnettoyage du local ','',NULL,8,3,398,'2021-09-29 14:34:27','2021-09-29 15:17:18'),(251,'2021-09-28','2021-09-29 12:00:00','2021-09-29 16:00:00','04:00:00','déposé l\'ancien WC\r\nCasser casse du siphon en porcelaine la cuvette délicatement\r\nPrésenter la nouvelle pipe pour la recouper par rapport au nouveau \r\nPrésenté le nouveau WC pour tracer le perçage et fixation de la nouvelle cuvette avec chasse d\'eau \r\nraccordement du robinet de chasse d\'eau\r\nmise en service de l\'ensemble\r\nnettoyage du chantier.','',NULL,10,1,393,'2021-09-29 15:15:19','2021-09-29 16:05:37'),(252,'2021-09-28','2021-09-28 14:00:00','2021-09-29 10:00:00','02:00:00','démontage et remontage cuvette wc complète','',NULL,8,1,394,'2021-09-29 15:22:49','2021-09-29 15:23:40'),(253,'2021-09-28','2021-09-28 14:00:00','2021-09-29 10:00:00','02:00:00','démontage et remontage cuvette wc','',NULL,8,1,396,'2021-09-29 15:28:19','2021-09-29 15:28:31'),(254,'2021-09-28','2021-09-28 14:00:00','2021-09-29 10:00:00','01:30:00','L\'ensemble des travaux sont réalisés.','',NULL,10,3,395,'2021-09-29 15:32:52','2021-09-29 16:05:16'),(255,'2021-09-29','2021-09-29 10:30:00','2021-09-29 14:30:00','03:00:00','Mise en place d\'une gaine technique en plaque de plâtre au fond à droite de la cabine de 15 cm de large et\r\n30 cm de profondeur.\r\nMise en place de l\'ossature métallique avec des chutes de rail et des montant de 48 mm.\r\nLes rails on était fixé à l\'aide de chevilles à frapper au sol et de chevilles à expansion au plafond.\r\nLes montants on étais fixé au mur avec des chevilles à expansion et sertie pour les autres.\r\nPuis après leurs découpes,au maximum dans des chutes, les plaques de plâtre ont était posées.','Reste a réaliser les bande de plâtre.',NULL,1,1,383,'2021-09-29 15:33:21','2021-09-29 15:44:27'),(256,'2021-09-29','2021-09-29 13:38:00','2021-09-29 15:38:00','01:00:00','pmo','',NULL,1,1,369,'2021-09-29 15:39:40','2021-09-29 15:40:15'),(257,'2021-09-29','2021-09-29 15:41:00','2021-09-29 15:44:00','00:20:00','pmo',NULL,NULL,2,1,400,'2021-09-29 15:44:24',NULL),(258,'2021-09-23','2021-09-23 15:00:00','2021-09-29 17:00:00','02:00:00','Pose de plinthes sur le sol PVC et champlat sur le pourtour de la porte avec réglage.\r\n','',NULL,2,1,193,'2021-09-29 15:58:36','2021-10-04 08:38:47'),(259,'2021-09-28','2021-09-28 14:00:00','2021-09-28 15:00:00','01:00:00','remplacement syphon lave main ','',NULL,10,3,397,'2021-09-29 16:10:05','2021-09-29 16:10:23'),(260,'2021-09-28','2021-09-28 14:07:00','2021-09-28 15:07:00','01:00:00','Remplacement d\'un syphon de lavabo','',NULL,10,3,399,'2021-09-29 16:25:00','2021-09-29 16:25:53'),(261,'2021-07-07','2021-07-07 08:00:00','2021-08-11 17:00:00','08:00:00','Sur la cloison du fond de cabine, réaliser un circuit prise, un circuit éclairage en applique et en plafond commandé par un interrupteur double allumage (voir plan et consignes). Ces circuits seront raccordés dans un boite de dérivation. Réaliser le schéma unifilaire de votre cabine et du tableau électrique.\r\nTRAVAUX HORS TENSION La mise sous tension se fera avec le formateur.\r\n','Fiche remplie sur exel \r\n',NULL,1,1,272,'2021-09-29 16:29:19','2021-10-08 08:48:16'),(262,'2021-09-30','2021-09-30 08:00:00','2021-09-30 00:00:00','04:00:00','Protéger le sol \r\nReboucher les trous de passage de clous sur les champlats avec de la pâte à bois et attendre 2h, ponçer, faire les rechampis et peindre\r\nFaire un joint acrylique sous et au dessus des plinthes\r\nFaire les rechampis et ensuite peindre l\'ensemble de plinthes\r\nIdem pour le cadre de porte et la porte ','',NULL,2,1,238,'2021-09-30 15:55:09','2021-09-30 16:03:24'),(263,'2021-09-30','2021-09-30 11:00:00','2021-09-30 15:30:00','03:00:00','.Prise des mesure pour trouve le point le plus haut (2,30m).\r\n.Mise en place du niveau laser .\r\n.faire un calepinage pour déterminer ou mettre notre porteur.\r\n.Pose d\'une ossature métallique(porteur ,cornière et des entretoise).\r\n.découpe de plaque de BA13 au dimension. ','',NULL,1,1,401,'2021-10-01 08:56:12','2021-10-01 09:21:06'),(264,'2021-10-01','2021-10-01 09:03:00','2021-10-01 09:13:00','00:10:00','mmm','',NULL,1,1,402,'2021-10-01 09:10:02','2021-10-01 09:21:32'),(265,'2021-10-01','2021-10-01 09:24:00','2021-10-01 09:27:00','00:10:00','kk',NULL,NULL,1,1,403,'2021-10-01 09:27:51',NULL),(266,'2021-10-04','2021-10-04 14:00:00','2021-10-04 17:00:00','03:00:00','Traçage et mis en place de rails pour faciliter la Pose de neuf carreaux de faïence au font de la cabine sur cloison BA13,depose des rails de guide, joint au mortier blanc et finition réalisée','',NULL,1,1,406,'2021-10-03 07:56:42','2021-10-05 21:06:29'),(267,'2021-09-28','2021-09-28 15:30:00','2021-09-29 12:00:00','05:30:00','Création d\'un plafond démontable, dalle 60x60 en BA13 sur ossature T24 a une hauteur sous plafond de 2,40 mètre','',NULL,1,1,408,'2021-10-03 08:03:02','2021-10-04 06:22:35'),(268,'2021-10-21','2021-10-21 08:00:00','2021-10-21 12:10:00','04:00:00','Pose d\'un lavabo sur colonne vidage et alimentation en ef ec.','Non',NULL,8,1,322,'2021-10-03 18:28:24','2021-10-04 08:20:20'),(269,'2021-09-07','2021-09-07 09:20:00','2021-09-07 10:21:00','01:00:00','Rrr',NULL,NULL,7,3,303,'2021-10-04 09:35:52',NULL),(270,'2021-10-01','2021-10-01 15:00:00','2021-10-01 17:00:00','02:00:00','préparation du support\r\nprotection du sol\r\napplication de la peinture laquée\r\nessuyer les peinture dépassant\r\nnettoyage des outils\r\nrangement des outils\r\n','',NULL,3,1,245,'2021-10-04 14:27:04','2021-10-06 15:35:56'),(271,'2021-09-20','2021-09-20 16:00:00','2021-09-20 13:00:00','03:00:00','mesure de la hauteur et largeur des murs puis traçage au mur d\'une ligne d\'aplomb ensuite découpe de la toile de verre et de l\'intissé        \r\nPose de toile de verre sur le mur du fond de la cabine peint en blanc satin.\r\nPose d\'un intissé peint blanc satin sur le mur à droite + retour poteau en totalité.\r\n','',NULL,2,1,207,'2021-10-04 19:22:20','2021-10-04 19:46:34'),(272,'2021-09-27','2021-09-27 09:00:00','2021-09-28 10:00:00','02:00:00','correction d\'une bande a joint au plafond ponçage puis repassage d\'enduit de finition séchage ponçage puis peinture blanc  mat       ','',NULL,1,3,370,'2021-10-04 19:55:00','2021-10-04 20:13:52'),(273,'2021-10-04','2021-10-04 09:00:00','2021-10-05 10:00:00','09:00:00','Contrôle de planéité du support existant, réalisation d\'un ragréage, traçage du calepinage et pose des carreaux et plaintes sur mortier colle .Joint de finition gris. Nettoyage et protection de l\'ouvrage. poteau de balisage','kjhv ',NULL,2,1,404,'2021-10-05 06:35:40','2021-10-08 06:20:39'),(274,'2021-06-01','2021-06-01 08:00:00','2021-06-01 17:30:00','08:00:00','Vue avec Lionel ','',NULL,1,1,149,'2021-10-05 08:47:57','2021-10-05 08:48:03'),(275,'2021-08-02','2021-08-02 09:00:00','2021-08-02 16:00:00','06:00:00','prise de mesure avec laser + mètre\r\n\r\nPose des raille + montant\r\n\r\ncoupe placo + pose\r\n\r\npose joint + bande\r\n\r\nponçage + pose primaire d\'accroche','',NULL,1,1,153,'2021-10-06 08:22:39','2021-10-06 08:46:02'),(276,'2021-09-13','2021-09-13 09:00:00','2021-09-13 12:00:00','03:00:00','Mesure + coupe + pose corniére\r\n\r\nMesure + coupe + pose porteur\r\n\r\nMesure + coupe + entretoise 120 cm et 60 cm\r\n\r\nMesure + coupe + pose de dalle','',NULL,1,1,160,'2021-10-06 08:40:21','2021-10-06 08:54:38'),(277,'2021-09-20','2021-09-20 09:00:00','2021-09-20 15:00:00','05:00:00','Mesure + pose du tasseau \r\n\r\nPréparation + pose de colle sur carreau\r\n\r\nPose carreau + Attendre séchage\r\n\r\nPréparation joint + pose\r\n\r\nNettoyage','',NULL,2,1,176,'2021-10-06 09:14:21','2021-10-06 18:01:56'),(278,'2021-10-04','2021-10-04 14:00:00','2021-10-04 15:10:00','05:00:00','Nettoyage et préparation du sol\r\nPrise de colle\r\nTraçage\r\nDécoupé des dalles et pose a blanc\r\nApplication de la colle\r\nPose des dalles\r\n','',NULL,2,1,256,'2021-10-06 15:13:21','2021-10-06 15:32:32'),(279,'2021-09-27','2021-09-27 08:00:00','2021-09-27 10:00:00','03:00:00','étude de sol\r\ncouve-rire le sol joint acrylique\r\nragréage\r\ncalepinage\r\npose de carreaux \r\npose joint gris\r\nnettoyage\r\nrangement','',NULL,1,1,170,'2021-10-06 15:38:51','2021-10-06 15:56:42'),(280,'2021-09-07','2021-09-07 09:30:00','2021-09-07 10:30:00','01:00:00','Après avoir balisé le lieu d\'intervention ,et avec les matériaux et outils nécessaires. J\'ai commencé par vérifier quels joints des w.c fuyait. J\'ai donc constaté que la fuite venais du joint pipe. Protection du sol,dévissage du w.c et mis de côté,coupé la bague en plastique,enlevé le joint en caoutchoux,nettoyé les impuretés de la pipe. J\'ai donc remis ma bague neuve dans la pipe ensuite mon joint,retiré ma bague sur mon joint et réinstallation du w.c.','',NULL,8,1,123,'2021-10-06 18:12:53','2021-10-06 18:14:35'),(281,'2021-10-06','2021-10-06 09:00:00','2021-10-06 15:00:00','05:00:00','Contrôle et ponçage du ragréage, étalement de la colle émulation, temp de gommage et pose des dalles pvc. Nettoyage et balisage de la zone . ','',NULL,2,1,410,'2021-10-06 19:51:11','2021-10-07 05:12:13'),(282,'2021-09-24','2021-09-24 08:30:00','2021-09-24 12:00:00','04:30:00','Baliser la zone\r\nTraçage au sol\r\nMontage rail+montant\r\nPose placot\r\nNettoyage\r\nRangement','',NULL,1,1,150,'2021-10-07 08:34:40','2021-10-07 08:46:59'),(283,'2021-07-05','2021-07-05 08:00:00','2021-07-07 17:00:00','12:00:00','Recherche le point le plus de la cabine\r\n240 fini placot\r\nMontage de l\'ossature métallique plafond\r\nPose placot\r\nPose bandes\r\nApplication de l\'enduit\r\nNettoyage\r\nRangement','',NULL,1,1,156,'2021-10-07 09:03:06','2021-10-07 11:04:45'),(284,'2021-09-27','2021-09-27 10:00:00','2021-09-27 02:00:00','03:00:00','Peinture du plafond et protection au sol et rechampi','',NULL,1,1,224,'2021-10-07 09:45:32','2021-10-07 10:38:15'),(285,'2021-09-01','2021-09-01 09:00:00','2021-09-01 12:00:00','02:00:00','Protection du sol et accessoires\r\nPremier couche de peinture\r\n2éme couche de peinture\r\nNettoyage outils \r\nRangement\r\nBaliser','',NULL,1,1,232,'2021-10-07 10:42:24','2021-10-07 10:53:37'),(286,'2021-09-28','2021-09-28 10:00:00','2021-10-28 04:00:00','05:00:00','Protection du sol et mur peinture muraux de la cabine','',NULL,1,1,237,'2021-10-07 10:52:20','2021-10-07 11:06:06'),(287,'2021-10-07','2021-10-07 08:00:00','2021-10-07 11:09:00','04:10:00','Signaler \r\nBaliser \r\nApplication du montage de circuit électrique\r\nRaccordée boîte d\'alimentation\r\nProtection ip2x\r\nNettoyage\r\nRangement','',NULL,5,1,271,'2021-10-07 11:12:36','2021-10-07 11:30:06'),(288,'2021-10-04','2021-10-04 10:00:00','2021-10-07 14:00:00','03:00:00','Peinture bloc porte champlat et pleintes','',NULL,3,1,251,'2021-10-07 11:13:18','2021-10-07 11:25:14'),(289,'2021-09-23','2021-09-23 09:00:00','2021-09-23 01:00:00','02:00:00','Demande à la clientèle le problème\r\nRecherche la panne\r\nSéparation\r\nLa condamnation\r\nIdentification\r\nVAT\r\nMalt','',NULL,6,2,283,'2021-10-07 11:52:35','2021-10-07 13:21:02'),(290,'2021-09-29','2021-09-29 13:00:00','2021-09-29 15:00:00','03:00:00','Séparation\r\nLa condamnation\r\nIdentification\r\nVat','',NULL,7,3,299,'2021-10-07 13:27:13','2021-10-07 13:40:20'),(291,'2021-10-05','2021-10-05 13:00:00','2021-10-05 15:31:00','03:00:00','Baliser la zone \r\nInstaller la bonde\r\nPoser le mitigeur\r\nInstaller le système de vidage\r\nFixer le lavabo\r\nRaccordée au circuit d\'EU','',NULL,8,1,330,'2021-10-07 15:34:58','2021-10-07 16:08:39'),(292,'2021-10-06','2021-10-06 08:00:00','2021-10-06 10:40:00','03:40:00','Préparer l\'installation des WC\r\nAssemblée les éléments de toilettes\r\nMonter le réservoir de chasse d\'eau sur la cuvette\r\nFixer la cuvette des WC au sol\r\nRaccordée l\'évacuation et les arrivées d\'eau\r\nJointoyer et poser l\'abattant de cuvette\r\nVérifier le bon fonctionnement du WC\r\n','',NULL,8,1,368,'2021-10-08 08:42:16','2021-10-08 09:12:38'),(293,'2021-09-29','2021-09-29 13:00:00','2021-09-29 15:30:00','02:30:00','Traçage de l\'aplomb\r\nDécoupe des lé\r\nApplication de la Cole\r\nPose des lé\r\nMarouflage des lé\r\nDécoupe des surplus\r\nNettoyage du surplus de colle \r\n','',NULL,2,1,206,'2021-10-08 08:54:08','2021-10-11 10:32:36'),(294,'2021-09-28','2021-09-28 10:15:00','2021-09-28 10:45:00','00:30:00','Protection du sol puis mise en peinture blanc mat du Plafond ','',NULL,2,1,222,'2021-10-09 06:17:50','2021-10-09 07:08:26'),(295,'2021-09-22','2021-09-22 13:00:00','2021-10-09 14:00:00','01:00:00','Protection du sol puis mise en peinture des revêtement mural en blanc satinée ','',NULL,2,1,235,'2021-10-09 06:20:20','2021-10-10 11:59:07'),(296,'2021-09-16','2021-10-09 08:00:00','2021-10-09 10:00:00','02:00:00','Formation b1v br questionnaire et évaluation pratique d\'identification, de vérification et de mise en œuvre des EPI','',NULL,5,4,287,'2021-10-09 06:24:42','2021-10-10 12:21:21'),(297,'2021-07-26','2021-07-26 10:30:00','2021-07-27 10:00:00','08:00:00',' réalisation d\'un circuit prise, d\'un circuit éclairage en applique et en plafond commandé par un interrupteur double allumage','',NULL,5,1,273,'2021-10-09 06:32:37','2021-10-10 20:18:45'),(298,'2021-09-30','2021-09-30 13:00:00','2021-09-30 14:00:00','01:00:00','Xhugh',NULL,NULL,7,3,302,'2021-10-09 06:37:08',NULL),(299,'2021-10-05','2021-10-09 09:00:00','2021-10-05 16:30:00','05:00:00','Gyhjj',NULL,NULL,8,1,363,'2021-10-09 06:51:09',NULL),(300,'2021-10-06','2021-10-06 11:00:00','2021-10-09 17:00:00','05:00:00','Cghh',NULL,NULL,8,1,326,'2021-10-09 06:54:41',NULL),(301,'2021-10-07','2021-10-07 09:00:00','2021-10-07 12:00:00','03:00:00','gttrff','',NULL,1,1,414,'2021-10-10 05:03:56','2021-10-11 04:47:53'),(302,'2021-09-14','2021-09-14 13:00:00','2021-09-14 16:00:00','03:00:00','Analyse de la situation \r\nRepérage des circuits\r\nRepérage des conducteurs sur la pieuvre\r\nMise en place des conducteurs manquant\r\nTest et contrôle de l\'installation\r\n','',NULL,7,3,301,'2021-10-11 10:55:24','2021-10-11 11:06:50'),(303,'2021-10-11','2021-10-11 11:00:00','2021-10-11 12:08:00','00:10:00','pihi','',NULL,4,1,438,'2021-10-11 12:11:35','2021-10-11 12:11:48'),(304,'2021-10-11','2021-10-11 15:23:00','2021-10-11 16:18:00','00:30:00','pmoi','',NULL,1,1,437,'2021-10-12 09:18:53','2021-10-12 09:19:13'),(305,'2021-10-12','2021-10-12 10:00:00','2021-10-11 11:54:00','03:00:00','blabla','test',NULL,1,1,443,'2021-10-12 11:56:10','2021-10-12 11:57:00'),(306,'2021-10-12','2021-10-12 11:58:00','2021-10-12 17:00:00','02:40:00','dsghhgk',NULL,NULL,1,1,443,'2021-10-12 11:59:55',NULL),(307,'2021-10-12','2021-10-12 09:10:00','2021-10-12 15:10:00','00:10:00','pmoi',NULL,NULL,1,4,447,'2021-10-12 12:14:35',NULL),(308,'2021-10-12','2021-10-12 08:00:00','2021-10-12 12:00:00','01:00:00','test',NULL,NULL,1,1,446,'2021-10-12 12:15:47',NULL),(309,'2021-10-11','2021-10-11 01:08:00','2021-10-12 13:02:00','06:10:00','Prise des niveaux horizontaux avec niveau laser\r\nPose des rails latéraux.\r\nfixation d\'un renfort en bois au dessus de la structure\r\n','pose des dalles',NULL,2,2,439,'2021-10-12 13:10:14','2021-10-12 13:13:14'),(310,'2021-10-02','2021-09-29 13:14:00','2021-10-02 13:14:00','04:20:00','Je me munis de mes EPI.\r\n\r\nPrise de l\'aplomb avec niveau à bulle\r\n\r\nDécoupe des rails et montants à la bonne longueur.\r\n\r\nVissage du plateau','142 rien fait',NULL,10,1,440,'2021-10-12 13:18:44','2021-10-12 13:20:10'),(311,'2021-10-12','2021-10-11 23:01:00','2021-10-11 23:24:00','11:20:00','lm','lmlmkl*l',NULL,8,4,441,'2021-10-12 13:25:26','2021-10-12 13:27:24'),(312,'2021-10-11','2021-10-11 14:31:00','2021-10-11 14:33:00','03:10:00','1','',NULL,6,4,442,'2021-10-12 13:33:01','2021-10-12 13:33:12'),(313,'2021-10-12','2021-10-12 14:07:00','2021-10-12 14:08:00','00:10:00','pmoi','',NULL,1,1,449,'2021-10-12 14:10:10','2021-10-12 14:10:36'),(314,'2021-10-12','2021-10-12 14:00:00','2021-10-12 14:30:00','00:20:00','Blabla','',NULL,1,1,450,'2021-10-12 14:41:49','2021-10-12 14:41:58'),(315,'2021-10-13','2021-10-13 14:00:00','2021-10-13 14:30:00','00:30:00','Pose d\'une serrure en I \r\nCanon cylindre\r\nPoignée cylindre','',NULL,1,1,451,'2021-10-12 14:45:41','2021-10-12 14:50:35'),(316,'2021-10-12','2021-10-12 16:50:00','2021-10-12 17:51:00','00:10:00','pmlk',NULL,NULL,1,1,453,'2021-10-12 16:51:42',NULL);
/*!40000 ALTER TABLE `amb_activites` ENABLE KEYS */;
UNLOCK TABLES;

--
-- Table structure for table `amb_animations`
--

DROP TABLE IF EXISTS `amb_animations`;
/*!40101 SET @saved_cs_client     = @@character_set_client */;
/*!40101 SET character_set_client = utf8 */;
CREATE TABLE `amb_animations` (
  `idAnimation` int(11) NOT NULL AUTO_INCREMENT,
  `idOffre` int(11) NOT NULL,
  `idUser` int(11) NOT NULL,
  `dateCreation` datetime NOT NULL DEFAULT CURRENT_TIMESTAMP,
  `dateModification` datetime DEFAULT NULL ON UPDATE CURRENT_TIMESTAMP,
  PRIMARY KEY (`idAnimation`),
  KEY `FK_animation_offres` (`idOffre`),
  KEY `FK_animation_formateurs0` (`idUser`)
) ENGINE=InnoDB AUTO_INCREMENT=16 DEFAULT CHARSET=utf8;
/*!40101 SET character_set_client = @saved_cs_client */;

--
-- Dumping data for table `amb_animations`
--

LOCK TABLES `amb_animations` WRITE;
/*!40000 ALTER TABLE `amb_animations` DISABLE KEYS */;
INSERT INTO `amb_animations` VALUES (1,1,7,'2021-05-06 11:37:28',NULL),(2,1,11,'2021-05-06 11:37:28',NULL),(3,1,18,'2021-05-06 14:02:13',NULL),(4,2,7,'2021-05-26 14:25:47',NULL),(5,3,11,'2021-06-09 10:57:06',NULL),(6,4,7,'2021-06-15 15:29:49',NULL),(7,5,29,'2021-09-07 09:37:31',NULL),(8,8,29,'2021-09-07 09:37:39',NULL),(9,7,7,'2021-09-07 09:37:49',NULL),(10,6,28,'2021-09-07 09:37:59',NULL),(11,9,30,'2021-09-07 09:46:11',NULL),(12,10,29,'2021-09-07 10:48:12',NULL),(14,12,7,'2021-09-21 10:13:27',NULL),(15,13,30,'2021-09-23 09:16:38',NULL);
/*!40000 ALTER TABLE `amb_animations` ENABLE KEYS */;
UNLOCK TABLES;

--
-- Table structure for table `amb_blocscompetences`
--

DROP TABLE IF EXISTS `amb_blocscompetences`;
/*!40101 SET @saved_cs_client     = @@character_set_client */;
/*!40101 SET character_set_client = utf8 */;
CREATE TABLE `amb_blocscompetences` (
  `idBlocComp` int(11) NOT NULL AUTO_INCREMENT,
  `numeroBlocComp` varchar(50) NOT NULL,
  `libelleBlocComp` varchar(200) NOT NULL,
  `dateCreation` datetime NOT NULL DEFAULT CURRENT_TIMESTAMP,
  `dateModification` datetime DEFAULT NULL ON UPDATE CURRENT_TIMESTAMP,
  PRIMARY KEY (`idBlocComp`)
) ENGINE=InnoDB AUTO_INCREMENT=4 DEFAULT CHARSET=utf8;
/*!40101 SET character_set_client = @saved_cs_client */;

--
-- Dumping data for table `amb_blocscompetences`
--

LOCK TABLES `amb_blocscompetences` WRITE;
/*!40000 ALTER TABLE `amb_blocscompetences` DISABLE KEYS */;
INSERT INTO `amb_blocscompetences` VALUES (1,'1','Maint. Courante des aménagements intérieurs','2021-05-06 11:37:28',NULL),(2,'2','Maint. courante installation électrique','2021-05-06 11:37:28',NULL),(3,'3','Maint. courante installation thermique et sanitaire','2021-05-06 11:37:28',NULL);
/*!40000 ALTER TABLE `amb_blocscompetences` ENABLE KEYS */;
UNLOCK TABLES;

--
-- Table structure for table `amb_causes`
--

DROP TABLE IF EXISTS `amb_causes`;
/*!40101 SET @saved_cs_client     = @@character_set_client */;
/*!40101 SET character_set_client = utf8 */;
CREATE TABLE `amb_causes` (
  `idCause` int(11) NOT NULL AUTO_INCREMENT,
  `numeroCause` int(10) NOT NULL,
  `libelleCause` varchar(50) NOT NULL,
  `dateCreation` datetime NOT NULL DEFAULT CURRENT_TIMESTAMP,
  `dateModification` datetime DEFAULT NULL ON UPDATE CURRENT_TIMESTAMP,
  PRIMARY KEY (`idCause`)
) ENGINE=InnoDB AUTO_INCREMENT=7 DEFAULT CHARSET=utf8;
/*!40101 SET character_set_client = @saved_cs_client */;

--
-- Dumping data for table `amb_causes`
--

LOCK TABLES `amb_causes` WRITE;
/*!40000 ALTER TABLE `amb_causes` DISABLE KEYS */;
INSERT INTO `amb_causes` VALUES (1,1,'Usure','2021-05-06 11:37:28',NULL),(2,2,'Détérioration','2021-05-06 11:37:28',NULL),(3,3,'Manque d\'entretien','2021-05-06 11:37:28',NULL),(4,4,'Contrôle de routine','2021-05-06 11:37:28',NULL),(5,5,'Questionnaire','2021-05-06 13:45:02',NULL),(6,6,'Création','2021-06-07 14:50:55',NULL);
/*!40000 ALTER TABLE `amb_causes` ENABLE KEYS */;
UNLOCK TABLES;

--
-- Table structure for table `amb_causesliees`
--

DROP TABLE IF EXISTS `amb_causesliees`;
/*!40101 SET @saved_cs_client     = @@character_set_client */;
/*!40101 SET character_set_client = utf8 */;
CREATE TABLE `amb_causesliees` (
  `idCausesLiees` int(11) NOT NULL AUTO_INCREMENT,
  `idActivite` int(11) NOT NULL,
  `idCause` int(11) NOT NULL,
  `dateCreation` datetime NOT NULL DEFAULT CURRENT_TIMESTAMP,
  `dateModification` datetime DEFAULT NULL ON UPDATE CURRENT_TIMESTAMP,
  PRIMARY KEY (`idCausesLiees`),
  KEY `FK_causesLiees__activites` (`idActivite`),
  KEY `FK_causesLiees__causes0` (`idCause`)
) ENGINE=InnoDB AUTO_INCREMENT=368 DEFAULT CHARSET=utf8;
/*!40101 SET character_set_client = @saved_cs_client */;

--
-- Dumping data for table `amb_causesliees`
--

LOCK TABLES `amb_causesliees` WRITE;
/*!40000 ALTER TABLE `amb_causesliees` DISABLE KEYS */;
INSERT INTO `amb_causesliees` VALUES (1,1,1,'2021-05-06 11:37:28',NULL),(2,2,5,'2021-05-06 13:52:20',NULL),(5,12,5,'2021-06-07 12:22:38',NULL),(6,13,5,'2021-06-07 12:25:00',NULL),(8,4,6,'2021-06-07 14:52:25',NULL),(9,8,6,'2021-06-07 14:58:50',NULL),(10,14,5,'2021-06-07 15:04:06',NULL),(11,11,5,'2021-06-07 15:22:52',NULL),(12,15,5,'2021-06-07 15:27:37',NULL),(13,16,5,'2021-06-07 15:27:47',NULL),(14,6,1,'2021-06-07 16:33:54',NULL),(15,17,6,'2021-06-07 17:47:55',NULL),(16,18,6,'2021-06-07 19:51:14',NULL),(17,19,6,'2021-06-08 19:00:58',NULL),(18,20,6,'2021-06-08 19:17:22',NULL),(20,22,6,'2021-06-08 19:30:47',NULL),(23,25,6,'2021-06-09 08:34:50',NULL),(24,7,2,'2021-06-09 08:36:22',NULL),(25,26,6,'2021-06-09 08:47:56',NULL),(27,28,2,'2021-06-09 11:02:14',NULL),(28,29,1,'2021-06-10 11:20:57',NULL),(29,29,2,'2021-06-10 11:20:57',NULL),(30,30,1,'2021-06-10 11:22:07',NULL),(31,30,2,'2021-06-10 11:22:07',NULL),(32,31,1,'2021-06-10 11:24:24',NULL),(33,31,2,'2021-06-10 11:24:24',NULL),(34,32,1,'2021-06-10 14:12:30',NULL),(35,33,6,'2021-06-10 14:15:07',NULL),(36,34,1,'2021-06-10 14:19:43',NULL),(37,34,2,'2021-06-10 14:19:43',NULL),(38,35,1,'2021-06-10 14:42:39',NULL),(39,36,1,'2021-06-10 14:48:19',NULL),(40,37,6,'2021-06-14 14:20:08',NULL),(41,38,6,'2021-06-14 14:29:01',NULL),(42,39,6,'2021-06-14 16:29:19',NULL),(43,40,6,'2021-06-14 17:01:21',NULL),(44,41,6,'2021-06-15 10:58:33',NULL),(45,42,6,'2021-06-15 15:31:32',NULL),(46,43,6,'2021-06-15 15:49:55',NULL),(47,44,6,'2021-06-15 18:41:50',NULL),(48,5,6,'2021-06-16 12:39:50',NULL),(49,45,6,'2021-06-16 13:27:04',NULL),(50,46,6,'2021-06-16 14:21:02',NULL),(51,47,6,'2021-06-16 14:26:17',NULL),(52,48,6,'2021-06-16 14:57:12',NULL),(53,49,6,'2021-06-17 09:11:50',NULL),(54,50,6,'2021-06-17 14:10:10',NULL),(55,51,6,'2021-06-17 14:19:07',NULL),(56,52,6,'2021-06-17 20:10:58',NULL),(57,53,6,'2021-06-18 13:59:50',NULL),(58,54,6,'2021-06-21 11:23:19',NULL),(59,55,6,'2021-06-21 12:59:01',NULL),(60,56,6,'2021-06-21 13:30:13',NULL),(61,57,6,'2021-06-22 15:28:41',NULL),(62,58,6,'2021-06-23 11:07:54',NULL),(63,59,6,'2021-06-23 12:35:02',NULL),(64,60,6,'2021-06-23 12:37:38',NULL),(65,61,6,'2021-06-24 16:16:33',NULL),(66,62,6,'2021-06-24 16:18:33',NULL),(67,63,6,'2021-06-28 11:00:08',NULL),(68,64,6,'2021-06-28 15:08:02',NULL),(69,65,6,'2021-06-29 15:02:28',NULL),(70,66,6,'2021-06-29 15:46:31',NULL),(71,67,6,'2021-06-30 10:14:11',NULL),(72,68,6,'2021-06-30 15:44:21',NULL),(73,69,6,'2021-06-30 19:10:59',NULL),(74,70,6,'2021-06-30 23:07:45',NULL),(75,71,6,'2021-07-02 10:35:37',NULL),(76,72,6,'2021-07-02 18:16:28',NULL),(77,73,6,'2021-07-05 15:19:38',NULL),(78,74,6,'2021-07-05 20:39:16',NULL),(79,75,6,'2021-07-05 21:17:00',NULL),(80,76,6,'2021-07-07 15:19:32',NULL),(81,77,6,'2021-07-07 15:30:28',NULL),(82,78,6,'2021-07-08 11:07:22',NULL),(83,79,1,'2021-07-08 11:25:17',NULL),(84,80,2,'2021-07-08 19:51:13',NULL),(85,81,6,'2021-07-08 20:50:59',NULL),(86,82,6,'2021-07-09 11:35:01',NULL),(87,83,6,'2021-07-12 16:20:06',NULL),(88,84,6,'2021-07-13 13:23:27',NULL),(89,85,6,'2021-07-13 13:25:29',NULL),(90,86,6,'2021-07-13 13:35:57',NULL),(91,87,6,'2021-07-13 13:38:21',NULL),(92,88,6,'2021-07-13 13:49:43',NULL),(93,89,6,'2021-07-13 13:58:44',NULL),(94,90,6,'2021-07-13 14:04:42',NULL),(95,91,6,'2021-07-13 14:25:55',NULL),(96,92,6,'2021-07-13 14:41:23',NULL),(97,93,6,'2021-07-13 19:59:44',NULL),(98,94,6,'2021-07-13 20:35:38',NULL),(99,95,6,'2021-07-13 22:05:43',NULL),(100,96,6,'2021-07-14 21:27:48',NULL),(101,97,6,'2021-07-15 16:03:12',NULL),(102,98,6,'2021-07-15 16:11:49',NULL),(103,99,6,'2021-07-16 10:00:53',NULL),(104,100,6,'2021-07-16 10:13:14',NULL),(105,101,6,'2021-09-08 11:37:21',NULL),(106,102,6,'2021-09-08 15:28:05',NULL),(107,103,6,'2021-09-08 15:59:56',NULL),(108,104,6,'2021-09-09 14:27:21',NULL),(109,105,6,'2021-09-13 08:52:34',NULL),(110,106,6,'2021-09-13 09:02:42',NULL),(111,107,6,'2021-09-13 09:06:35',NULL),(112,108,6,'2021-09-13 09:18:20',NULL),(113,109,6,'2021-09-13 10:51:37',NULL),(114,110,6,'2021-09-13 11:21:27',NULL),(115,111,6,'2021-09-13 11:29:29',NULL),(116,112,6,'2021-09-13 11:34:10',NULL),(117,113,6,'2021-09-13 11:34:58',NULL),(118,114,6,'2021-09-13 11:46:58',NULL),(119,115,6,'2021-09-13 13:17:35',NULL),(120,116,6,'2021-09-13 13:30:30',NULL),(121,117,6,'2021-09-13 13:51:19',NULL),(122,118,6,'2021-09-13 13:57:11',NULL),(123,119,6,'2021-09-13 14:03:08',NULL),(124,120,6,'2021-09-13 14:03:21',NULL),(125,121,6,'2021-09-13 14:53:37',NULL),(126,122,6,'2021-09-13 15:28:55',NULL),(127,123,6,'2021-09-13 15:51:07',NULL),(128,124,6,'2021-09-13 15:52:08',NULL),(129,125,6,'2021-09-13 16:09:09',NULL),(130,126,6,'2021-09-13 16:09:13',NULL),(131,127,6,'2021-09-13 16:24:33',NULL),(132,128,6,'2021-09-13 16:31:40',NULL),(133,129,6,'2021-09-13 16:35:50',NULL),(134,130,6,'2021-09-13 16:46:22',NULL),(135,131,6,'2021-09-13 16:48:30',NULL),(136,132,1,'2021-09-13 18:17:37',NULL),(137,133,1,'2021-09-13 18:33:59',NULL),(138,134,6,'2021-09-13 18:36:36',NULL),(139,135,5,'2021-09-13 18:41:37',NULL),(140,136,4,'2021-09-14 12:36:43',NULL),(141,137,1,'2021-09-14 12:37:50',NULL),(142,138,1,'2021-09-15 08:27:05',NULL),(143,139,6,'2021-09-15 08:29:12',NULL),(144,140,6,'2021-09-15 08:38:02',NULL),(145,141,6,'2021-09-15 08:49:15',NULL),(146,142,1,'2021-09-15 09:07:41',NULL),(148,144,6,'2021-09-15 10:30:44',NULL),(149,145,1,'2021-09-15 10:50:56',NULL),(150,146,6,'2021-09-15 11:07:21',NULL),(151,147,2,'2021-09-15 11:24:06',NULL),(152,148,5,'2021-09-15 11:50:54',NULL),(153,149,1,'2021-09-15 14:01:08',NULL),(154,150,2,'2021-09-15 14:07:29',NULL),(155,150,3,'2021-09-15 14:07:29',NULL),(156,151,1,'2021-09-15 14:18:30',NULL),(157,151,3,'2021-09-15 14:18:30',NULL),(158,152,1,'2021-09-15 14:50:45',NULL),(159,153,1,'2021-09-15 15:16:16',NULL),(160,154,1,'2021-09-15 15:59:46',NULL),(161,155,2,'2021-09-15 16:12:40',NULL),(162,156,6,'2021-09-15 16:43:31',NULL),(163,157,6,'2021-09-15 20:36:50',NULL),(164,158,6,'2021-09-15 20:46:33',NULL),(165,159,5,'2021-09-15 21:23:22',NULL),(166,160,5,'2021-09-15 21:27:55',NULL),(167,161,6,'2021-09-15 22:35:54',NULL),(168,162,1,'2021-09-16 08:29:01',NULL),(169,163,3,'2021-09-16 08:33:30',NULL),(170,164,6,'2021-09-16 08:35:46',NULL),(171,165,1,'2021-09-16 08:39:54',NULL),(172,166,3,'2021-09-16 09:08:09',NULL),(173,167,6,'2021-09-16 09:23:17',NULL),(175,168,6,'2021-09-16 09:35:33',NULL),(176,169,1,'2021-09-16 11:13:23',NULL),(177,170,1,'2021-09-16 11:40:14',NULL),(178,171,1,'2021-09-16 12:35:59',NULL),(181,174,6,'2021-09-18 10:50:26',NULL),(182,175,6,'2021-09-18 10:53:37',NULL),(183,176,6,'2021-09-18 13:33:51',NULL),(184,177,6,'2021-09-18 13:34:41',NULL),(185,178,6,'2021-09-19 09:10:53',NULL),(186,179,2,'2021-09-19 09:40:04',NULL),(187,180,6,'2021-09-19 19:45:59',NULL),(188,172,6,'2021-09-20 05:33:10',NULL),(189,181,6,'2021-09-20 19:37:31',NULL),(190,182,6,'2021-09-20 20:16:27',NULL),(191,183,3,'2021-09-21 09:18:39',NULL),(192,173,6,'2021-09-21 09:29:44',NULL),(193,183,6,'2021-09-21 09:31:06',NULL),(194,184,2,'2021-09-21 13:19:22',NULL),(195,185,6,'2021-09-21 13:50:54',NULL),(196,186,6,'2021-09-21 14:08:13',NULL),(197,187,6,'2021-09-21 14:48:58',NULL),(198,188,6,'2021-09-21 15:57:01',NULL),(199,189,6,'2021-09-21 18:21:20',NULL),(200,190,6,'2021-09-21 19:14:14',NULL),(201,191,6,'2021-09-22 06:21:43',NULL),(202,192,1,'2021-09-22 18:12:31',NULL),(203,193,6,'2021-09-22 18:51:27',NULL),(204,194,6,'2021-09-22 20:56:02',NULL),(205,195,6,'2021-09-23 11:18:06',NULL),(206,143,5,'2021-09-26 07:24:45',NULL),(207,196,6,'2021-09-26 08:17:56',NULL),(208,197,2,'2021-09-26 19:13:36',NULL),(210,199,1,'2021-09-27 16:18:02',NULL),(212,201,6,'2021-09-28 13:40:40',NULL),(213,200,6,'2021-09-28 14:17:28',NULL),(215,203,6,'2021-09-28 14:26:41',NULL),(216,202,6,'2021-09-28 14:34:48',NULL),(217,204,3,'2021-09-28 14:37:00',NULL),(218,205,6,'2021-09-28 14:37:04',NULL),(219,206,6,'2021-09-28 14:54:06',NULL),(220,207,6,'2021-09-28 14:55:09',NULL),(221,208,6,'2021-09-28 15:22:13',NULL),(222,209,6,'2021-09-28 15:28:36',NULL),(223,210,6,'2021-09-28 15:29:06',NULL),(226,213,2,'2021-09-28 15:31:25',NULL),(227,214,3,'2021-09-28 15:33:51',NULL),(228,215,6,'2021-09-28 15:44:08',NULL),(229,216,6,'2021-09-28 15:51:47',NULL),(230,214,6,'2021-09-28 16:07:20',NULL),(231,217,2,'2021-09-28 16:13:24',NULL),(232,218,6,'2021-09-28 16:16:38',NULL),(233,219,6,'2021-09-28 16:21:48',NULL),(234,220,6,'2021-09-28 16:24:03',NULL),(235,221,6,'2021-09-28 16:37:39',NULL),(236,222,6,'2021-09-28 16:39:18',NULL),(237,223,6,'2021-09-28 16:53:57',NULL),(238,224,6,'2021-09-28 19:12:01',NULL),(239,225,4,'2021-09-28 20:16:23',NULL),(241,227,3,'2021-09-28 20:22:44',NULL),(242,225,5,'2021-09-28 21:27:09',NULL),(243,228,6,'2021-09-28 21:45:46',NULL),(244,226,6,'2021-09-28 21:57:25',NULL),(245,229,6,'2021-09-28 22:29:47',NULL),(246,230,6,'2021-09-29 09:21:00',NULL),(247,231,6,'2021-09-29 09:24:05',NULL),(248,232,6,'2021-09-29 09:26:31',NULL),(249,233,6,'2021-09-29 09:28:57',NULL),(250,234,6,'2021-09-29 09:32:50',NULL),(251,235,6,'2021-09-29 09:34:51',NULL),(252,236,6,'2021-09-29 09:39:22',NULL),(253,237,6,'2021-09-29 09:46:31',NULL),(254,238,6,'2021-09-29 10:21:35',NULL),(255,239,6,'2021-09-29 11:33:20',NULL),(256,240,6,'2021-09-29 13:27:08',NULL),(257,241,6,'2021-09-29 13:30:15',NULL),(258,242,6,'2021-09-29 13:53:03',NULL),(259,243,6,'2021-09-29 13:55:04',NULL),(260,244,6,'2021-09-29 13:56:42',NULL),(261,245,6,'2021-09-29 14:00:01',NULL),(262,246,3,'2021-09-29 14:02:03',NULL),(263,247,3,'2021-09-29 14:09:22',NULL),(264,248,6,'2021-09-29 14:15:04',NULL),(265,249,6,'2021-09-29 14:23:00',NULL),(266,250,3,'2021-09-29 14:34:27',NULL),(267,251,1,'2021-09-29 15:15:19',NULL),(268,251,3,'2021-09-29 15:15:19',NULL),(269,252,1,'2021-09-29 15:22:49',NULL),(270,252,2,'2021-09-29 15:22:49',NULL),(271,252,3,'2021-09-29 15:22:49',NULL),(272,253,1,'2021-09-29 15:28:19',NULL),(273,253,2,'2021-09-29 15:28:19',NULL),(274,253,3,'2021-09-29 15:28:19',NULL),(275,254,1,'2021-09-29 15:32:52',NULL),(276,254,2,'2021-09-29 15:32:52',NULL),(277,254,3,'2021-09-29 15:32:52',NULL),(278,255,6,'2021-09-29 15:33:21',NULL),(279,256,6,'2021-09-29 15:39:40',NULL),(280,257,6,'2021-09-29 15:44:24',NULL),(281,258,6,'2021-09-29 15:58:36',NULL),(282,259,1,'2021-09-29 16:10:05',NULL),(283,259,2,'2021-09-29 16:10:05',NULL),(284,259,3,'2021-09-29 16:10:05',NULL),(285,260,1,'2021-09-29 16:25:00',NULL),(286,261,6,'2021-09-29 16:29:19',NULL),(287,262,6,'2021-09-30 15:55:09',NULL),(289,264,6,'2021-10-01 09:10:02',NULL),(290,263,6,'2021-10-01 09:21:06',NULL),(291,265,5,'2021-10-01 09:27:51',NULL),(292,266,6,'2021-10-03 07:56:42',NULL),(293,267,6,'2021-10-03 08:03:02',NULL),(294,268,6,'2021-10-03 18:28:24',NULL),(295,269,6,'2021-10-04 09:35:52',NULL),(296,270,6,'2021-10-04 14:27:04',NULL),(297,271,6,'2021-10-04 19:22:20',NULL),(299,272,2,'2021-10-04 20:13:52',NULL),(300,273,6,'2021-10-05 06:35:40',NULL),(301,274,6,'2021-10-05 08:47:57',NULL),(302,275,6,'2021-10-06 08:22:39',NULL),(303,276,6,'2021-10-06 08:40:21',NULL),(304,277,6,'2021-10-06 09:14:21',NULL),(305,278,6,'2021-10-06 15:13:21',NULL),(306,279,6,'2021-10-06 15:38:51',NULL),(307,280,1,'2021-10-06 18:12:53',NULL),(308,281,6,'2021-10-06 19:51:11',NULL),(309,282,6,'2021-10-07 08:34:40',NULL),(310,283,6,'2021-10-07 09:03:06',NULL),(311,284,6,'2021-10-07 09:45:32',NULL),(312,285,6,'2021-10-07 10:42:24',NULL),(313,286,6,'2021-10-07 10:52:20',NULL),(314,287,6,'2021-10-07 11:12:36',NULL),(315,288,6,'2021-10-07 11:13:18',NULL),(317,198,2,'2021-10-07 11:52:48',NULL),(318,289,2,'2021-10-07 13:21:02',NULL),(320,290,2,'2021-10-07 13:40:20',NULL),(321,290,3,'2021-10-07 13:40:20',NULL),(322,291,6,'2021-10-07 15:34:58',NULL),(323,292,6,'2021-10-08 08:42:16',NULL),(324,293,6,'2021-10-08 08:54:08',NULL),(325,294,6,'2021-10-09 06:17:50',NULL),(326,295,6,'2021-10-09 06:20:20',NULL),(327,296,5,'2021-10-09 06:24:42',NULL),(328,297,6,'2021-10-09 06:32:37',NULL),(329,298,6,'2021-10-09 06:37:08',NULL),(330,299,6,'2021-10-09 06:51:09',NULL),(331,300,6,'2021-10-09 06:54:41',NULL),(332,301,6,'2021-10-10 05:03:56',NULL),(333,302,2,'2021-10-11 10:55:24',NULL),(334,303,5,'2021-10-11 12:11:35',NULL),(335,304,4,'2021-10-12 09:18:53',NULL),(336,305,6,'2021-10-12 11:56:10',NULL),(337,306,6,'2021-10-12 11:59:55',NULL),(338,307,4,'2021-10-12 12:14:35',NULL),(339,308,6,'2021-10-12 12:15:47',NULL),(340,309,6,'2021-10-12 13:10:14',NULL),(341,309,3,'2021-10-12 13:11:54',NULL),(342,309,1,'2021-10-12 13:12:16',NULL),(343,309,2,'2021-10-12 13:12:16',NULL),(344,309,5,'2021-10-12 13:12:16',NULL),(345,309,4,'2021-10-12 13:13:14',NULL),(346,310,1,'2021-10-12 13:18:44',NULL),(347,310,2,'2021-10-12 13:19:38',NULL),(348,310,3,'2021-10-12 13:19:38',NULL),(349,310,4,'2021-10-12 13:19:38',NULL),(350,310,5,'2021-10-12 13:19:38',NULL),(351,310,6,'2021-10-12 13:19:38',NULL),(352,311,2,'2021-10-12 13:25:26',NULL),(353,311,1,'2021-10-12 13:27:24',NULL),(354,311,3,'2021-10-12 13:27:24',NULL),(355,311,4,'2021-10-12 13:27:24',NULL),(356,311,5,'2021-10-12 13:27:24',NULL),(357,311,6,'2021-10-12 13:27:24',NULL),(358,312,1,'2021-10-12 13:33:01',NULL),(359,312,2,'2021-10-12 13:33:01',NULL),(360,312,3,'2021-10-12 13:33:01',NULL),(361,312,4,'2021-10-12 13:33:01',NULL),(362,312,5,'2021-10-12 13:33:01',NULL),(363,312,6,'2021-10-12 13:33:01',NULL),(364,313,1,'2021-10-12 14:10:10',NULL),(365,314,6,'2021-10-12 14:41:49',NULL),(366,315,1,'2021-10-12 14:45:41',NULL),(367,316,6,'2021-10-12 16:51:42',NULL);
/*!40000 ALTER TABLE `amb_causesliees` ENABLE KEYS */;
UNLOCK TABLES;

--
-- Table structure for table `amb_centres`
--

DROP TABLE IF EXISTS `amb_centres`;
/*!40101 SET @saved_cs_client     = @@character_set_client */;
/*!40101 SET character_set_client = utf8 */;
CREATE TABLE `amb_centres` (
  `idCentre` int(11) NOT NULL AUTO_INCREMENT,
  `nomCentre` varchar(50) NOT NULL,
  `dateCreation` datetime NOT NULL DEFAULT CURRENT_TIMESTAMP,
  `dateModification` datetime DEFAULT NULL ON UPDATE CURRENT_TIMESTAMP,
  PRIMARY KEY (`idCentre`)
) ENGINE=InnoDB AUTO_INCREMENT=9 DEFAULT CHARSET=utf8;
/*!40101 SET character_set_client = @saved_cs_client */;

--
-- Dumping data for table `amb_centres`
--

LOCK TABLES `amb_centres` WRITE;
/*!40000 ALTER TABLE `amb_centres` DISABLE KEYS */;
INSERT INTO `amb_centres` VALUES (1,'global','2021-05-06 11:37:28',NULL),(2,'Gueret','2021-05-06 11:37:28',NULL),(3,'test MP','2021-06-09 10:55:44',NULL),(4,'Egletons','2021-09-07 09:16:59','2021-09-07 09:17:29'),(5,'Chatellerault','2021-09-07 09:18:05','2021-09-07 09:18:25'),(6,'Perigueux Boulazac','2021-09-07 09:18:53',NULL),(7,'Bayonne','2021-09-07 09:19:04',NULL),(8,'Angoulême','2021-09-07 09:30:33','2021-09-08 14:34:44');
/*!40000 ALTER TABLE `amb_centres` ENABLE KEYS */;
UNLOCK TABLES;

--
-- Table structure for table `amb_degresurgence`
--

DROP TABLE IF EXISTS `amb_degresurgence`;
/*!40101 SET @saved_cs_client     = @@character_set_client */;
/*!40101 SET character_set_client = utf8 */;
CREATE TABLE `amb_degresurgence` (
  `idDegreUrgence` int(11) NOT NULL AUTO_INCREMENT,
  `libelleDegreUrgence` varchar(100) NOT NULL,
  `dateCreation` datetime NOT NULL DEFAULT CURRENT_TIMESTAMP,
  `dateModification` datetime DEFAULT NULL ON UPDATE CURRENT_TIMESTAMP,
  PRIMARY KEY (`idDegreUrgence`)
) ENGINE=InnoDB AUTO_INCREMENT=5 DEFAULT CHARSET=utf8;
/*!40101 SET character_set_client = @saved_cs_client */;

--
-- Dumping data for table `amb_degresurgence`
--

LOCK TABLES `amb_degresurgence` WRITE;
/*!40000 ALTER TABLE `amb_degresurgence` DISABLE KEYS */;
INSERT INTO `amb_degresurgence` VALUES (1,'Immédiate','2021-05-06 11:37:28',NULL),(2,'Urgente','2021-05-06 11:37:28',NULL),(3,'Rapide','2021-05-06 11:37:28',NULL),(4,'Normal','2021-05-06 11:37:28',NULL);
/*!40000 ALTER TABLE `amb_degresurgence` ENABLE KEYS */;
UNLOCK TABLES;

--
-- Table structure for table `amb_environnements`
--

DROP TABLE IF EXISTS `amb_environnements`;
/*!40101 SET @saved_cs_client     = @@character_set_client */;
/*!40101 SET character_set_client = utf8 */;
CREATE TABLE `amb_environnements` (
  `idEnv` int(11) NOT NULL AUTO_INCREMENT,
  `typeEnv` varchar(50) NOT NULL,
  `dateCreation` datetime NOT NULL DEFAULT CURRENT_TIMESTAMP,
  `dateModification` datetime DEFAULT NULL ON UPDATE CURRENT_TIMESTAMP,
  PRIMARY KEY (`idEnv`)
) ENGINE=InnoDB AUTO_INCREMENT=3 DEFAULT CHARSET=utf8;
/*!40101 SET character_set_client = @saved_cs_client */;

--
-- Dumping data for table `amb_environnements`
--

LOCK TABLES `amb_environnements` WRITE;
/*!40000 ALTER TABLE `amb_environnements` DISABLE KEYS */;
INSERT INTO `amb_environnements` VALUES (1,'Atelier','2021-05-06 11:37:28',NULL),(2,'Centre','2021-05-06 11:37:28',NULL);
/*!40000 ALTER TABLE `amb_environnements` ENABLE KEYS */;
UNLOCK TABLES;

--
-- Table structure for table `amb_fichesinterventions`
--

DROP TABLE IF EXISTS `amb_fichesinterventions`;
/*!40101 SET @saved_cs_client     = @@character_set_client */;
/*!40101 SET character_set_client = utf8 */;
CREATE TABLE `amb_fichesinterventions` (
  `idFicheIntervention` int(11) NOT NULL AUTO_INCREMENT,
  `dateDemande` date DEFAULT NULL,
  `demandeur` varchar(100) DEFAULT 'Formateur Référent',
  `telDemandeur` varchar(20) DEFAULT 'Formateur Référent',
  `descriptionDemande` text NOT NULL,
  `statutDemande` int(11) NOT NULL DEFAULT '1',
  `validation` tinyint(1) DEFAULT '0',
  `appreciation` text,
  `idUser` int(11) DEFAULT NULL,
  `idLieu` int(11) NOT NULL,
  `idOperation` int(11) NOT NULL,
  `idDegreUrgence` int(11) NOT NULL,
  `idStagiaire` int(11) DEFAULT NULL,
  `suivi` text,
  `DateCreation` datetime NOT NULL DEFAULT CURRENT_TIMESTAMP,
  `DateUpdate` datetime DEFAULT NULL ON UPDATE CURRENT_TIMESTAMP,
  PRIMARY KEY (`idFicheIntervention`),
  KEY `FK_fichesInterventions_formateurs` (`idUser`),
  KEY `FK_fichesInterventions_lieux0` (`idLieu`),
  KEY `FK_fichesInterventions__operations1` (`idOperation`),
  KEY `FK_fichesInterventions__degresUrgence` (`idDegreUrgence`),
  KEY `FK_fichesInterventions_statuts` (`statutDemande`),
  KEY `FK_fichesInterventions_stagiaires` (`idStagiaire`)
) ENGINE=InnoDB AUTO_INCREMENT=455 DEFAULT CHARSET=utf8;
/*!40101 SET character_set_client = @saved_cs_client */;

--
-- Dumping data for table `amb_fichesinterventions`
--

LOCK TABLES `amb_fichesinterventions` WRITE;
/*!40000 ALTER TABLE `amb_fichesinterventions` DISABLE KEYS */;
INSERT INTO `amb_fichesinterventions` VALUES (1,'2021-05-06','Villattef Franck','0646201634','Répondre aux questionnaire que vous a transmis votre formateur dans le compte rendu de la fiche d\'intervention.\r\n\r\nVous avez 30 minutes pour répondre.\r\n\r\nVous n\'avez droit à aucune documentation, ni recherche sur internet.\r\n\r\nExemple : 1) A ; 2) C',2,0,'',7,48,1,4,10,NULL,'2021-05-06 10:50:20','2021-09-29 15:42:08'),(3,'2021-05-06','Villattef Franck','0646201634','Répondre aux questionnaire envoyé par mail sur le compte rendu de la fiche d\'intervention\r\n\r\nExemple : 1) A ; 2) C',3,0,'',7,23,1,1,10,NULL,'2021-05-06 11:03:39','2021-09-09 15:01:42'),(4,'2021-05-06','Villattef Franck','0646201634','Répondre aux questionnaire envoyé par mail sur le compte rendu de la fiche d\'intervention\r\n\r\nExemple : 1) A ; 2) C',2,0,'',7,23,1,1,10,NULL,'2021-05-06 11:10:06','2021-09-29 15:42:27'),(5,'2021-05-06','Villattef Franck','0646201634','Questionnaire',5,0,'Trop d\'erreur. Questionnaire à refaire ultérieurement',7,23,1,4,10,NULL,'2021-05-06 13:46:43','2021-05-06 13:56:56'),(6,'2021-05-18','Villattef Franck','0646201634','Graisser les gonds',5,0,'Tu as mis de la graisse sur la poignée de porte',7,13,17,3,10,NULL,'2021-05-18 14:53:48','2021-05-18 15:23:05'),(7,'2021-05-18','Villattef Franck','0646201634','Déconstruction des épreuves de certification du groupe précédent.\r\nPoints de vigilance : \r\n- port des EPI\r\n- tri des déchets\r\n- récupération des matériaux\r\n- utilisation des outils correspondant aux tâches de déconstructions\r\n',4,1,'validation de la fiche.\r\nJ\'attend plus de détail dans le compte rendu pour les prochaines fiches.\r\nTravail réalisé méthodique, le tri est effectué.',7,24,2,4,19,NULL,'2021-05-28 08:20:51','2021-06-10 12:14:42'),(8,'2021-05-18','Villattef Franck','0646201634','Déconstruction des épreuves de certification du groupe précédent.\r\nPoints de vigilance : \r\n- port des EPI\r\n- tri des déchets\r\n- récupération des matériaux\r\n- utilisation des outils correspondant aux tâches de déconstructions\r\n',4,1,'Bravo concernant la description des taches effectuées.\r\n\r\nTravail réalisé conforme aux exigences attendues.\r\n\r\n',7,24,2,4,20,NULL,'2021-05-28 08:20:51','2021-06-10 12:16:43'),(9,'2021-05-18','Villattef Franck','0646201634','Déconstruction des épreuves de certification du groupe précédent.\r\nPoints de vigilance : \r\n- port des EPI\r\n- tri des déchets\r\n- récupération des matériaux\r\n- utilisation des outils correspondant aux tâches de déconstructions\r\n',4,1,'Plus de précision dans le compte rendu d\'intervention serait nécessaire.\r\nExemple : \r\ntri des déchets dans différentes benne : DIB...\r\npas de problèmes particulier dans la réalisation\r\nj\'aurai préféré...\r\n...',7,24,2,4,21,NULL,'2021-05-28 08:20:51','2021-06-09 16:29:26'),(10,'2021-05-27','Villattef Franck','0646201634','Dans le cadre de la mise en place de l\'atelier AMB, construction de 8 cabines de formation AMB correspondant au modèle permettant la certification.\r\n\r\nLa réalisation doit être conforme aux consignes du formateur.\r\n\r\nCritères d\'évaluations : \r\n- le travail d\'équipe\r\n- l\'emploi d\'outils adaptés aux différentes tâches à effectuer\r\n- le respect des côtes\r\n- le respect des alignements et de l\'équerrage\r\n- le port des EPI',4,1,'Conforme à la demande',7,25,1,4,19,NULL,'2021-05-28 08:35:32','2021-06-16 15:49:12'),(11,'2021-05-27','Villattef Franck','0646201634','Dans le cadre de la mise en place de l\'atelier AMB, construction de 8 cabines de formation AMB correspondant au modèle permettant la certification.\r\n\r\nLa réalisation doit être conforme aux consignes du formateur.\r\n\r\nCritères d\'évaluations : \r\n- le travail d\'équipe\r\n- l\'emploi d\'outils adaptés aux différentes tâches à effectuer\r\n- le respect des côtes\r\n- le respect des alignements et de l\'équerrage\r\n- le port des EPI',1,0,NULL,7,25,1,4,12,NULL,'2021-05-28 08:35:32',NULL),(12,'2021-05-27','Villattef Franck','0646201634','Dans le cadre de la mise en place de l\'atelier AMB, construction de 8 cabines de formation AMB correspondant au modèle permettant la certification.\r\n\r\nLa réalisation doit être conforme aux consignes du formateur.\r\n\r\nCritères d\'évaluations : \r\n- le travail d\'équipe\r\n- l\'emploi d\'outils adaptés aux différentes tâches à effectuer\r\n- le respect des côtes\r\n- le respect des alignements et de l\'équerrage\r\n- le port des EPI',4,1,'Réalisation conforme aux exigences',7,25,1,4,20,NULL,'2021-05-28 08:35:32','2021-06-10 12:17:53'),(13,'2021-05-27','Villattef Franck','0646201634','Dans le cadre de la mise en place de l\'atelier AMB, construction de 8 cabines de formation AMB correspondant au modèle permettant la certification.\r\n\r\nLa réalisation doit être conforme aux consignes du formateur.\r\n\r\nCritères d\'évaluations : \r\n- le travail d\'équipe\r\n- l\'emploi d\'outils adaptés aux différentes tâches à effectuer\r\n- le respect des côtes\r\n- le respect des alignements et de l\'équerrage\r\n- le port des EPI',4,1,'Bon travail. \r\nConforme/éxigences',7,25,1,4,21,NULL,'2021-05-28 08:35:32','2021-06-09 16:34:01'),(14,'2021-05-27','Villattef Franck','0646201634','Dans le cadre de la mise en place de l\'atelier AMB, construction de 8 cabines de formation AMB correspondant au modèle permettant la certification.\r\n\r\nLa réalisation doit être conforme aux consignes du formateur.\r\n\r\nCritères d\'évaluations : \r\n- le travail d\'équipe\r\n- l\'emploi d\'outils adaptés aux différentes tâches à effectuer\r\n- le respect des côtes\r\n- le respect des alignements et de l\'équerrage\r\n- le port des EPI',4,1,'Travaux réalisé conformément à la demande',7,25,1,4,22,NULL,'2021-05-28 08:35:32','2021-06-07 15:09:07'),(15,NULL,'Administrateur','0745821463','Réalisation d\'un plafond technique en dalles de 60x60 cm de l\'entrée de la cabine jusqu\'à la retombé.\r\nPour plus de renseignement, voir avec le demandeur.\r\n\r\nCritères d\'appréciations : \r\nPort des EPI\r\nHorizontalité et niveau du plafond\r\nMise en place de la structure métallique (porteur, entretoise)\r\nLa pose et découpe des dalles de plafond\r\nLa propreté du plafond technique (pas de trace)\r\nLa propreté des lieux\r\nL\'utilisation du matériel adapté\r\nLe compte rendu d\'intervention',1,0,NULL,1,1,9,4,NULL,NULL,'2021-06-02 14:10:25','2021-06-02 16:21:57'),(16,NULL,'Administrateur','0640893009','Répondre au questionnaire de 22 questions que vous a transmis votre formateur.\r\nVous avez 30 minutes pour répondre.\r\nLes réponses sont a déposé dans le compte rendu d\'intervention.\r\n\r\nExemple : \r\n1) A\r\n2) A et B\r\n…\r\n\r\nCritère d\'appréciation :\r\n\r\nAu minimum 17 réponses justes pour validation de la fiche\r\n',1,0,NULL,2,23,1,4,NULL,NULL,'2021-06-02 14:24:08',NULL),(17,NULL,'Administrateur','0640893009','Réalisation de la déconstruction des ouvrages réalisés dans la cabine.\r\nL\'ossature de la cabine reste en place.\r\nLa cloison qui se situe a droite en rentrant dans la cabine reste en place ainsi que la plaque d\'OSB et le matériel électrique disposé dessus.\r\nLes consignes de déconstruction sont données par le formateur.\r\n\r\nCritères d\'appréciations : \r\nPort des EPI\r\nLogique dans la déconstruction\r\nMise en place d\'un balisage de sécurité\r\nTri des déchets\r\nRécupération du matériel à réutiliser et réintégration au magasin\r\nUtilisation des outils adéquats\r\nPropreté du travail',1,0,NULL,2,1,2,4,NULL,NULL,'2021-06-02 14:39:05',NULL),(18,NULL,'Administrateur','0640893009','Réalisation d\'une cloison de distribution en plaque de plâtre sur ossature métallique.\r\nCloison en L avec inclusion d\'un bloc porte.\r\nL\'emplacement et les dimensions sont fournis par le formateur.\r\n\r\nCritères d\'appréciations :\r\nRespect de l\'emplacement de la cloison, de la porte\r\nRespect des dimensions\r\nL\'aplomb des cloisons\r\nLe bon positionnement des montants\r\nLes découpes des plaques de plâtre\r\nLes points de vissages des plaques de plâtre\r\nL\'aplomb de la porte\r\nLa fermeture correcte de la porte\r\nLe port des EPI\r\nLa propreté des lieux\r\nL\'utilisation d\'outils adaptés\r\nL\'établissement du compte rendu sur la fiche d\'intervention',1,0,NULL,2,1,3,4,NULL,NULL,'2021-06-02 14:56:27',NULL),(19,NULL,'Administrateur','0640893009','Réalisation d\'une retombée et d\'une cloison de séparation en plaque de plâtre sur ossature métallique.\r\nDimensions et emplacement suivant les consignes du formateur.\r\n\r\nCritères d\'appréciations :\r\n\r\nRespect de l\'emplacement\r\nRespect des dimensions\r\nL\'aplomb\r\nle port des EPI\r\nL\'emploi des outils adaptés\r\nLe compte rendu d\'intervention\r\nLa propreté du travail et des locaux',1,0,NULL,2,1,5,4,NULL,NULL,'2021-06-02 15:03:52',NULL),(20,NULL,'Administrateur','0640893009','Réalisation d\'un plafond en plaque de plâtre sur ossature métallique (rails et montants).\r\nLe plafond se situe entre la retombée et le fond de la cabine.\r\nLa hauteur sous plafond est à déterminée avec le formateur.\r\n\r\nCritères d\'appréciations :\r\nPort des EPI\r\nUtilisation du matériel adapté\r\nPropreté du travail et des locaux\r\nHorizontalité du plafond\r\nRespect des normes de pose de l\'ossature métallique\r\nLe compte rendu d\'intervention',1,0,NULL,2,1,4,4,NULL,NULL,'2021-06-02 15:15:47',NULL),(21,NULL,'Administrateur','0640893009','Construction d\'une gaine technique en plaque de plâtre sur ossature métallique.\r\nDimensions : 30 cm x 15 cm; hauteur : du sol au plafond\r\nSituation : au fond de la cabine a droite\r\n\r\nCritères d\'appréciations :\r\nPort des EPI\r\nRespect des dimensions\r\nL\'aplomb\r\nPropreté des lieux\r\nLe compte rendu d\'intervention',1,0,NULL,2,1,5,4,NULL,NULL,'2021-06-02 16:29:23',NULL),(22,NULL,'Administrateur','0640893009','Réalisation d\'une retombée de 20 cm sur le devant de la cabine, largeur : 1,75 ml.\r\nPour plus de renseignements contacter le demandeur.\r\n\r\nCritères d\'appréciations :\r\nLe port des EPI\r\nRespect de l\'emplacement et des dimensions\r\nLes coupes des plaques de plâtre\r\nLe montage de l\'ossature métallique\r\nLe balisage de la zone d\'intervention\r\nLe compte rendu d\'intervention',1,0,NULL,2,1,5,4,NULL,NULL,'2021-06-02 16:36:02',NULL),(23,NULL,'Administrateur','0640893009','Réalisation d\'un comptoir à l\'entrée de la cabine à gauche d\'une hauteur de 1,10 m, largeur 0,60 m, avec un retour de 20 cm.\r\n\r\n\r\nCritères d\'appréciations :\r\nPort des EPI\r\nL\'emplacement et les dimensions\r\nL\'aplomb, l\'équerrage\r\nL\'emploi des outils adaptés\r\nLa propreté global de l\'ouvrage\r\nLa propreté des lieux\r\nLe compte rendu de l\'intervention\r\n',1,0,NULL,2,1,5,4,NULL,NULL,'2021-06-02 16:52:46',NULL),(24,NULL,'Administrateur','0640893009','Pose d\'une tablette sur le dessus du comptoir : 30 cm x 65 cm.\r\nPose de plinthe bois sur le pourtour de l\'ouvrage.\r\n\r\nCritères d\'appréciations :\r\nPort des EPI\r\nRespect des dimensions\r\nJonction des angles de plinthes rentrants et sortants\r\nEmploi des outils adaptés\r\nRespect du niveau de la tablette\r\nEtat général de pose\r\nPropreté des lieux\r\nLe compte rendu d\'intervention',1,0,NULL,2,1,6,4,NULL,NULL,'2021-06-02 16:58:02',NULL),(25,NULL,'Administrateur','0640893009','Pose de plinthes bois sur les côtés de la porte et mise en place de champlat sur le pourtour de la porte de la cabine.\r\n\r\nCritères d\'appréciations :\r\nPort des EPI\r\nLes coupes et les angles sont nets\r\nLa pose des champlats est ajusté de façon régulière sur le pourtour de la porte\r\nLe travail réalisé est soigneux\r\nL\'emploi des outils est adapté\r\nLes locaux sont propres après l\'intervention\r\nLe compte rendu d\'intervention est clair et concis\r\n',1,0,NULL,2,1,6,4,NULL,NULL,'2021-06-04 10:41:41',NULL),(26,NULL,'Administrateur','0640893009','Remplacement de la serrure de la porte de la cabine par une serrure à cylindre.\r\n\r\nCritères d\'appréciations :\r\nPort des EPI\r\nLe système de condamnation fonctionne\r\nL\'intervention est réalisé proprement (pas de trace de salissure)\r\nLe rive bloc est ajusté\r\nLa compte rendu d\'intervention est renseigné judicieusement',1,0,NULL,2,1,8,4,NULL,NULL,'2021-06-04 11:12:40',NULL),(27,NULL,'Administrateur','0640893009','Pose de carrelage à l\'intérieur de la cabine au fond à droite.\r\nPour de plus amples renseignements contacter le demandeur.\r\n\r\nCritères d\'appréciation :\r\nPort des EPI\r\nLe demandeur à été contacté, l\'échange est constructif et poli\r\nLa pose est plane\r\nLe calepinage est conforme\r\nLa dimension des joints est identique sur l\'ensemble de la pose\r\nLes plinthes sont posé de façon harmonieuse\r\nLes joints sont réalisés et conforme  \r\nLa zone est balisée\r\nLes lieux sont propres\r\nLe demandeur à été recontacté en fin d\'intervention\r\nLe compte rendu d\'intervention est rempli correctement',1,0,NULL,2,1,10,4,NULL,NULL,'2021-06-04 11:29:09',NULL),(28,'2021-06-07','Administrateur','0640893009','Répondre au questionnaire de 22 questions que vous a transmis votre formateur.\r\nVous avez 30 minutes pour répondre.\r\nLes réponses sont a déposé dans le compte rendu d\'intervention.\r\n\r\nExemple : \r\n1) A\r\n2) A et B\r\n…\r\n\r\nCritère d\'appréciation :\r\n\r\nAu minimum 17 réponses justes pour validation de la fiche\r\n',5,0,'problème d\'enregistrement, remise en cours de la fiche',7,23,1,4,19,NULL,'2021-06-07 10:30:04','2021-06-07 15:17:18'),(29,'2021-06-07','Administrateur','0640893009','Répondre au questionnaire de 22 questions que vous a transmis votre formateur.\r\nVous avez 30 minutes pour répondre.\r\nLes réponses sont a déposé dans le compte rendu d\'intervention.\r\n\r\nExemple : \r\n1) A\r\n2) A et B\r\n…\r\n\r\nCritère d\'appréciation :\r\n\r\nAu minimum 17 réponses justes pour validation de la fiche\r\n',4,1,'Pense à mettre la date d\'intervention dans ton compte rendu\r\n\r\n1 erreur :\r\nla N°17\r\n\r\nBon travail',7,23,1,4,20,NULL,'2021-06-07 10:31:02','2021-06-07 16:57:23'),(30,'2021-06-07','Administrateur','0640893009','Répondre au questionnaire de 22 questions que vous a transmis votre formateur.\r\nVous avez 30 minutes pour répondre.\r\nLes réponses sont a déposé dans le compte rendu d\'intervention.\r\n\r\nExemple : \r\n1) A\r\n2) A et B\r\n…\r\n\r\nCritère d\'appréciation :\r\n\r\nAu minimum 17 réponses justes pour validation de la fiche\r\n',4,1,'4 erreurs\r\nN° 11, 16, 17 et 22',7,23,1,4,21,NULL,'2021-06-07 10:31:34','2021-06-07 16:52:46'),(31,'2021-06-07','Administrateur','0640893009','Répondre au questionnaire de 22 questions que vous a transmis votre formateur.\r\nVous avez 30 minutes pour répondre.\r\nLes réponses sont a déposé dans le compte rendu d\'intervention.\r\n\r\nExemple : \r\n1) A\r\n2) A et B\r\n…\r\n\r\nCritère d\'appréciation :\r\n\r\nAu minimum 17 réponses justes pour validation de la fiche\r\n',4,1,'4 erreurs : sur les questions 5; 9; 19 et 21\r\n\r\n',7,23,1,4,22,NULL,'2021-06-07 10:31:49','2021-06-08 12:30:28'),(32,'2021-06-07','franck villate','0640893009','Réalisation d\'une cloison de distribution en plaque de plâtre sur ossature métallique.\r\nCloison en L avec inclusion d\'un bloc porte.\r\nL\'emplacement et les dimensions sont fournis par le formateur.\r\nTravail à réaliser avec Dorian BEQIRI.\r\n\r\nCritères d\'appréciations :\r\nRespect de l\'emplacement de la cloison, de la porte\r\nRespect des dimensions\r\nL\'aplomb des cloisons\r\nLe bon positionnement des montants\r\nLes découpes des plaques de plâtre\r\nLes points de vissages des plaques de plâtre\r\nL\'aplomb de la porte\r\nLa fermeture correcte de la porte\r\nLe port des EPI\r\nLa propreté des lieux\r\nL\'utilisation d\'outils adaptés\r\nL\'établissement du compte rendu sur la fiche d\'intervention',4,1,'Conforme aux exigences.\r\nCompte rendu détaillé et précis.\r\nRestant à réalisé sur une prochaine fiche d\'intervention.\r\n\r\nCompétences transversales mise en œuvre.',7,3,3,4,20,NULL,'2021-06-07 13:19:46','2021-06-15 14:47:57'),(33,'2021-06-07','Franck villatte','0640893009','Répondre au questionnaire de 22 questions que vous a transmis votre formateur.\r\nVous avez 30 minutes pour répondre.\r\nLes réponses sont a déposé dans le compte rendu d\'intervention.\r\n\r\nExemple : \r\n1) A\r\n2) A et B\r\n…\r\n\r\nCritère d\'appréciation :\r\n\r\nAu minimum 17 réponses justes pour validation de la fiche\r\n',4,1,'5 Réponses fausses :\r\n1, 5, 11, 16, 17\r\n\r\n17 bonnes réponses sur 22',7,23,1,4,19,NULL,'2021-06-07 15:19:58','2021-06-07 16:45:17'),(34,'2021-06-08','franck villatte','0640893009','Réalisation d\'une cloison de distribution en plaque de plâtre sur ossature métallique.\r\nCloison en L avec inclusion d\'un bloc porte.\r\nTravail à réaliser en binôme avec Damien TARNAT \r\nL\'emplacement et les dimensions sont fournis par le formateur.\r\n\r\nCritères d\'appréciations :\r\nRespect de l\'emplacement de la cloison, de la porte\r\nRespect des dimensions\r\nL\'aplomb des cloisons\r\nLe bon positionnement des montants\r\nLes découpes des plaques de plâtre\r\nLes points de vissages des plaques de plâtre\r\nL\'aplomb de la porte\r\nLa fermeture correcte de la porte\r\nLe port des EPI\r\nLa propreté des lieux\r\nL\'utilisation d\'outils adaptés\r\nL\'établissement du compte rendu sur la fiche d\'intervention',2,0,NULL,7,2,3,4,19,NULL,'2021-06-08 16:13:23','2021-07-01 12:50:59'),(35,'2021-06-08','franck villatte','0640893009','Réalisation d\'une cloison de distribution en plaque de plâtre sur ossature métallique.\r\nCloison en L avec inclusion d\'un bloc porte.\r\nTravail à réaliser en binôme avec Dorian BEQIRI\r\nL\'emplacement et les dimensions sont fournis par le formateur.\r\n\r\nCritères d\'appréciations :\r\nRespect de l\'emplacement de la cloison, de la porte\r\nRespect des dimensions\r\nL\'aplomb des cloisons\r\nLe bon positionnement des montants\r\nLes découpes des plaques de plâtre\r\nLes points de vissages des plaques de plâtre\r\nL\'aplomb de la porte\r\nLa fermeture correcte de la porte\r\nLe port des EPI\r\nLa propreté des lieux\r\nL\'utilisation d\'outils adaptés\r\nL\'établissement du compte rendu sur la fiche d\'intervention',4,1,'Compte rendu ok\r\n\r\nIntervention conforme à la demande',7,2,3,4,21,NULL,'2021-06-08 16:14:34','2021-06-16 16:22:15'),(36,'2021-06-08','franck villatte','0640893009','Réalisation d\'une cloison de distribution en plaque de plâtre sur ossature métallique.\r\nCloison en L avec inclusion d\'un bloc porte.\r\nTravail à réaliser en binôme avec Maxence VERBEKE.\r\nL\'emplacement et les dimensions sont fournis par le formateur.\r\n\r\nCritères d\'appréciations :\r\nRespect de l\'emplacement de la cloison, de la porte\r\nRespect des dimensions\r\nL\'aplomb des cloisons\r\nLe bon positionnement des montants\r\nLes découpes des plaques de plâtre\r\nLes points de vissages des plaques de plâtre\r\nL\'aplomb de la porte\r\nLa fermeture correcte de la porte\r\nLe port des EPI\r\nLa propreté des lieux\r\nL\'utilisation d\'outils adaptés\r\nL\'établissement du compte rendu sur la fiche d\'intervention',4,1,'Conforme au travail demandé, respect des consignes.',7,5,3,4,20,NULL,'2021-06-08 16:16:22','2021-06-15 14:50:28'),(37,'2021-06-08','franck villatte','0640893009','Réalisation d\'une cloison de distribution en plaque de plâtre sur ossature métallique.\r\nCloison en L avec inclusion d\'un bloc porte.\r\nTravail à réaliser en binôme avec Thierry MOREAU.\r\nL\'emplacement et les dimensions sont fournis par le formateur.\r\n\r\nCritères d\'appréciations :\r\nRespect de l\'emplacement de la cloison, de la porte\r\nRespect des dimensions\r\nL\'aplomb des cloisons\r\nLe bon positionnement des montants\r\nLes découpes des plaques de plâtre\r\nLes points de vissages des plaques de plâtre\r\nL\'aplomb de la porte\r\nLa fermeture correcte de la porte\r\nLe port des EPI\r\nLa propreté des lieux\r\nL\'utilisation d\'outils adaptés\r\nL\'établissement du compte rendu sur la fiche d\'intervention',4,1,'Travail réalisé conforme aux exigences.\r\nLe compte rendu est clair\r\nLes travaux restant à réaliser correspondent à ce qu\'il reste à faire',7,5,3,4,22,NULL,'2021-06-08 16:17:30','2021-06-10 16:25:03'),(38,'2021-06-09','Villattef Franck','0640893009','Mise en place d\'un tableau blanc dans l\'atelier à la place du petit tableau blanc en place actuellement.',4,1,'Manque chevilles et vis dans matériaux.\r\n\r\nCompte rendu de qualité\r\nEssai de donner tes impression sur tes réalisations (content, j\'ai pas réussi...)\r\n\r\nIntervention conforme à la demande',7,32,7,3,20,NULL,'2021-06-09 10:40:42','2021-06-10 16:18:44'),(39,'2021-06-09','Villattef Franck','0640893009','Mise en place d\'un tableau blanc dans l\'atelier à la place du petit tableau blanc en place actuellement.',4,1,'Dans les matériaux, est ce qu\'il y a les chevilles?\r\n\r\nIntervention conforme à la demande',7,32,7,3,21,NULL,'2021-06-09 10:40:42','2021-06-10 16:05:30'),(40,'2021-06-09','Formateur test Form','0123456789','test',2,0,'',11,1,2,1,25,NULL,'2021-06-09 11:00:57','2021-09-28 16:28:13'),(41,'2021-06-09','Villattef Franck','0640893009','Réparation du meuble déchet à la sortie du self de la cantine.\r\nBesoin urgent avant casse complète du meuble, a réaliser le 10 Juin au matin.\r\nContacts : Chef de cuisine',4,1,'Travail conforme.\r\nCompte rendu exact et approprié',7,38,50,1,20,NULL,'2021-06-09 15:03:51','2021-06-10 12:24:35'),(42,'2021-06-09','Villattef Franck','0640893009','Réparation du meuble déchet à la sortie du self de la cantine.\r\nBesoin urgent avant casse complète du meuble, a réaliser le 10 Juin au matin.\r\nContacts : Chef de cuisine',4,1,'Il manque des matériaux dans le compte rendu, si il n\'existe pas me le dire afin que je crée dans le menu déroulant.\r\n\r\nTravail réalisé conforme',7,38,50,1,21,NULL,'2021-06-09 15:03:51','2021-06-10 16:02:08'),(43,'2021-06-09','Villattef Franck','0640893009','Mise en place d\'un tableau blanc dans l\'atelier à la place du petit tableau blanc en place actuellement.',4,1,'Manque des matériaux (chevilles et vis)\r\n\r\nUn peu plus de détails dans le compte rendu et tes impression sur ta réalisation.\r\n\r\nIntervention conforme à la demande',7,32,7,3,22,NULL,'2021-06-09 16:51:51','2021-06-10 16:21:48'),(44,'2021-06-09','Villattef Franck','0640893009','Réparation du meuble déchet à la sortie du self de la cantine.\r\nBesoin urgent avant casse complète du meuble, a réaliser le 10 Juin au matin.\r\nContacts : Chef de cuisine',4,1,'Compte rendu clair.\r\nTravaux réalisés conforment aux exigences du demandeur',7,38,50,1,22,NULL,'2021-06-09 16:52:25','2021-06-10 12:11:36'),(45,'2021-06-09','Villattef Franck','0640893009','Réparation du meuble déchet à la sortie du self de la cantine.\r\nBesoin urgent avant casse complète du meuble, a réaliser le 10 Juin au matin.\r\nContacts : Chef de cuisine',4,1,'Il manque des matériaux sur la fiche.\r\n\r\nIntervention réalisé en sécurité et conforme à la demande',7,38,50,1,19,NULL,'2021-06-10 12:27:04','2021-06-10 16:08:26'),(46,'2021-06-09','Villattef Franck','0640893009','Mise en place d\'un tableau blanc dans l\'atelier à la place du petit tableau blanc en place actuellement.',4,1,'Tu n\'as pas utilisé de chevilles et vis?\r\n\r\nIntervention conforme à la demande',7,32,7,3,19,NULL,'2021-06-10 12:27:29','2021-06-10 16:10:35'),(47,'2021-06-08','franck villatte','0640893009','Réalisation d\'une cloison de distribution en plaque de plâtre sur ossature métallique.\r\nCloison en L avec inclusion d\'un bloc porte.\r\nTravail à réaliser en binôme avec Maxence VERBEKE \r\nL\'emplacement et les dimensions sont fournis par le formateur.\r\n\r\nCritères d\'appréciations :\r\nRespect de l\'emplacement de la cloison, de la porte\r\nRespect des dimensions\r\nL\'aplomb des cloisons\r\nLe bon positionnement des montants\r\nLes découpes des plaques de plâtre\r\nLes points de vissages des plaques de plâtre\r\nL\'aplomb de la porte\r\nLa fermeture correcte de la porte\r\nLe port des EPI\r\nLa propreté des lieux\r\nL\'utilisation d\'outils adaptés\r\nL\'établissement du compte rendu sur la fiche d\'intervention',4,1,'Intervention conforme à la demande.\r\nTravail réalisé en sécurité.\r\nBonne compréhension du montage.\r\n\r\nReste à valider la pose du bloc porte sur une prochaine fiche d\'intervention',7,8,3,4,21,NULL,'2021-06-10 14:21:30','2021-06-14 14:46:04'),(48,'2021-06-08','franck villatte','0640893009','Réalisation d\'une cloison de distribution en plaque de plâtre sur ossature métallique.\r\nCloison en L avec inclusion d\'un bloc porte.\r\nTravail à réaliser en binôme avec Damien TARNAT \r\nL\'emplacement et les dimensions sont fournis par le formateur.\r\n\r\nCritères d\'appréciations :\r\nRespect de l\'emplacement de la cloison, de la porte\r\nRespect des dimensions\r\nL\'aplomb des cloisons\r\nLe bon positionnement des montants\r\nLes découpes des plaques de plâtre\r\nLes points de vissages des plaques de plâtre\r\nL\'aplomb de la porte\r\nLa fermeture correcte de la porte\r\nLe port des EPI\r\nLa propreté des lieux\r\nL\'utilisation d\'outils adaptés\r\nL\'établissement du compte rendu sur la fiche d\'intervention',4,1,'Conforme à la demande.\r\nCompte rendu clair et succinct (peut être un peu trop!!!)\r\n\r\n',7,8,3,4,22,NULL,'2021-06-10 14:22:27','2021-06-15 14:55:54'),(49,'2021-06-07','franck villate','0640893009','Réalisation d\'une cloison de distribution en plaque de plâtre sur ossature métallique.\r\nCloison en L avec inclusion d\'un bloc porte.\r\nL\'emplacement et les dimensions sont fournis par le formateur.\r\nTravail à réaliser avec Thierry MOREAU.\r\n\r\nCritères d\'appréciations :\r\nRespect de l\'emplacement de la cloison, de la porte\r\nRespect des dimensions\r\nL\'aplomb des cloisons\r\nLe bon positionnement des montants\r\nLes découpes des plaques de plâtre\r\nLes points de vissages des plaques de plâtre\r\nL\'aplomb de la porte\r\nLa fermeture correcte de la porte\r\nLe port des EPI\r\nLa propreté des lieux\r\nL\'utilisation d\'outils adaptés\r\nL\'établissement du compte rendu sur la fiche d\'intervention',4,1,'Compte rendu compréhensible et détaillé.\r\n\r\nIntervention réalisée suivant la demande.\r\n\r\nEn attente de voir la suite des opérations lorsque le bloc porte sera livré.\r\n\r\n',7,3,3,4,19,NULL,'2021-06-10 14:26:08','2021-06-15 08:09:22'),(50,'2021-06-14','Franck VILLATTE','0640893009','Réalisation d\'une retombée et d\'une cloison de séparation en plaque de plâtre sur ossature métallique.\r\nDimensions et emplacement suivant les consignes du formateur.\r\n\r\nCritères d\'appréciations :\r\n\r\nRespect de l\'emplacement\r\nRespect des dimensions\r\nL\'aplomb\r\nle port des EPI\r\nL\'emploi des outils adaptés\r\nLe compte rendu d\'intervention\r\nLa propreté du travail et des locaux',4,1,'Bon compte rendu.\r\nL\'intervention est conforme à la demande',7,2,5,4,19,NULL,'2021-06-14 13:41:24','2021-06-16 15:54:11'),(51,'2021-06-14','Franck VILLATTE','0640893009','Réalisation d\'une retombée et d\'une cloison de séparation en plaque de plâtre sur ossature métallique.\r\nDimensions et emplacement suivant les consignes du formateur.\r\n\r\nCritères d\'appréciations :\r\n\r\nRespect de l\'emplacement\r\nRespect des dimensions\r\nL\'aplomb\r\nle port des EPI\r\nL\'emploi des outils adaptés\r\nLe compte rendu d\'intervention\r\nLa propreté du travail et des locaux',4,1,'Compte rendu ok\r\n\r\nIntervention conforme',7,3,5,4,20,NULL,'2021-06-14 13:42:04','2021-06-16 16:17:32'),(52,'2021-06-14','Franck VILLATTE','0640893009','Réalisation d\'une retombée et d\'une cloison de séparation en plaque de plâtre sur ossature métallique.\r\nDimensions et emplacement suivant les consignes du formateur.\r\n\r\nCritères d\'appréciations :\r\n\r\nRespect de l\'emplacement\r\nRespect des dimensions\r\nL\'aplomb\r\nle port des EPI\r\nL\'emploi des outils adaptés\r\nLe compte rendu d\'intervention\r\nLa propreté du travail et des locaux',4,1,'compte rendu conforme \r\nréalisation conforme aux exigences',7,5,5,4,21,NULL,'2021-06-14 13:42:37','2021-06-16 16:24:55'),(53,'2021-06-14','Franck VILLATTE','0640893009','Réalisation d\'une retombée et d\'une cloison de séparation en plaque de plâtre sur ossature métallique.\r\nDimensions et emplacement suivant les consignes du formateur.\r\n\r\nCritères d\'appréciations :\r\n\r\nRespect de l\'emplacement\r\nRespect des dimensions\r\nL\'aplomb\r\nle port des EPI\r\nL\'emploi des outils adaptés\r\nLe compte rendu d\'intervention\r\nLa propreté du travail et des locaux',4,1,'Une erreur comprise dans le dimensionnement qui est formative\r\n\r\nCompte rendu ok',7,8,5,4,22,NULL,'2021-06-14 13:43:06','2021-06-16 16:04:27'),(54,'2021-06-14','franck villate','0640893009','Réalisation d\'un plafond technique en dalles de 60x60 cm de l\'entrée de la cabine jusqu\'à la retombé.\r\nPour plus de renseignement, voir avec le demandeur.\r\n\r\nCritères d\'appréciations : \r\nPort des EPI\r\nHorizontalité et niveau du plafond\r\nMise en place de la structure métallique (porteur, entretoise)\r\nLa pose et découpe des dalles de plafond\r\nLa propreté du plafond technique (pas de trace)\r\nLa propreté des lieux\r\nL\'utilisation du matériel adapté\r\nLe compte rendu d\'intervention',2,0,'',7,1,9,4,10,'test\nfiche remise en cours par Formateur test le 2021-10-12 08:47:05\n','2021-06-14 16:59:56','2021-10-12 10:47:05'),(55,'2021-06-16','Franck VILLATTE','0640893009','Réalisation d\'un plafond en plaque de plâtre sur ossature métallique (rails et montants).\r\nLe plafond se situe entre la retombée et le fond de la cabine.\r\nLa hauteur sous plafond est à déterminée avec le formateur.\r\n\r\nCritères d\'appréciations :\r\nPort des EPI\r\nUtilisation du matériel adapté\r\nPropreté du travail et des locaux\r\nHorizontalité du plafond\r\nRespect des normes de pose de l\'ossature métallique\r\nLe compte rendu d\'intervention',4,1,'Intervention conforme\r\n\r\nBravo pour le balisage\r\n\r\nCompte rendu clair',7,8,4,4,19,NULL,'2021-06-16 08:15:18','2021-06-16 15:58:02'),(56,'2021-06-16','Franck VILLATTE','0640893009','Réalisation d\'un plafond en plaque de plâtre sur ossature métallique (rails et montants).\r\nLe plafond se situe entre la retombée et le fond de la cabine.\r\nLa hauteur sous plafond est à déterminée avec le formateur.\r\n\r\nCritères d\'appréciations :\r\nPort des EPI\r\nUtilisation du matériel adapté\r\nPropreté du travail et des locaux\r\nHorizontalité du plafond\r\nRespect des normes de pose de l\'ossature métallique\r\nLe compte rendu d\'intervention',4,1,'Réalisation conforme\r\n\r\nCompte rendu correct',7,5,4,4,20,NULL,'2021-06-16 08:15:52','2021-06-16 16:19:36'),(57,'2021-06-16','Franck VILLATTE','0640893009','Réalisation d\'un plafond en plaque de plâtre sur ossature métallique (rails et montants).\r\nLe plafond se situe entre la retombée et le fond de la cabine.\r\nLa hauteur sous plafond est à déterminée avec le formateur.\r\n\r\nCritères d\'appréciations :\r\nPort des EPI\r\nUtilisation du matériel adapté\r\nPropreté du travail et des locaux\r\nHorizontalité du plafond\r\nRespect des normes de pose de l\'ossature métallique\r\nLe compte rendu d\'intervention',4,1,'Conforme en tout points\r\n\r\nUn peu plus de perfection dans la coupe aurait-il permis d\'éviter de casser la plaque?',7,2,4,4,21,NULL,'2021-06-16 08:16:16','2021-06-16 16:28:01'),(58,'2021-06-16','Franck VILLATTE','0640893009','Réalisation d\'un plafond en plaque de plâtre sur ossature métallique (rails et montants).\r\nLe plafond se situe entre la retombée et le fond de la cabine.\r\nLa hauteur sous plafond est à déterminée avec le formateur.\r\n\r\nCritères d\'appréciations :\r\nPort des EPI\r\nUtilisation du matériel adapté\r\nPropreté du travail et des locaux\r\nHorizontalité du plafond\r\nRespect des normes de pose de l\'ossature métallique\r\nLe compte rendu d\'intervention',4,1,'compte rendu ok\r\n\r\nAvec plus de réalisations tu vas palier les défauts.',7,3,4,4,22,NULL,'2021-06-16 08:16:34','2021-06-16 16:02:12'),(59,'2021-06-16','Franck VILLATTE','0640893009','Construction d\'une gaine technique en plaque de plâtre sur ossature métallique.\r\nDimensions : 30 cm x 15 cm; hauteur : du sol au plafond\r\nSituation : au fond de la cabine a droite\r\n\r\nCritères d\'appréciations :\r\nPort des EPI\r\nRespect des dimensions\r\nL\'aplomb\r\nPropreté des lieux\r\nLe compte rendu d\'intervention',4,1,'intervention conforme.',7,2,5,4,19,NULL,'2021-06-16 16:30:51','2021-06-22 13:52:01'),(60,'2021-06-16','Franck VILLATTE','0640893009','Construction d\'une gaine technique en plaque de plâtre sur ossature métallique.\r\nDimensions : 30 cm x 15 cm; hauteur : du sol au plafond\r\nSituation : au fond de la cabine a droite\r\n\r\nCritères d\'appréciations :\r\nPort des EPI\r\nRespect des dimensions\r\nL\'aplomb\r\nPropreté des lieux\r\nLe compte rendu d\'intervention',4,1,'Réalisation conforme',7,8,5,4,20,NULL,'2021-06-16 16:31:25','2021-06-22 14:09:31'),(61,'2021-06-16','Franck VILLATTE','0640893009','Construction d\'une gaine technique en plaque de plâtre sur ossature métallique.\r\nDimensions : 30 cm x 15 cm; hauteur : du sol au plafond\r\nSituation : au fond de la cabine a droite\r\n\r\nCritères d\'appréciations :\r\nPort des EPI\r\nRespect des dimensions\r\nL\'aplomb\r\nPropreté des lieux\r\nLe compte rendu d\'intervention',4,1,'intervention conforme',7,3,5,4,21,NULL,'2021-06-16 16:31:47','2021-06-22 14:41:27'),(62,'2021-06-16','Franck VILLATTE','0640893009','Construction d\'une gaine technique en plaque de plâtre sur ossature métallique.\r\nDimensions : 30 cm x 15 cm; hauteur : du sol au plafond\r\nSituation : au fond de la cabine a droite\r\n\r\nCritères d\'appréciations :\r\nPort des EPI\r\nRespect des dimensions\r\nL\'aplomb\r\nPropreté des lieux\r\nLe compte rendu d\'intervention',4,1,'Réalisation conforme',7,5,5,4,22,NULL,'2021-06-16 16:32:08','2021-06-22 14:45:11'),(63,'2021-06-18','Franck VILLATTE','0640893009','Réalisation d\'une retombée de 20 cm sur le devant de la cabine, largeur : 1,75 ml.\r\nPour plus de renseignements contacter le demandeur.\r\n\r\nCritères d\'appréciations :\r\nLe port des EPI\r\nRespect de l\'emplacement et des dimensions\r\nLes coupes des plaques de plâtre\r\nLe montage de l\'ossature métallique\r\nLe balisage de la zone d\'intervention\r\nLe compte rendu d\'intervention',4,1,'intervention conforme',7,2,5,4,19,NULL,'2021-06-18 09:03:11','2021-06-22 13:52:50'),(64,'2021-06-18','Franck VILLATTE','0640893009','Réalisation d\'une retombée de 20 cm sur le devant de la cabine, largeur : 1,75 ml.\r\nPour plus de renseignements contacter le demandeur.\r\n\r\nCritères d\'appréciations :\r\nLe port des EPI\r\nRespect de l\'emplacement et des dimensions\r\nLes coupes des plaques de plâtre\r\nLe montage de l\'ossature métallique\r\nLe balisage de la zone d\'intervention\r\nLe compte rendu d\'intervention',4,1,'Réalisation conforme',7,3,5,4,20,NULL,'2021-06-18 09:03:33','2021-06-22 14:11:34'),(65,'2021-06-18','Franck VILLATTE','0640893009','Réalisation d\'une retombée de 20 cm sur le devant de la cabine, largeur : 1,75 ml.\r\nPour plus de renseignements contacter le demandeur.\r\n\r\nCritères d\'appréciations :\r\nLe port des EPI\r\nRespect de l\'emplacement et des dimensions\r\nLes coupes des plaques de plâtre\r\nLe montage de l\'ossature métallique\r\nLe balisage de la zone d\'intervention\r\nLe compte rendu d\'intervention',4,1,'Réalisation conforme',7,5,5,4,21,NULL,'2021-06-18 09:03:54','2021-06-22 14:42:52'),(66,'2021-06-18','Franck VILLATTE','0640893009','Réalisation d\'une retombée de 20 cm sur le devant de la cabine, largeur : 1,75 ml.\r\nPour plus de renseignements contacter le demandeur.\r\n\r\nCritères d\'appréciations :\r\nLe port des EPI\r\nRespect de l\'emplacement et des dimensions\r\nLes coupes des plaques de plâtre\r\nLe montage de l\'ossature métallique\r\nLe balisage de la zone d\'intervention\r\nLe compte rendu d\'intervention',4,1,'Réalisation conforme',7,8,5,4,22,NULL,'2021-06-18 09:04:15','2021-06-22 14:47:49'),(67,'2021-06-22','Villattef Franck','0640893009','Réalisation de bande a plaque de plâtre rentrante, sortante et droite.\r\n\r\nLe formateur indique l\'endroit des bandes à réaliser.\r\n\r\nCritères d\'appréciations:\r\nLes bandes sont réalisées en conformité avec la norme\r\nLes lieux du travail sont propres\r\n2 passes minimum sont réalisées',4,1,'Les bandes réalisées sont correct.',7,2,3,4,19,NULL,'2021-06-22 13:48:53','2021-07-05 13:31:57'),(68,'2021-06-22','Villattef Franck','0640893009','Réalisation de bande a plaque de plâtre rentrante, sortante et droite.\r\n\r\nLe formateur indique l\'endroit des bandes à réaliser.\r\n\r\nCritères d\'appréciations:\r\nLes bandes sont réalisées en conformité avec la norme\r\nLes lieux du travail sont propres\r\n2 passes minimum sont réalisées',4,1,'Bande réalisées conforme',7,3,3,3,20,NULL,'2021-06-22 13:49:13','2021-06-30 12:43:07'),(69,'2021-06-22','Villattef Franck','0640893009','Réalisation de bande a plaque de plâtre rentrante, sortante et droite.\r\n\r\nLe formateur indique l\'endroit des bandes à réaliser.\r\n\r\nCritères d\'appréciations:\r\nLes bandes sont réalisées en conformité avec la norme\r\nLes lieux du travail sont propres\r\n2 passes minimum sont réalisées',4,1,'Réalisation correct pour une première expérience',7,5,3,4,21,NULL,'2021-06-22 13:49:34','2021-06-28 09:54:17'),(70,'2021-06-22','Villattef Franck','0640893009','Réalisation de bande a plaque de plâtre rentrante, sortante et droite.\r\n\r\nLe formateur indique l\'endroit des bandes à réaliser.\r\n\r\nCritères d\'appréciations:\r\nLes bandes sont réalisées en conformité avec la norme\r\nLes lieux du travail sont propres\r\n2 passes minimum sont réalisées',4,1,'Bonne application des divers produits  de jointoyage des bandes',7,8,3,4,22,NULL,'2021-06-22 13:49:50','2021-06-30 12:46:43'),(71,'2021-06-22','Franck VILLATTE','0640893009','Réalisation d\'un plafond technique en dalles de 60x60 cm de l\'entrée de la cabine jusqu\'à la retombé.\r\nPour plus de renseignement, voir avec le demandeur.\r\n\r\nCritères d\'appréciations : \r\nPort des EPI\r\nHorizontalité et niveau du plafond\r\nMise en place de la structure métallique (porteur, entretoise)\r\nLa pose et découpe des dalles de plafond\r\nLa propreté du plafond technique (pas de trace)\r\nLa propreté des lieux\r\nL\'utilisation du matériel adapté\r\nLe compte rendu d\'intervention',4,1,'Intervention conforme à la demande.\r\n',7,2,9,4,19,NULL,'2021-06-22 15:04:36','2021-06-30 12:40:58'),(72,'2021-06-22','Franck VILLATTE','0640893009','Réalisation d\'un plafond technique en dalles de 60x60 cm de l\'entrée de la cabine jusqu\'à la retombé.\r\nPour plus de renseignement, voir avec le demandeur.\r\n\r\nCritères d\'appréciations : \r\nPort des EPI\r\nHorizontalité et niveau du plafond\r\nMise en place de la structure métallique (porteur, entretoise)\r\nLa pose et découpe des dalles de plafond\r\nLa propreté du plafond technique (pas de trace)\r\nLa propreté des lieux\r\nL\'utilisation du matériel adapté\r\nLe compte rendu d\'intervention',4,1,'les critères d\'appréciations sont respectés',7,3,9,3,20,NULL,'2021-06-23 15:23:53','2021-06-30 12:43:46'),(73,'2021-06-22','Franck VILLATTE','0640893009','Réalisation d\'un plafond technique en dalles de 60x60 cm de l\'entrée de la cabine jusqu\'à la retombé.\r\nPour plus de renseignement, voir avec le demandeur.\r\n\r\nCritères d\'appréciations : \r\nPort des EPI\r\nHorizontalité et niveau du plafond\r\nMise en place de la structure métallique (porteur, entretoise)\r\nLa pose et découpe des dalles de plafond\r\nLa propreté du plafond technique (pas de trace)\r\nLa propreté des lieux\r\nL\'utilisation du matériel adapté\r\nLe compte rendu d\'intervention',4,1,'Critères d\'appréciations respectés.',7,5,9,4,21,NULL,'2021-06-23 15:24:13','2021-06-30 12:44:47'),(74,'2021-06-22','Franck VILLATTE','0640893009','Réalisation d\'un plafond technique en dalles de 60x60 cm de l\'entrée de la cabine jusqu\'à la retombé.\r\nPour plus de renseignement, voir avec le demandeur.\r\n\r\nCritères d\'appréciations : \r\nPort des EPI\r\nHorizontalité et niveau du plafond\r\nMise en place de la structure métallique (porteur, entretoise)\r\nLa pose et découpe des dalles de plafond\r\nLa propreté du plafond technique (pas de trace)\r\nLa propreté des lieux\r\nL\'utilisation du matériel adapté\r\nLe compte rendu d\'intervention',4,1,'Plafond propre et de niveau. Conforme à la demande',7,8,9,4,22,NULL,'2021-06-23 15:24:30','2021-06-30 12:47:28'),(75,NULL,'Administrateur','0640893009','Pose d\'un panneau de faïence au fond de la cabine suivant le croquis joint.\r\n\r\nCritères d\'appréciations :\r\n- respect des dimensions\r\n- pose de niveau et d\'aplomb\r\n- les joints sont réguliers (non creusés, ni en surépaisseur)\r\n- les carreaux sont au même niveaux les uns/aux autres\r\n',1,0,NULL,1,1,11,4,NULL,NULL,'2021-06-28 16:38:25',NULL),(76,'2021-06-28','Franck VILLATTE','0640893009','Pose d\'un panneau de faïence au fond de la cabine suivant le croquis joint.\r\n\r\nCritères d\'appréciations :\r\n- respect des dimensions\r\n- pose de niveau et d\'aplomb\r\n- les joints sont réguliers (non creusés, ni en surépaisseur)\r\n- les carreaux sont au même niveaux les uns/aux autres\r\n',4,1,'Intervention conforme à la demande',7,8,11,4,19,NULL,'2021-06-28 16:39:29','2021-06-30 12:41:40'),(77,'2021-06-28','Franck VILLATTE','0640893009','Pose d\'un panneau de faïence au fond de la cabine suivant le croquis joint.\r\n\r\nCritères d\'appréciations :\r\n- respect des dimensions\r\n- pose de niveau et d\'aplomb\r\n- les joints sont réguliers (non creusés, ni en surépaisseur)\r\n- les carreaux sont au même niveaux les uns/aux autres\r\n',4,1,'Conforme aux attentes',7,5,11,4,20,NULL,'2021-06-28 16:39:56','2021-07-05 13:33:16'),(78,'2021-06-28','Franck VILLATTE','0640893009','Pose d\'un panneau de faïence au fond de la cabine suivant le croquis joint.\r\n\r\nCritères d\'appréciations :\r\n- respect des dimensions\r\n- pose de niveau et d\'aplomb\r\n- les joints sont réguliers (non creusés, ni en surépaisseur)\r\n- les carreaux sont au même niveaux les uns/aux autres\r\n',4,1,'Intervention réalisée en conformité avec la demande',7,3,11,4,21,NULL,'2021-06-28 16:40:27','2021-06-30 12:45:35'),(79,'2021-06-28','Franck VILLATTE','0640893009','Pose d\'un panneau de faïence au fond de la cabine suivant le croquis joint.\r\n\r\nCritères d\'appréciations :\r\n- respect des dimensions\r\n- pose de niveau et d\'aplomb\r\n- les joints sont réguliers (non creusés, ni en surépaisseur)\r\n- les carreaux sont au même niveaux les uns/aux autres\r\n',4,1,'Une première\r\nRéalisation conforme / critères d\'appréciations',7,2,11,4,22,NULL,'2021-06-28 16:40:55','2021-06-30 12:48:53'),(80,NULL,'Franck VILLATTE','0640893009','Pose de carrelage sur le sol de la cabine.\r\nLa dimension et le lieu de mise en place sont à demander au demandeur.\r\n\r\nCritères d\'appréciations :\r\n\r\nPlanéité de l\'ensemble\r\nLa justesse des coupes\r\nLe respect de l\'implantation\r\nLa dimension et la régularité des joints\r\nLa propreté du travail\r\nLe port des EPI\r\nL\'utilisation du matériel adéquat',1,0,NULL,1,1,10,4,NULL,NULL,'2021-06-30 12:53:55',NULL),(81,'2021-06-30','Franck VILLATTE','0640893009','Pose de carrelage à l\'intérieur de la cabine au fond à droite.\r\nPour de plus amples renseignements contacter le demandeur.\r\n\r\nCritères d\'appréciation :\r\nPort des EPI\r\nLe demandeur à été contacté, l\'échange est constructif et poli\r\nLa pose est plane\r\nLe calepinage est conforme\r\nLa dimension des joints est identique sur l\'ensemble de la pose\r\nLes plinthes sont posé de façon harmonieuse\r\nLes joints sont réalisés et conforme  \r\nLa zone est balisée\r\nLes lieux sont propres\r\nLe demandeur à été recontacté en fin d\'intervention\r\nLe compte rendu d\'intervention est rempli correctement',4,1,'Réalisation conforme/demande',7,8,10,3,19,NULL,'2021-06-30 13:01:21','2021-07-13 10:49:03'),(82,'2021-06-30','Franck VILLATTE','0640893009','Pose de carrelage à l\'intérieur de la cabine au fond à droite.\r\nPour de plus amples renseignements contacter le demandeur.\r\n\r\nCritères d\'appréciation :\r\nPort des EPI\r\nLe demandeur à été contacté, l\'échange est constructif et poli\r\nLa pose est plane\r\nLe calepinage est conforme\r\nLa dimension des joints est identique sur l\'ensemble de la pose\r\nLes plinthes sont posé de façon harmonieuse\r\nLes joints sont réalisés et conforme  \r\nLa zone est balisée\r\nLes lieux sont propres\r\nLe demandeur à été recontacté en fin d\'intervention\r\nLe compte rendu d\'intervention est rempli correctement',4,1,'Compétence acquise',7,5,10,4,20,NULL,'2021-06-30 13:01:44','2021-07-05 13:33:59'),(83,'2021-06-30','Franck VILLATTE','0640893009','Pose de carrelage à l\'intérieur de la cabine au fond à droite.\r\nPour de plus amples renseignements contacter le demandeur.\r\n\r\nCritères d\'appréciation :\r\nPort des EPI\r\nLe demandeur à été contacté, l\'échange est constructif et poli\r\nLa pose est plane\r\nLe calepinage est conforme\r\nLa dimension des joints est identique sur l\'ensemble de la pose\r\nLes plinthes sont posé de façon harmonieuse\r\nLes joints sont réalisés et conforme  \r\nLa zone est balisée\r\nLes lieux sont propres\r\nLe demandeur à été recontacté en fin d\'intervention\r\nLe compte rendu d\'intervention est rempli correctement',4,1,'Réalisation conforme / aux exigences',7,3,10,4,21,NULL,'2021-06-30 13:02:07','2021-07-05 13:34:54'),(84,'2021-06-30','Franck VILLATTE','0640893009','Pose de carrelage à l\'intérieur de la cabine au fond à droite.\r\nPour de plus amples renseignements contacter le demandeur.\r\n\r\nCritères d\'appréciation :\r\nPort des EPI\r\nLe demandeur à été contacté, l\'échange est constructif et poli\r\nLa pose est plane\r\nLe calepinage est conforme\r\nLa dimension des joints est identique sur l\'ensemble de la pose\r\nLes plinthes sont posé de façon harmonieuse\r\nLes joints sont réalisés et conforme  \r\nLa zone est balisée\r\nLes lieux sont propres\r\nLe demandeur à été recontacté en fin d\'intervention\r\nLe compte rendu d\'intervention est rempli correctement',4,1,'Réalisation conforme.\r\n\r\nLe carreau de carrelage décollé : il aurait fallu l\'inscrire dans travaux restant à réaliser\r\n\r\n ',7,2,10,4,22,NULL,'2021-06-30 13:02:29','2021-07-05 13:36:59'),(85,NULL,'Administrateur','0745821463','Pose de dalles PVC sur le fond de la cabine à gauche.\r\n\r\nPour de plus amples information me contacter.\r\n\r\nCritères d\'appréciations : \r\n\r\nLa justesse des coupes\r\nUn calepinage cohérent\r\nLa propreté du résultat de l\'intervention',1,0,NULL,1,1,16,4,NULL,NULL,'2021-07-05 13:41:09',NULL),(86,'2021-07-05','Franck VILLATTE','0640893009','Pose de dalles PVC sur le fond de la cabine à gauche.\r\n\r\nPour de plus amples information me contacter.\r\n\r\nCritères d\'appréciations : \r\n\r\nLa justesse des coupes\r\nUn calepinage cohérent\r\nLa propreté du résultat de l\'intervention',4,1,'Conforme',7,8,16,4,19,NULL,'2021-07-05 14:00:23','2021-09-22 15:04:48'),(87,'2021-07-05','Franck VILLATTE','0640893009','Pose de dalles PVC sur le fond de la cabine à gauche.\r\n\r\nPour de plus amples information me contacter.\r\n\r\nCritères d\'appréciations : \r\n\r\nLa justesse des coupes\r\nUn calepinage cohérent\r\nLa propreté du résultat de l\'intervention',4,1,'Intervention conforme / critères d\'appréciations',7,5,16,4,20,NULL,'2021-07-05 14:00:48','2021-07-08 09:58:28'),(88,'2021-07-05','Franck VILLATTE','0640893009','Pose de dalles PVC sur le fond de la cabine à gauche.\r\n\r\nPour de plus amples information me contacter.\r\n\r\nCritères d\'appréciations : \r\n\r\nLa justesse des coupes\r\nUn calepinage cohérent\r\nLa propreté du résultat de l\'intervention',4,1,'Intervention réalisée en conformité / demande',7,2,16,4,21,NULL,'2021-07-05 14:01:05','2021-07-08 09:59:18'),(89,'2021-07-05','Franck VILLATTE','0640893009','Pose de dalles PVC sur le fond de la cabine à gauche.\r\n\r\nPour de plus amples information me contacter.\r\n\r\nCritères d\'appréciations : \r\n\r\nLa justesse des coupes\r\nUn calepinage cohérent\r\nLa propreté du résultat de l\'intervention',1,0,NULL,7,5,16,4,14,NULL,'2021-07-05 14:01:25','2021-07-05 14:09:51'),(90,'2021-07-05','Villattef Franck','0640893009','Mise en peinture d\'impression l\'ensemble des parois en plaque de plâtre\r\n\r\nCritères d\'appréciations : \r\n\r\nPropreté des locaux\r\nApplication uniforme\r\nUtilisation des outils et matériaux adaptés\r\n',4,1,'Conforme',7,8,14,4,19,NULL,'2021-07-05 14:07:23','2021-09-22 15:03:44'),(91,'2021-07-05','Villattef Franck','0640893009','Mise en peinture d\'impression l\'ensemble des parois en plaque de plâtre\r\n\r\nCritères d\'appréciations : \r\n\r\nPropreté des locaux\r\nApplication uniforme\r\nUtilisation des outils et matériaux adaptés\r\n',4,1,'Conforme',7,5,14,4,20,NULL,'2021-07-05 14:07:45','2021-09-22 15:16:57'),(92,'2021-07-05','Villattef Franck','0640893009','Mise en peinture d\'impression l\'ensemble des parois en plaque de plâtre\r\n\r\nCritères d\'appréciations : \r\n\r\nPropreté des locaux\r\nApplication uniforme\r\nUtilisation des outils et matériaux adaptés\r\n',4,1,'Conforme/demande',7,3,14,4,21,NULL,'2021-07-05 14:08:06','2021-07-13 10:52:26'),(93,'2021-07-05','Villattef Franck','0640893009','Mise en peinture d\'impression l\'ensemble des parois en plaque de plâtre\r\n\r\nCritères d\'appréciations : \r\n\r\nPropreté des locaux\r\nApplication uniforme\r\nUtilisation des outils et matériaux adaptés\r\n',4,1,'Ce n\'est pas une réflexion, mais une critique positive.\r\n\r\nLe nom du rouleau à peinture : manchon\r\n\r\nRéalisation conforme',7,2,14,4,22,NULL,'2021-07-05 14:08:38','2021-07-08 10:03:45'),(94,'2021-07-05','Franck VILLATTE','0640893009','Pose de dalles PVC sur le fond de la cabine à gauche.\r\n\r\nPour de plus amples information me contacter.\r\n\r\nCritères d\'appréciations : \r\n\r\nLa justesse des coupes\r\nUn calepinage cohérent\r\nLa propreté du résultat de l\'intervention',4,1,'Réalisation conforme / demande\r\n\r\nSpatule à maroufler : pour éviter les bulles d\'air et appliquer un revêtement correctement sur la surface\r\n',7,2,16,4,22,NULL,'2021-07-05 14:09:03','2021-07-08 10:02:05'),(95,'2021-07-07','Villattef Franck','0640893009','Ratissage à l\'enduit et mise en peinture d\'une maquette pédagogique pour la formation TEAB.\r\n\r\nContacter les stagiaires de la formation TEAB afin de savoir les critères de recevabilité du produit fini.\r\n\r\n',4,1,'Le client est satisfait de la réalisation',7,28,14,3,20,NULL,'2021-07-08 10:13:31','2021-07-13 10:51:07'),(96,'2021-07-07','Villattef Franck','0640893009','Ratissage à l\'enduit et mise en peinture d\'une maquette pédagogique pour la formation TEAB.\r\n\r\nContacter les stagiaires de la formation TEAB afin de savoir les critères de recevabilité du produit fini.\r\n\r\n',4,1,'Le client est satisfait de la prestation',7,28,14,3,21,NULL,'2021-07-08 10:13:59','2021-07-13 10:53:05'),(97,'2021-07-07','Villattef Franck','0640893009','Confection et mise en place d\'une patte de fixation au niveau du comptoir de l\'entrée de l\'administration.\r\n\r\nNom du contact : Sophie SCHLISTEUR.',1,0,NULL,7,33,50,3,21,NULL,'2021-07-08 10:17:17',NULL),(98,NULL,'Administrateur','0745821463','Peinture du plafond en plaque de plâtre de la cabine.\r\n\r\nCritères d\'appréciations : \r\n\r\nChoix de la peinture\r\nLa mise en place de protection\r\nLa propreté des lieux de l\'exécution de l\'intervention\r\nPas de coup de rouleau apparent\r\nLa qualité des réchampi\r\nLe nettoyage des outils',1,0,NULL,1,1,13,4,NULL,NULL,'2021-07-08 15:52:15',NULL),(99,'2021-07-08','Franck VILLATTE','0640893009','Peinture du plafond en plaque de plâtre de la cabine.\r\n\r\nCritères d\'appréciations : \r\n\r\nChoix de la peinture\r\nLa mise en place de protection\r\nLa propreté des lieux de l\'exécution de l\'intervention\r\nPas de coup de rouleau apparent\r\nLa qualité des réchampi\r\nLe nettoyage des outils',4,1,'conforme',7,2,13,4,19,NULL,'2021-07-08 15:55:56','2021-09-22 15:03:25'),(100,'2021-07-08','Franck VILLATTE','0640893009','Peinture du plafond en plaque de plâtre de la cabine.\r\n\r\nCritères d\'appréciations : \r\n\r\nChoix de la peinture\r\nLa mise en place de protection\r\nLa propreté des lieux de l\'exécution de l\'intervention\r\nPas de coup de rouleau apparent\r\nLa qualité des réchampi\r\nLe nettoyage des outils',4,1,'Conforme\r\n\r\nDescription très détaillé, bravo',7,8,13,4,20,NULL,'2021-07-08 15:56:18','2021-07-13 10:50:23'),(101,'2021-07-08','Franck VILLATTE','0640893009','Peinture du plafond en plaque de plâtre de la cabine.\r\n\r\nCritères d\'appréciations : \r\n\r\nChoix de la peinture\r\nLa mise en place de protection\r\nLa propreté des lieux de l\'exécution de l\'intervention\r\nPas de coup de rouleau apparent\r\nLa qualité des réchampi\r\nLe nettoyage des outils',4,1,'Intervention conforme',7,3,13,4,21,NULL,'2021-07-08 15:56:41','2021-07-13 10:51:55'),(102,'2021-07-08','Franck VILLATTE','0640893009','Peinture du plafond en plaque de plâtre de la cabine.\r\n\r\nCritères d\'appréciations : \r\n\r\nChoix de la peinture\r\nLa mise en place de protection\r\nLa propreté des lieux de l\'exécution de l\'intervention\r\nPas de coup de rouleau apparent\r\nLa qualité des réchampi\r\nLe nettoyage des outils',4,1,'Application correct\r\n\r\nIntervention conforme',7,8,13,4,22,NULL,'2021-07-08 15:57:12','2021-07-13 10:54:25'),(103,NULL,'Administrateur','0745821463','Pose de toile de verre à l\'endroit indiqué par le demandeur.\r\n\r\nCritères d\'appréciations :\r\n\r\nPréparation de l\'intervention\r\nEmploi d\'outils adaptés\r\nLes angles rentrants et sortants sont traités conformément\r\nAbsence de bulles et de plis\r\nLes coupes sont ajustées\r\nL\'intervention finalisé est absente de salissures et de reste de colle',1,0,NULL,1,1,12,4,NULL,NULL,'2021-07-12 15:32:57',NULL),(104,'2021-07-12','Franck VILLATTE','0640893009','Pose de toile de verre à l\'endroit indiqué par le demandeur.\r\n\r\nCritères d\'appréciations :\r\n\r\nPréparation de l\'intervention\r\nEmploi d\'outils adaptés\r\nLes angles rentrants et sortants sont traités conformément\r\nAbsence de bulles et de plis\r\nLes coupes sont ajustées\r\nL\'intervention finalisé est absente de salissures et de reste de colle',4,1,'Conforme',7,2,12,4,19,NULL,'2021-07-12 15:34:18','2021-09-22 15:03:04'),(105,'2021-07-12','Franck VILLATTE','0640893009','Pose de toile de verre à l\'endroit indiqué par le demandeur.\r\n\r\nCritères d\'appréciations :\r\n\r\nPréparation de l\'intervention\r\nEmploi d\'outils adaptés\r\nLes angles rentrants et sortants sont traités conformément\r\nAbsence de bulles et de plis\r\nLes coupes sont ajustées\r\nL\'intervention finalisé est absente de salissures et de reste de colle',4,1,'Conforme',7,3,12,4,20,NULL,'2021-07-12 15:34:48','2021-09-22 15:16:34'),(106,'2021-07-12','Franck VILLATTE','0640893009','Pose de toile de verre à l\'endroit indiqué par le demandeur.\r\n\r\nCritères d\'appréciations :\r\n\r\nPréparation de l\'intervention\r\nEmploi d\'outils adaptés\r\nLes angles rentrants et sortants sont traités conformément\r\nAbsence de bulles et de plis\r\nLes coupes sont ajustées\r\nL\'intervention finalisé est absente de salissures et de reste de colle',4,1,'Conforme',7,8,12,4,21,NULL,'2021-07-12 15:35:09','2021-09-22 15:42:42'),(107,'2021-07-12','Franck VILLATTE','0640893009','Pose de toile de verre à l\'endroit indiqué par le demandeur.\r\n\r\nCritères d\'appréciations :\r\n\r\nPréparation de l\'intervention\r\nEmploi d\'outils adaptés\r\nLes angles rentrants et sortants sont traités conformément\r\nAbsence de bulles et de plis\r\nLes coupes sont ajustées\r\nL\'intervention finalisé est absente de salissures et de reste de colle',4,1,'Conforme',7,5,12,4,22,NULL,'2021-07-12 15:35:31','2021-09-22 15:43:44'),(108,'2021-07-13','Villattef Franck','0640893009','Confection d\'un cadre avec des baguettes de champlat à l\'endroit indiqué par le formateur.\r\n\r\nCritères d\'appréciations :\r\n\r\nLes coupes sont propres\r\nLes dimensions du cadre sont respectées\r\nLe cadre est à l\'emplacement prévu',4,1,'conforme',7,2,6,4,19,NULL,'2021-07-13 10:40:30','2021-09-22 15:02:41'),(109,'2021-07-13','Villattef Franck','0640893009','Confection d\'un cadre avec des baguettes de champlat à l\'endroit indiqué par le formateur.\r\n\r\nCritères d\'appréciations :\r\n\r\nLes coupes sont propres\r\nLes dimensions du cadre sont respectées\r\nLe cadre est à l\'emplacement prévu',4,1,'Conforme',7,3,6,4,20,NULL,'2021-07-13 10:45:57','2021-09-22 15:16:11'),(110,'2021-07-13','Villattef Franck','0640893009','Confection d\'un cadre avec des baguettes de champlat à l\'endroit indiqué par le formateur.\r\n\r\nCritères d\'appréciations :\r\n\r\nLes coupes sont propres\r\nLes dimensions du cadre sont respectées\r\nLe cadre est à l\'emplacement prévu',4,1,'Conforme',7,8,6,4,21,NULL,'2021-07-13 10:46:52','2021-09-22 15:21:50'),(111,'2021-07-13','Villattef Franck','0640893009','Confection d\'un cadre avec des baguettes de champlat à l\'endroit indiqué par le formateur.\r\n\r\nCritères d\'appréciations :\r\n\r\nLes coupes sont propres\r\nLes dimensions du cadre sont respectées\r\nLe cadre est à l\'emplacement prévu',4,1,'Conforme',7,5,6,4,22,NULL,'2021-07-13 10:47:11','2021-09-22 15:44:04'),(112,'2021-07-13','Villattef Franck','0640893009','Mise en peinture des boiseries de la cabine (plinthes et champlat)',4,1,'Conforme',7,5,15,4,19,NULL,'2021-07-13 10:56:51','2021-09-22 15:04:24'),(113,'2021-07-13','Villattef Franck','0640893009','Mise en peinture des boiseries de la cabine (plinthes et champlat)',4,1,'Conforme',7,8,15,4,20,NULL,'2021-07-13 10:57:10','2021-09-22 15:17:37'),(114,'2021-07-13','Villattef Franck','0640893009','Mise en peinture des boiseries de la cabine (plinthes et champlat)',4,1,'Conforme',7,2,15,4,21,NULL,'2021-07-13 10:57:35','2021-09-22 15:43:18'),(115,'2021-07-13','Villattef Franck','0640893009','Mise en peinture des boiseries de la cabine (plinthes et champlat)',1,0,NULL,7,3,15,4,22,NULL,'2021-07-13 10:57:55',NULL),(116,'2021-07-13','Villattef Franck','0640893009','Mise en peinture des cloisons de la cabine.\r\n\r\nUne couleur sur la toile de verre différente de celle appliqué sur les partie lisse.\r\n\r\nCritères d\'appréciations :\r\n\r\nApplication en catégorie B\r\nPropreté des lieux',4,1,'Conforme',7,5,14,4,19,NULL,'2021-07-13 11:00:59','2021-09-22 15:04:05'),(117,'2021-07-13','Villattef Franck','0640893009','Mise en peinture des cloisons de la cabine.\r\n\r\nUne couleur sur la toile de verre différente de celle appliqué sur les partie lisse.\r\n\r\nCritères d\'appréciations :\r\n\r\nApplication en catégorie B\r\nPropreté des lieux',4,1,'Conforme',7,8,14,4,20,NULL,'2021-07-13 11:01:28','2021-09-22 15:17:19'),(118,'2021-07-13','Villattef Franck','0640893009','Mise en peinture des cloisons de la cabine.\r\n\r\nUne couleur sur la toile de verre différente de celle appliqué sur les partie lisse.\r\n\r\nCritères d\'appréciations :\r\n\r\nApplication en catégorie B\r\nPropreté des lieux',4,1,'Conforme',7,2,14,4,21,NULL,'2021-07-13 11:02:15','2021-09-22 15:42:59'),(119,'2021-07-13','Villattef Franck','0640893009','Mise en peinture des cloisons de la cabine.\r\n\r\nUne couleur sur la toile de verre différente de celle appliqué sur les partie lisse.\r\n\r\nCritères d\'appréciations :\r\n\r\nApplication en catégorie B\r\nPropreté des lieux',1,0,NULL,7,3,14,4,22,NULL,'2021-07-13 11:02:31','2021-07-13 14:11:58'),(120,'2021-09-07','Villatte Franck','0640893009','Réalisation de la déconstruction des ouvrages réalisés dans la cabine.\r\nL\'ossature de la cabine reste en place.\r\nLa cloison qui se situe a droite en rentrant dans la cabine reste en place ainsi que la plaque d\'OSB et le matériel électrique disposé dessus.\r\nLes consignes de déconstruction sont données par le formateur.\r\n\r\nCritères d\'appréciations : \r\nPort des EPI\r\nLogique dans la déconstruction\r\nMise en place d\'un balisage de sécurité\r\nTri des déchets\r\nRécupération du matériel à réutiliser et réintégration au magasin\r\nUtilisation des outils adéquats\r\nPropreté du travail',1,0,NULL,7,1,2,4,34,NULL,'2021-09-07 10:03:02',NULL),(121,'2021-09-07','Goulmot Lionel','0611115817','Réalisation d\'une cloison de distribution en plaque de plâtre sur ossature métallique.\r\nCloison en L avec inclusion d\'un bloc porte.\r\nL\'emplacement et les dimensions sont fournis par le formateur.\r\n\r\nCritères d\'appréciations :\r\nRespect de l\'emplacement de la cloison, de la porte\r\nRespect des dimensions\r\nL\'aplomb des cloisons\r\nLe bon positionnement des montants\r\nLes découpes des plaques de plâtre\r\nLa finition des bandes\r\nLes points de vissages des plaques de plâtre\r\nL\'aplomb de la porte\r\nLa fermeture correcte de la porte\r\nLe port des EPI\r\nLa propreté des lieux\r\nL\'utilisation d\'outils adaptés\r\nL\'établissement du compte rendu sur la fiche d\'intervention',2,0,'',29,5,3,4,67,NULL,'2021-09-07 10:03:13','2021-10-05 07:31:59'),(122,'2021-09-07','Villatte Franck','0640893009','Réalisation de la déconstruction des ouvrages réalisés dans la cabine.\r\nL\'ossature de la cabine reste en place.\r\nLa cloison qui se situe a droite en rentrant dans la cabine reste en place ainsi que la plaque d\'OSB et le matériel électrique disposé dessus.\r\nLes consignes de déconstruction sont données par le formateur.\r\n\r\nCritères d\'appréciations : \r\nPort des EPI\r\nLogique dans la déconstruction\r\nMise en place d\'un balisage de sécurité\r\nTri des déchets\r\nRécupération du matériel à réutiliser et réintégration au magasin\r\nUtilisation des outils adéquats\r\nPropreté du travail',1,0,NULL,7,1,2,4,12,NULL,'2021-09-07 10:04:55',NULL),(123,'2021-09-07','Villattef Franck','0640893009','remplacement joint du WC',4,1,'ok',7,19,48,2,34,NULL,'2021-09-07 10:25:38','2021-10-07 08:09:29'),(124,'2021-09-07','Peyronnet Roger','0645174959','Preparation intervention',5,0,'trop sale',28,1,1,3,54,NULL,'2021-09-07 15:12:56','2021-09-08 15:34:35'),(126,'2021-09-08','Lionel Goulmot','0611115817','Pose d\'un panneau de faïence au fond de la cabine suivant le croquis joint.\r\n\r\nCritères d\'appréciations :\r\n- respect des dimensions\r\n- pose de niveau et d\'aplomb\r\n- les joints sont réguliers (non creusés, ni en surépaisseur)\r\n- les carreaux sont au même niveaux les uns/aux autres\r\n',4,1,'Travaux conformes',29,4,11,4,58,NULL,'2021-09-08 11:27:24','2021-09-08 11:54:08'),(127,'2021-09-07','Peyronnet Roger','0645174959','Preparation intervention',4,1,'ok',28,1,1,3,54,NULL,'2021-09-08 15:53:28','2021-09-08 16:22:12'),(128,'2021-09-08','Lionel Goulmot','0611115817','Pose d\'un panneau de faïence au fond de la cabine suivant le croquis joint.\r\n\r\nCritères d\'appréciations :\r\n- respect des dimensions\r\n- pose de niveau et d\'aplomb\r\n- les joints sont réguliers (non creusés, ni en surépaisseur)\r\n- les carreaux sont au même niveaux les uns/aux autres\r\n',4,1,'Travaux conformes à la demande',29,11,11,4,65,NULL,'2021-09-09 11:42:14','2021-09-09 14:49:48'),(129,'2021-09-08','Lionel Goulmot','0611115817','Pose d\'un panneau de faïence au fond de la cabine suivant le croquis joint.\r\n\r\nCritères d\'appréciations :\r\n- respect des dimensions\r\n- pose de niveau et d\'aplomb\r\n- les joints sont réguliers (non creusés, ni en surépaisseur)\r\n- les carreaux sont au même niveaux les uns/aux autres\r\n',4,1,'Travaux conformes',29,11,11,4,61,NULL,'2021-09-09 11:53:00','2021-09-22 08:41:38'),(130,'2021-09-09','Lionel Goulmot','0611115817','Remplacement de la serrure de la porte de la cabine par une serrure à cylindre.\r\n\r\nCritères d\'appréciations :\r\nPort des EPI\r\nLe système de condamnation fonctionne\r\nL\'intervention est réalisé proprement (pas de trace de salissure)\r\nLe rive bloc est ajusté\r\nLa compte rendu d\'intervention est renseigné judicieusement',2,0,'',29,9,8,4,57,NULL,'2021-09-09 13:31:12','2021-10-09 15:34:28'),(131,'2021-09-09','Lionel Goulmot','0611115817','Remplacement de la serrure de la porte de la cabine par une serrure à cylindre.\r\n\r\nCritères d\'appréciations :\r\nPort des EPI\r\nLe système de condamnation fonctionne\r\nL\'intervention est réalisé proprement (pas de trace de salissure)\r\nLe rive bloc est ajusté\r\nLa compte rendu d\'intervention est renseigné judicieusement',4,1,'Travaux conformes',29,2,8,4,61,NULL,'2021-09-09 13:32:59','2021-09-22 08:43:11'),(132,'2021-09-09','Lionel Goulmot','0611115817','Réparation de la serrure à condamnation de la porte des WC homme.\r\n\r\nCritères d\'appréciations :\r\nPort des EPI\r\nLe système de condamnation fonctionne\r\nL\'intervention est réalisé proprement (pas de trace de salissure)\r\nLe rive bloc est ajusté\r\nLa compte rendu d\'intervention est renseigné judicieusement',2,0,'',29,19,8,4,62,NULL,'2021-09-09 13:33:45','2021-10-09 16:09:12'),(133,'2021-09-09','Lionel Goulmot','0611115817','Remplacement de la serrure de la porte de la cabine par une serrure à cylindre.\r\n\r\nCritères d\'appréciations :\r\nPort des EPI\r\nLe système de condamnation fonctionne\r\nL\'intervention est réalisé proprement (pas de trace de salissure)\r\nLe rive bloc est ajusté\r\nLa compte rendu d\'intervention est renseigné judicieusement',4,1,'Travaux conformes',29,16,8,4,59,NULL,'2021-09-09 15:46:09','2021-09-23 09:13:23'),(134,'2021-09-09','Lionel Goulmot','0611115817','Remplacement de la serrure de la porte de la cabine par une serrure à cylindre.\r\n\r\nCritères d\'appréciations :\r\nPort des EPI\r\nLe système de condamnation fonctionne\r\nL\'intervention est réalisé proprement (pas de trace de salissure)\r\nLe rive bloc est ajusté\r\nLa compte rendu d\'intervention est renseigné judicieusement',4,1,'Travaux conformes',29,14,8,4,32,NULL,'2021-09-09 15:48:29','2021-09-29 09:19:48'),(135,'2021-09-09','Lionel Goulmot','0611115817','Remplacement de la serrure de la porte de la cabine par une serrure à cylindre.\r\n\r\nCritères d\'appréciations :\r\nPort des EPI\r\nLe système de condamnation fonctionne\r\nL\'intervention est réalisé proprement (pas de trace de salissure)\r\nLe rive bloc est ajusté\r\nLa compte rendu d\'intervention est renseigné judicieusement',4,1,'Travaux conformes',29,4,8,4,58,NULL,'2021-09-11 08:20:33','2021-09-28 16:34:32'),(136,'2021-09-09','Lionel Goulmot','0611115817','Remplacement de la serrure de la porte de la cabine par une serrure à cylindre.\r\n\r\nCritères d\'appréciations :\r\nPort des EPI\r\nLe système de condamnation fonctionne\r\nL\'intervention est réalisé proprement (pas de trace de salissure)\r\nLe rive bloc est ajusté\r\nLa compte rendu d\'intervention est renseigné judicieusement',2,0,'',29,6,8,4,63,NULL,'2021-09-11 08:29:40','2021-10-05 14:48:53'),(137,'2021-09-09','Lionel Goulmot','0611115817','Remplacement de la serrure de la porte de la cabine par une serrure à cylindre.\r\n\r\nCritères d\'appréciations :\r\nPort des EPI\r\nLe système de condamnation fonctionne\r\nL\'intervention est réalisé proprement (pas de trace de salissure)\r\nLe rive bloc est ajusté\r\nLa compte rendu d\'intervention est renseigné judicieusement',2,0,'',29,11,8,4,65,NULL,'2021-09-11 08:30:51','2021-10-09 16:19:42'),(138,'2021-09-09','Lionel Goulmot','0611115817','Remplacement de la serrure de la porte de la cabine par une serrure à cylindre.\r\n\r\nCritères d\'appréciations :\r\nPort des EPI\r\nLe système de condamnation fonctionne\r\nL\'intervention est réalisé proprement (pas de trace de salissure)\r\nLe rive bloc est ajusté\r\nLa compte rendu d\'intervention est renseigné judicieusement',4,1,'Travaux conformes',29,12,8,4,64,NULL,'2021-09-11 08:33:44','2021-10-06 07:20:43'),(139,'2021-09-09','Lionel Goulmot','0611115817','Remplacement de la serrure de la porte de la cabine par une serrure à cylindre.\r\n\r\nCritères d\'appréciations :\r\nPort des EPI\r\nLe système de condamnation fonctionne\r\nL\'intervention est réalisé proprement (pas de trace de salissure)\r\nLe rive bloc est ajusté\r\nLa compte rendu d\'intervention est renseigné judicieusement',4,1,'Après un réglage au niveau de la gâche (lime oubliée dans la liste outils), l\'intervention est conforme.',29,10,8,4,60,NULL,'2021-09-11 08:49:18','2021-10-02 12:02:46'),(140,'2021-09-09','Lionel Goulmot','0611115817','Remplacement de la serrure de la porte de la cabine par une serrure à cylindre.\r\n\r\nCritères d\'appréciations :\r\nPort des EPI\r\nLe système de condamnation fonctionne\r\nL\'intervention est réalisé proprement (pas de trace de salissure)\r\nLe rive bloc est ajusté\r\nLa compte rendu d\'intervention est renseigné judicieusement',1,0,NULL,29,8,8,4,66,NULL,'2021-09-11 08:50:38',NULL),(141,'2021-09-09','Lionel Goulmot','0611115817','Remplacement de la serrure de la porte de la cabine par une serrure à cylindre.\r\n\r\nCritères d\'appréciations :\r\nPort des EPI\r\nLe système de condamnation fonctionne\r\nL\'intervention est réalisé proprement (pas de trace de salissure)\r\nLe rive bloc est ajusté\r\nLa compte rendu d\'intervention est renseigné judicieusement',4,1,'Travaux conformes',29,15,8,4,39,NULL,'2021-09-11 08:51:12','2021-09-27 14:08:38'),(142,'2021-09-09','Lionel Goulmot','0611115817','Remplacement de la serrure de la porte de la cabine par une serrure à cylindre.\r\n\r\nCritères d\'appréciations :\r\nPort des EPI\r\nLe système de condamnation fonctionne\r\nL\'intervention est réalisé proprement (pas de trace de salissure)\r\nLe rive bloc est ajusté\r\nLa compte rendu d\'intervention est renseigné judicieusement',4,1,'Intervention conforme',29,13,8,4,40,NULL,'2021-09-11 08:51:50','2021-09-29 11:45:39'),(143,'2021-09-09','Lionel Goulmot','0611115817','Remplacement de la serrure de la porte de la cabine par une serrure à cylindre.\r\n\r\nCritères d\'appréciations :\r\nPort des EPI\r\nLe système de condamnation fonctionne\r\nL\'intervention est réalisé proprement (pas de trace de salissure)\r\nLe rive bloc est ajusté\r\nLa compte rendu d\'intervention est renseigné judicieusement',4,1,'Travaux conformes',29,1,8,4,52,NULL,'2021-09-11 09:01:01','2021-10-02 08:43:57'),(144,'2021-09-09','Lionel Goulmot','0611115817','Remplacement de la serrure de la porte de la cabine par une serrure à cylindre.\r\n\r\nCritères d\'appréciations :\r\nPort des EPI\r\nLe système de condamnation fonctionne\r\nL\'intervention est réalisé proprement (pas de trace de salissure)\r\nLe rive bloc est ajusté\r\nLa compte rendu d\'intervention est renseigné judicieusement',4,1,'Travaux conformes',29,5,8,4,67,NULL,'2021-09-11 09:01:59','2021-09-25 09:21:25'),(145,'2021-09-01','Lionel Goulmot','0611115817','Réalisation de la déconstruction des ouvrages réalisés dans la cabine.\r\nL\'ossature de la cabine reste en place.\r\nLa cloison qui se situe a droite en rentrant dans la cabine reste en place ainsi que la plaque d\'OSB et le matériel électrique disposé dessus.\r\nLes consignes de déconstruction sont données par le formateur.\r\n\r\nCritères d\'appréciations : \r\nPort des EPI\r\nLogique dans la déconstruction\r\nMise en place d\'un balisage de sécurité\r\nTri des déchets\r\nRécupération du matériel à réutiliser et réintégration au magasin\r\nUtilisation des outils adéquats\r\nPropreté du travail',2,0,'',29,5,2,4,67,NULL,'2021-09-11 11:25:46','2021-10-05 07:30:57'),(146,'2021-09-01','Lionel Goulmot','0611115817','Réalisation de la déconstruction des ouvrages réalisés dans la cabine.\r\nL\'ossature de la cabine reste en place.\r\nLa cloison qui se situe a droite en rentrant dans la cabine reste en place ainsi que la plaque d\'OSB et le matériel électrique disposé dessus.\r\nLes consignes de déconstruction sont données par le formateur.\r\n\r\nCritères d\'appréciations : \r\nPort des EPI\r\nLogique dans la déconstruction\r\nMise en place d\'un balisage de sécurité\r\nTri des déchets\r\nRécupération du matériel à réutiliser et réintégration au magasin\r\nUtilisation des outils adéquats\r\nPropreté du travail',4,1,'Réutilisation des matériaux déposés. Pas de déchets',29,1,2,4,52,NULL,'2021-09-11 11:26:53','2021-09-20 11:01:06'),(147,'2021-09-07','Goulmot Lionel','0611115817','Réalisation d\'une cloison de distribution en plaque de plâtre sur ossature métallique.\r\nCloison en L avec inclusion d\'un bloc porte.\r\nL\'emplacement et les dimensions sont fournis par le formateur.\r\n\r\nCritères d\'appréciations :\r\nRespect de l\'emplacement de la cloison, de la porte\r\nRespect des dimensions\r\nL\'aplomb des cloisons\r\nLe bon positionnement des montants\r\nLes découpes des plaques de plâtre\r\nLa finition des bandes\r\nLes points de vissages des plaques de plâtre\r\nL\'aplomb de la porte\r\nLa fermeture correcte de la porte\r\nLe port des EPI\r\nLa propreté des lieux\r\nL\'utilisation d\'outils adaptés\r\nL\'établissement du compte rendu sur la fiche d\'intervention',4,1,'Travaux conformes',29,1,3,4,52,NULL,'2021-09-11 11:34:18','2021-10-02 08:43:13'),(148,'2021-09-07','Goulmot Lionel','0611115817','Réalisation d\'une cloison de distribution en plaque de plâtre sur ossature métallique.\r\nCloison en L avec inclusion d\'un bloc porte.\r\nL\'emplacement et les dimensions sont fournis par le formateur.\r\n\r\nCritères d\'appréciations :\r\nRespect de l\'emplacement de la cloison, de la porte\r\nRespect des dimensions\r\nL\'aplomb des cloisons\r\nLe bon positionnement des montants\r\nLes découpes des plaques de plâtre\r\nLa finition des bandes\r\nLes points de vissages des plaques de plâtre\r\nL\'aplomb de la porte\r\nLa fermeture correcte de la porte\r\nLe port des EPI\r\nLa propreté des lieux\r\nL\'utilisation d\'outils adaptés\r\nL\'établissement du compte rendu sur la fiche d\'intervention',2,0,'',29,9,3,4,57,NULL,'2021-09-11 11:35:13','2021-10-02 10:28:20'),(149,'2021-09-07','Goulmot Lionel','0611115817','Réalisation d\'une cloison de distribution en plaque de plâtre sur ossature métallique.\r\nCloison en L avec inclusion d\'un bloc porte.\r\nL\'emplacement et les dimensions sont fournis par le formateur.\r\n\r\nCritères d\'appréciations :\r\nRespect de l\'emplacement de la cloison, de la porte\r\nRespect des dimensions\r\nL\'aplomb des cloisons\r\nLe bon positionnement des montants\r\nLes découpes des plaques de plâtre\r\nLa finition des bandes\r\nLes points de vissages des plaques de plâtre\r\nL\'aplomb de la porte\r\nLa fermeture correcte de la porte\r\nLe port des EPI\r\nLa propreté des lieux\r\nL\'utilisation d\'outils adaptés\r\nL\'établissement du compte rendu sur la fiche d\'intervention',4,1,'Fiche validée sur Excel',29,6,3,4,63,NULL,'2021-09-11 11:36:51','2021-10-05 14:45:08'),(150,'2021-09-07','Goulmot Lionel','0611115817','Réalisation d\'une cloison de distribution en plaque de plâtre sur ossature métallique.\r\nCloison en L avec inclusion d\'un bloc porte.\r\nL\'emplacement et les dimensions sont fournis par le formateur.\r\n\r\nCritères d\'appréciations :\r\nRespect de l\'emplacement de la cloison, de la porte\r\nRespect des dimensions\r\nL\'aplomb des cloisons\r\nLe bon positionnement des montants\r\nLes découpes des plaques de plâtre\r\nLa finition des bandes\r\nLes points de vissages des plaques de plâtre\r\nL\'aplomb de la porte\r\nLa fermeture correcte de la porte\r\nLe port des EPI\r\nLa propreté des lieux\r\nL\'utilisation d\'outils adaptés\r\nL\'établissement du compte rendu sur la fiche d\'intervention',4,1,'Manque bandes et enduits + matériels.\r\nCette fiche a été validée sur Excel.\r\nTravaux conformes ',29,12,3,4,64,NULL,'2021-09-11 11:38:22','2021-10-08 09:35:29'),(151,'2021-05-31','Lionel Goulmot','0611115817','Réalisation d\'un plafond autoportant en plaque de plâtre sur ossature métallique (rails et montants)avec une retombée et un poteau au bord du panneau OSB.\r\nLe plafond se situe entre la retombée et le fond de la cabine.\r\nLa hauteur sous plafond est à déterminer avec le formateur.\r\nRéaliser les joints de finition.\r\n\r\nCritères d\'appréciations :\r\nPort des EPI\r\nUtilisation du matériel adapté\r\nPropreté du travail et des locaux\r\nHorizontalité du plafond\r\nRespect des normes de pose de l\'ossature métallique\r\nFinition des bandes\r\nLe compte rendu d\'intervention',4,1,'Evaluation papier vue avec Nacim.\r\nFiche Excel validée \r\nTravaux conformes',29,16,4,4,59,NULL,'2021-09-11 11:47:12','2021-10-02 11:04:53'),(152,'2021-05-31','Lionel Goulmot','0611115817','Réalisation d\'un plafond autoportant en plaque de plâtre sur ossature métallique (rails et montants)avec une retombée et un poteau au bord du panneau OSB.\r\nLe plafond se situe entre la retombée et le fond de la cabine.\r\nLa hauteur sous plafond est à déterminer avec le formateur.\r\nRéaliser les joints de finition.\r\n\r\nCritères d\'appréciations :\r\nPort des EPI\r\nUtilisation du matériel adapté\r\nPropreté du travail et des locaux\r\nHorizontalité du plafond\r\nRespect des normes de pose de l\'ossature métallique\r\nFinition des bandes\r\nLe compte rendu d\'intervention',2,0,'',29,9,4,4,57,NULL,'2021-09-11 11:48:00','2021-10-02 10:20:33'),(153,'2021-05-31','Lionel Goulmot','0611115817','Réalisation d\'un plafond autoportant en plaque de plâtre sur ossature métallique (rails et montants)avec une retombée et un poteau au bord du panneau OSB.\r\nLe plafond se situe entre la retombée et le fond de la cabine.\r\nLa hauteur sous plafond est à déterminer avec le formateur.\r\nRéaliser les joints de finition.\r\n\r\nCritères d\'appréciations :\r\nPort des EPI\r\nUtilisation du matériel adapté\r\nPropreté du travail et des locaux\r\nHorizontalité du plafond\r\nRespect des normes de pose de l\'ossature métallique\r\nFinition des bandes\r\nLe compte rendu d\'intervention',4,1,'Bandes à réviser en fiche corrective\r\nTravaux conformes',29,6,4,4,63,NULL,'2021-09-11 11:48:34','2021-10-06 14:26:34'),(154,'2021-05-31','Lionel Goulmot','0611115817','Réalisation d\'un plafond autoportant en plaque de plâtre sur ossature métallique (rails et montants)avec une retombée et un poteau au bord du panneau OSB.\r\nLe plafond se situe entre la retombée et le fond de la cabine.\r\nLa hauteur sous plafond est à déterminer avec le formateur.\r\nRéaliser les joints de finition.\r\n\r\nCritères d\'appréciations :\r\nPort des EPI\r\nUtilisation du matériel adapté\r\nPropreté du travail et des locaux\r\nHorizontalité du plafond\r\nRespect des normes de pose de l\'ossature métallique\r\nFinition des bandes\r\nLe compte rendu d\'intervention',2,0,'',29,3,4,4,62,NULL,'2021-09-11 11:49:38','2021-09-21 13:52:07'),(155,'2021-05-31','Lionel Goulmot','0611115817','Réalisation d\'un plafond autoportant en plaque de plâtre sur ossature métallique (rails et montants)avec une retombée et un poteau au bord du panneau OSB.\r\nLe plafond se situe entre la retombée et le fond de la cabine.\r\nLa hauteur sous plafond est à déterminer avec le formateur.\r\nRéaliser les joints de finition.\r\n\r\nCritères d\'appréciations :\r\nPort des EPI\r\nUtilisation du matériel adapté\r\nPropreté du travail et des locaux\r\nHorizontalité du plafond\r\nRespect des normes de pose de l\'ossature métallique\r\nFinition des bandes\r\nLe compte rendu d\'intervention',4,1,'Travaux conformes',29,2,4,4,61,NULL,'2021-09-11 11:50:15','2021-09-13 09:30:14'),(156,'2021-05-31','Lionel Goulmot','0611115817','Réalisation d\'un plafond autoportant en plaque de plâtre sur ossature métallique (rails et montants)avec une retombée et un poteau au bord du panneau OSB.\r\nLe plafond se situe entre la retombée et le fond de la cabine.\r\nLa hauteur sous plafond est à déterminer avec le formateur.\r\nRéaliser les joints de finition.\r\n\r\nCritères d\'appréciations :\r\nPort des EPI\r\nUtilisation du matériel adapté\r\nPropreté du travail et des locaux\r\nHorizontalité du plafond\r\nRespect des normes de pose de l\'ossature métallique\r\nFinition des bandes\r\nLe compte rendu d\'intervention',4,1,'Attention à ne pas trop charger les bandes car il y\'a une perte de temps pour le ponçage.\r\nTravaux conformes',29,12,4,4,64,NULL,'2021-09-11 11:50:56','2021-10-09 16:38:53'),(157,'2021-05-31','Lionel Goulmot','0611115817','Réalisation d\'un plafond autoportant en plaque de plâtre sur ossature métallique (rails et montants)avec une retombée et un poteau au bord du panneau OSB.\r\nLe plafond se situe entre la retombée et le fond de la cabine.\r\nLa hauteur sous plafond est à déterminer avec le formateur.\r\nRéaliser les joints de finition.\r\n\r\nCritères d\'appréciations :\r\nPort des EPI\r\nUtilisation du matériel adapté\r\nPropreté du travail et des locaux\r\nHorizontalité du plafond\r\nRespect des normes de pose de l\'ossature métallique\r\nFinition des bandes\r\nLe compte rendu d\'intervention',4,1,'Travaux conforme.\r\nUne révision d\'enduit localisée est demandé en fiche corrective',29,14,4,4,32,NULL,'2021-09-11 11:51:41','2021-09-27 16:03:17'),(158,'2021-08-16','Lionel Goulmot','0611115817','Réalisation d\'un plafond technique en dalles de 60x60 cm et ossature T24 de l\'entrée de la cabine jusqu\'à la retombée.\r\nLa H.S.P. sera de 230cm sur sol brut. Les dalles 60x60cm seront découpées dans des chutes de BA13.\r\nLe plafond sera réalisé avec au moins une dalle entière.\r\nCalepinage à réaliser avant intervention.\r\n\r\nCritères d\'appréciations : \r\nPort des EPI\r\nHorizontalité et niveau du plafond\r\nMise en place de la structure métallique (porteur, entretoise)\r\nLa pose et découpe des dalles de plafond\r\nLa propreté du plafond technique (pas de trace)\r\nLa propreté des lieux\r\nL\'utilisation du matériel adapté\r\nLe compte rendu d\'intervention',4,1,'Evaluation T.P. papier vue avec Nacim.\r\nFiche Excel validée \r\nTravaux conformes',29,16,9,4,59,NULL,'2021-09-11 11:57:06','2021-10-02 11:12:49'),(159,'2021-08-16','Lionel Goulmot','0611115817','Réalisation d\'un plafond technique en dalles de 60x60 cm et ossature T24 de l\'entrée de la cabine jusqu\'à la retombée.\r\nLa H.S.P. sera de 230cm sur sol brut. Les dalles 60x60cm seront découpées dans des chutes de BA13.\r\nLe plafond sera réalisé avec au moins une dalle entière.\r\nCalepinage à réaliser avant intervention.\r\n\r\nCritères d\'appréciations : \r\nPort des EPI\r\nHorizontalité et niveau du plafond\r\nMise en place de la structure métallique (porteur, entretoise)\r\nLa pose et découpe des dalles de plafond\r\nLa propreté du plafond technique (pas de trace)\r\nLa propreté des lieux\r\nL\'utilisation du matériel adapté\r\nLe compte rendu d\'intervention',2,0,'',29,9,9,4,57,NULL,'2021-09-11 11:57:55','2021-10-02 10:22:48'),(160,'2021-08-16','Lionel Goulmot','0611115817','Réalisation d\'un plafond technique en dalles de 60x60 cm et ossature T24 de l\'entrée de la cabine jusqu\'à la retombée.\r\nLa H.S.P. sera de 230cm sur sol brut. Les dalles 60x60cm seront découpées dans des chutes de BA13.\r\nLe plafond sera réalisé avec au moins une dalle entière.\r\nCalepinage à réaliser avant intervention.\r\n\r\nCritères d\'appréciations : \r\nPort des EPI\r\nHorizontalité et niveau du plafond\r\nMise en place de la structure métallique (porteur, entretoise)\r\nLa pose et découpe des dalles de plafond\r\nLa propreté du plafond technique (pas de trace)\r\nLa propreté des lieux\r\nL\'utilisation du matériel adapté\r\nLe compte rendu d\'intervention',4,1,'Travaux conformes',29,6,9,4,63,NULL,'2021-09-11 11:58:35','2021-10-06 14:27:31'),(161,'2021-08-16','Lionel Goulmot','0611115817','Réalisation d\'un plafond technique en dalles de 60x60 cm et ossature T24 de l\'entrée de la cabine jusqu\'à la retombée.\r\nLa H.S.P. sera de 230cm sur sol brut. Les dalles 60x60cm seront découpées dans des chutes de BA13.\r\nLe plafond sera réalisé avec au moins une dalle entière.\r\nCalepinage à réaliser avant intervention.\r\n\r\nCritères d\'appréciations : \r\nPort des EPI\r\nHorizontalité et niveau du plafond\r\nMise en place de la structure métallique (porteur, entretoise)\r\nLa pose et découpe des dalles de plafond\r\nLa propreté du plafond technique (pas de trace)\r\nLa propreté des lieux\r\nL\'utilisation du matériel adapté\r\nLe compte rendu d\'intervention',1,0,NULL,29,3,9,4,62,NULL,'2021-09-11 12:06:30',NULL),(162,'2021-08-16','Lionel Goulmot','0611115817','Réalisation d\'un plafond technique en dalles de 60x60 cm et ossature T24 de l\'entrée de la cabine jusqu\'à la retombée.\r\nLa H.S.P. sera de 230cm sur sol brut. Les dalles 60x60cm seront découpées dans des chutes de BA13.\r\nLe plafond sera réalisé avec au moins une dalle entière.\r\nCalepinage à réaliser avant intervention.\r\n\r\nCritères d\'appréciations : \r\nPort des EPI\r\nHorizontalité et niveau du plafond\r\nMise en place de la structure métallique (porteur, entretoise)\r\nLa pose et découpe des dalles de plafond\r\nLa propreté du plafond technique (pas de trace)\r\nLa propreté des lieux\r\nL\'utilisation du matériel adapté\r\nLe compte rendu d\'intervention',4,1,'Travaux conformes',29,2,9,4,61,NULL,'2021-09-11 12:07:50','2021-09-29 15:37:51'),(163,'2021-08-16','Lionel Goulmot','0611115817','Réalisation d\'un plafond technique en dalles de 60x60 cm et ossature T24 de l\'entrée de la cabine jusqu\'à la retombée.\r\nLa H.S.P. sera de 230cm sur sol brut. Les dalles 60x60cm seront découpées dans des chutes de BA13.\r\nLe plafond sera réalisé avec au moins une dalle entière.\r\nCalepinage à réaliser avant intervention.\r\n\r\nCritères d\'appréciations : \r\nPort des EPI\r\nHorizontalité et niveau du plafond\r\nMise en place de la structure métallique (porteur, entretoise)\r\nLa pose et découpe des dalles de plafond\r\nLa propreté du plafond technique (pas de trace)\r\nLa propreté des lieux\r\nL\'utilisation du matériel adapté\r\nLe compte rendu d\'intervention',3,0,'',29,8,9,4,66,NULL,'2021-09-11 12:09:40','2021-10-11 11:17:50'),(164,'2021-08-16','Lionel Goulmot','0611115817','Réalisation d\'un plafond technique en dalles de 60x60 cm et ossature T24 de l\'entrée de la cabine jusqu\'à la retombée.\r\nLa H.S.P. sera de 230cm sur sol brut. Les dalles 60x60cm seront découpées dans des chutes de BA13.\r\nLe plafond sera réalisé avec au moins une dalle entière.\r\nCalepinage à réaliser avant intervention.\r\n\r\nCritères d\'appréciations : \r\nPort des EPI\r\nHorizontalité et niveau du plafond\r\nMise en place de la structure métallique (porteur, entretoise)\r\nLa pose et découpe des dalles de plafond\r\nLa propreté du plafond technique (pas de trace)\r\nLa propreté des lieux\r\nL\'utilisation du matériel adapté\r\nLe compte rendu d\'intervention',4,1,'Travaux conformes',29,14,9,4,32,NULL,'2021-09-11 12:10:06','2021-09-29 09:07:49'),(165,'2021-08-20','Lionel Goulmot','0611115817','Dans le fond de votre cabine, réaliser un ragréage jusqu\'au bord intérieur du poteau.\r\nSéparer l\'espace obtenu en deux et coller des carreaux en grés émaillés de 33x33cm, avec des espaces entre carreaux de 4mm.\r\nRéaliser les joints en ciment gris.\r\n\r\nCritères d\'appréciations :\r\n\r\nPlanéité de l\'ensemble\r\nLa justesse des coupes\r\nLe respect de l\'implantation\r\nLa dimension et la régularité des joints\r\nLa propreté du travail\r\nLe port des EPI\r\nL\'utilisation du matériel adéquat',4,1,'Evaluation T.P. papier vue avec Nacim.\r\nFiche Excel validée \r\nTravaux conformes',29,16,10,4,59,NULL,'2021-09-11 12:13:53','2021-10-02 11:15:48'),(166,'2021-08-20','Lionel Goulmot','0611115817','Dans le fond de votre cabine, réaliser un ragréage jusqu\'au bord intérieur du poteau.\r\nSéparer l\'espace obtenu en deux et coller des carreaux en grés émaillés de 33x33cm, avec des espaces entre carreaux de 4mm.\r\nRéaliser les joints en ciment gris.\r\n\r\nCritères d\'appréciations :\r\n\r\nPlanéité de l\'ensemble\r\nLa justesse des coupes\r\nLe respect de l\'implantation\r\nLa dimension et la régularité des joints\r\nLa propreté du travail\r\nLe port des EPI\r\nL\'utilisation du matériel adéquat',2,0,'',29,9,10,4,57,NULL,'2021-09-11 12:14:34','2021-10-02 10:24:35'),(167,'2021-08-20','Lionel Goulmot','0611115817','Dans le fond de votre cabine, réaliser un ragréage jusqu\'au bord intérieur du poteau.\r\nSéparer l\'espace obtenu en deux et coller des carreaux en grés émaillés de 33x33cm, avec des espaces entre carreaux de 4mm.\r\nRéaliser les joints en ciment gris.\r\n\r\nCritères d\'appréciations :\r\n\r\nPlanéité de l\'ensemble\r\nLa justesse des coupes\r\nLe respect de l\'implantation\r\nLa dimension et la régularité des joints\r\nLa propreté du travail\r\nLe port des EPI\r\nL\'utilisation du matériel adéquat',4,1,'Joints pas régulier et plinthe pas alignée donc fiche corrective à faire ',29,6,10,4,63,NULL,'2021-09-11 12:15:32','2021-10-05 14:53:53'),(169,'2021-08-20','Lionel Goulmot','0611115817','Dans le fond de votre cabine, réaliser un ragréage jusqu\'au bord intérieur du poteau.\r\nSéparer l\'espace obtenu en deux et coller des carreaux en grés émaillés de 33x33cm, avec des espaces entre carreaux de 4mm.\r\nRéaliser les joints en ciment gris.\r\n\r\nCritères d\'appréciations :\r\n\r\nPlanéité de l\'ensemble\r\nLa justesse des coupes\r\nLe respect de l\'implantation\r\nLa dimension et la régularité des joints\r\nLa propreté du travail\r\nLe port des EPI\r\nL\'utilisation du matériel adéquat',4,1,'Travaux conformes',29,2,10,4,61,NULL,'2021-09-11 12:18:32','2021-09-22 08:44:59'),(170,'2021-08-20','Lionel Goulmot','0611115817','Dans le fond de votre cabine, réaliser un ragréage jusqu\'au bord intérieur du poteau.\r\nSéparer l\'espace obtenu en deux et coller des carreaux en grés émaillés de 33x33cm, avec des espaces entre carreaux de 4mm.\r\nRéaliser les joints en ciment gris.\r\n\r\nCritères d\'appréciations :\r\n\r\nPlanéité de l\'ensemble\r\nLa justesse des coupes\r\nLe respect de l\'implantation\r\nLa dimension et la régularité des joints\r\nLa propreté du travail\r\nLe port des EPI\r\nL\'utilisation du matériel adéquat',2,0,'',29,12,10,4,64,NULL,'2021-09-11 12:18:56','2021-10-09 16:41:13'),(171,'2021-08-20','Lionel Goulmot','0611115817','Dans le fond de votre cabine, réaliser un ragréage jusqu\'au bord intérieur du poteau.\r\nSéparer l\'espace obtenu en deux et coller des carreaux en grés émaillés de 33x33cm, avec des espaces entre carreaux de 4mm.\r\nRéaliser les joints en ciment gris.\r\n\r\nCritères d\'appréciations :\r\n\r\nPlanéité de l\'ensemble\r\nLa justesse des coupes\r\nLe respect de l\'implantation\r\nLa dimension et la régularité des joints\r\nLa propreté du travail\r\nLe port des EPI\r\nL\'utilisation du matériel adéquat',4,1,'A revoir sur fiche corrective les carreaux à remplacer, car:\r\nIrrégularité des joints \r\nPlanéité non conforme\r\nIrrégularité haut de la plinthe',29,10,10,4,60,NULL,'2021-09-11 12:19:20','2021-09-20 13:58:38'),(172,'2021-08-20','Lionel Goulmot','0611115817','Dans le fond de votre cabine, réaliser un ragréage jusqu\'au bord intérieur du poteau.\r\nSéparer l\'espace obtenu en deux et coller des carreaux en grés émaillés de 33x33cm, avec des espaces entre carreaux de 4mm.\r\nRéaliser les joints en ciment gris.\r\n\r\nCritères d\'appréciations :\r\n\r\nPlanéité de l\'ensemble\r\nLa justesse des coupes\r\nLe respect de l\'implantation\r\nLa dimension et la régularité des joints\r\nLa propreté du travail\r\nLe port des EPI\r\nL\'utilisation du matériel adéquat',4,1,'Travaux conformes',29,8,10,4,66,NULL,'2021-09-11 12:20:19','2021-09-28 16:22:34'),(173,'2021-08-20','Lionel Goulmot','0611115817','Dans le fond de votre cabine, réaliser un ragréage jusqu\'au bord intérieur du poteau.\r\nSéparer l\'espace obtenu en deux et coller des carreaux en grés émaillés de 33x33cm, avec des espaces entre carreaux de 4mm.\r\nRéaliser les joints en ciment gris.\r\n\r\nCritères d\'appréciations :\r\n\r\nPlanéité de l\'ensemble\r\nLa justesse des coupes\r\nLe respect de l\'implantation\r\nLa dimension et la régularité des joints\r\nLa propreté du travail\r\nLe port des EPI\r\nL\'utilisation du matériel adéquat',4,1,'Travaux conformes',29,14,10,4,32,NULL,'2021-09-11 12:20:38','2021-09-29 09:08:44'),(174,'2021-09-05','Lionel Goulmot','0611115817','Pose d\'un panneau de faïence 20x20cm au fond de la cabine suivant le croquis joint.\r\nLes joints ciment seront réalisés en blanc.\r\n\r\nCritères d\'appréciations :\r\n- respect des dimensions\r\n- pose de niveau et d\'aplomb\r\n- les joints sont réguliers (non creusés, ni en surépaisseur)\r\n- les carreaux sont au même niveaux les uns/aux autres\r\n',4,1,'Erreur sur hauteur et largeur de joint.\r\nPose conforme',29,16,11,4,59,NULL,'2021-09-11 12:23:46','2021-09-23 09:29:34'),(175,'2021-09-05','Lionel Goulmot','0611115817','Pose d\'un panneau de faïence 20x20cm au fond de la cabine suivant le croquis joint.\r\nLes joints ciment seront réalisés en blanc.\r\n\r\nCritères d\'appréciations :\r\n- respect des dimensions\r\n- pose de niveau et d\'aplomb\r\n- les joints sont réguliers (non creusés, ni en surépaisseur)\r\n- les carreaux sont au même niveaux les uns/aux autres\r\n',2,0,'',29,9,11,4,57,NULL,'2021-09-11 12:24:50','2021-10-02 10:26:01'),(176,'2021-09-05','Lionel Goulmot','0611115817','Pose d\'un panneau de faïence 20x20cm au fond de la cabine suivant le croquis joint.\r\nLes joints ciment seront réalisés en blanc.\r\n\r\nCritères d\'appréciations :\r\n- respect des dimensions\r\n- pose de niveau et d\'aplomb\r\n- les joints sont réguliers (non creusés, ni en surépaisseur)\r\n- les carreaux sont au même niveaux les uns/aux autres\r\n',5,0,'Joint de 4mm au lieu de 2mm.\r\nJoints irréguliers\r\nEvaluation à refaire',29,6,11,4,63,NULL,'2021-09-11 12:25:16','2021-10-09 15:51:42'),(177,'2021-08-20','Lionel Goulmot','0611115817','Dans le fond de votre cabine, réaliser un ragréage jusqu\'au bord intérieur du poteau.\r\nSéparer l\'espace obtenu en deux et coller des carreaux en grés émaillés de 33x33cm, avec des espaces entre carreaux de 4mm.\r\nRéaliser les joints en ciment gris.\r\n\r\nCritères d\'appréciations :\r\n\r\nPlanéité de l\'ensemble\r\nLa justesse des coupes\r\nLe respect de l\'implantation\r\nLa dimension et la régularité des joints\r\nLa propreté du travail\r\nLe port des EPI\r\nL\'utilisation du matériel adéquat',1,0,NULL,29,3,10,4,62,NULL,'2021-09-11 12:28:34',NULL),(178,'2021-09-05','Lionel Goulmot','0611115817','Pose d\'un panneau de faïence 20x20cm au fond de la cabine suivant le croquis joint.\r\nLes joints ciment seront réalisés en blanc.\r\n\r\nCritères d\'appréciations :\r\n- respect des dimensions\r\n- pose de niveau et d\'aplomb\r\n- les joints sont réguliers (non creusés, ni en surépaisseur)\r\n- les carreaux sont au même niveaux les uns/aux autres\r\n',4,1,'Travaux conformes',29,12,11,4,64,NULL,'2021-09-11 12:29:04','2021-10-06 07:33:59'),(179,'2021-09-05','Lionel Goulmot','0611115817','Pose d\'un panneau de faïence 20x20cm au fond de la cabine suivant le croquis joint.\r\nLes joints ciment seront réalisés en blanc.\r\n\r\nCritères d\'appréciations :\r\n- respect des dimensions\r\n- pose de niveau et d\'aplomb\r\n- les joints sont réguliers (non creusés, ni en surépaisseur)\r\n- les carreaux sont au même niveaux les uns/aux autres\r\n',4,1,'Attention aux traces de colle.\r\nTravaux conformes',29,10,11,4,60,NULL,'2021-09-11 12:29:22','2021-09-29 16:04:56'),(180,'2021-09-05','Lionel Goulmot','0611115817','Pose d\'un panneau de faïence 20x20cm au fond de la cabine suivant le croquis joint.\r\nLes joints ciment seront réalisés en blanc.\r\n\r\nCritères d\'appréciations :\r\n- respect des dimensions\r\n- pose de niveau et d\'aplomb\r\n- les joints sont réguliers (non creusés, ni en surépaisseur)\r\n- les carreaux sont au même niveaux les uns/aux autres\r\n',4,1,'Travaux conformes',29,8,11,4,66,NULL,'2021-09-11 12:29:40','2021-09-28 16:39:59'),(181,'2021-09-05','Lionel Goulmot','0611115817','Pose d\'un panneau de faïence 20x20cm au fond de la cabine suivant le croquis joint.\r\nLes joints ciment seront réalisés en blanc.\r\n\r\nCritères d\'appréciations :\r\n- respect des dimensions\r\n- pose de niveau et d\'aplomb\r\n- les joints sont réguliers (non creusés, ni en surépaisseur)\r\n- les carreaux sont au même niveaux les uns/aux autres\r\n',4,1,'Travaux conformes',29,14,11,4,32,NULL,'2021-09-11 12:29:57','2021-09-29 09:18:27'),(182,'2021-09-05','Lionel Goulmot','0611115817','Pose d\'un panneau de faïence 20x20cm au fond de la cabine suivant le croquis joint.\r\nLes joints ciment seront réalisés en blanc.\r\n\r\nCritères d\'appréciations :\r\n- respect des dimensions\r\n- pose de niveau et d\'aplomb\r\n- les joints sont réguliers (non creusés, ni en surépaisseur)\r\n- les carreaux sont au même niveaux les uns/aux autres\r\n',4,1,'travaux conformes',29,15,11,4,39,NULL,'2021-09-11 12:30:29','2021-09-27 14:03:18'),(183,'2021-09-05','Lionel Goulmot','0611115817','Pose d\'un panneau de faïence 20x20cm au fond de la cabine suivant le croquis joint.\r\nLes joints ciment seront réalisés en blanc.\r\n\r\nCritères d\'appréciations :\r\n- respect des dimensions\r\n- pose de niveau et d\'aplomb\r\n- les joints sont réguliers (non creusés, ni en surépaisseur)\r\n- les carreaux sont au même niveaux les uns/aux autres\r\n',2,0,'',29,13,11,4,40,NULL,'2021-09-11 12:30:45','2021-10-09 17:55:09'),(184,'2021-09-13','Lionel Goulmot','0611115817','Pose de plinthes bois sur le sol PVC et sur les côtés de la porte et mise en place de champlat sur le pourtour de la porte de la cabine.\r\n\r\nCritères d\'appréciations :\r\nPort des EPI\r\nLes coupes et les angles sont nets\r\nLa pose des champlats est ajusté de façon régulière sur le pourtour de la porte\r\nLe travail réalisé est soigneux\r\nL\'emploi des outils est adapté\r\nLes locaux sont propres après l\'intervention\r\nLe compte rendu d\'intervention est clair et concis\r\n',4,1,'Travaux conformes',29,16,6,4,59,NULL,'2021-09-11 12:34:44','2021-10-02 10:50:49'),(185,'2021-09-13','Lionel Goulmot','0611115817','Pose de plinthes bois sur le sol PVC et sur les côtés de la porte et mise en place de champlat sur le pourtour de la porte de la cabine.\r\n\r\nCritères d\'appréciations :\r\nPort des EPI\r\nLes coupes et les angles sont nets\r\nLa pose des champlats est ajusté de façon régulière sur le pourtour de la porte\r\nLe travail réalisé est soigneux\r\nL\'emploi des outils est adapté\r\nLes locaux sont propres après l\'intervention\r\nLe compte rendu d\'intervention est clair et concis\r\n',4,1,'Travaux conformes',29,9,6,4,57,NULL,'2021-09-11 12:35:36','2021-10-09 15:35:46'),(186,'2021-09-13','Lionel Goulmot','0611115817','Pose de plinthes bois sur le sol PVC et sur les côtés de la porte et mise en place de champlat sur le pourtour de la porte de la cabine.\r\n\r\nCritères d\'appréciations :\r\nPort des EPI\r\nLes coupes et les angles sont nets\r\nLa pose des champlats est ajusté de façon régulière sur le pourtour de la porte\r\nLe travail réalisé est soigneux\r\nL\'emploi des outils est adapté\r\nLes locaux sont propres après l\'intervention\r\nLe compte rendu d\'intervention est clair et concis\r\n',4,1,'Travaux conformes',29,4,6,4,58,NULL,'2021-09-11 12:35:55','2021-09-28 16:36:17'),(187,'2021-09-13','Lionel Goulmot','0611115817','Pose de plinthes bois sur le sol PVC et sur les côtés de la porte et mise en place de champlat sur le pourtour de la porte de la cabine.\r\n\r\nCritères d\'appréciations :\r\nPort des EPI\r\nLes coupes et les angles sont nets\r\nLa pose des champlats est ajusté de façon régulière sur le pourtour de la porte\r\nLe travail réalisé est soigneux\r\nL\'emploi des outils est adapté\r\nLes locaux sont propres après l\'intervention\r\nLe compte rendu d\'intervention est clair et concis\r\n',1,0,NULL,29,6,6,4,63,NULL,'2021-09-11 12:36:19',NULL),(188,'2021-09-13','Lionel Goulmot','0611115817','Pose de plinthes bois sur le sol PVC et sur les côtés de la porte et mise en place de champlat sur le pourtour de la porte de la cabine.\r\n\r\nCritères d\'appréciations :\r\nPort des EPI\r\nLes coupes et les angles sont nets\r\nLa pose des champlats est ajusté de façon régulière sur le pourtour de la porte\r\nLe travail réalisé est soigneux\r\nL\'emploi des outils est adapté\r\nLes locaux sont propres après l\'intervention\r\nLe compte rendu d\'intervention est clair et concis\r\n',1,0,NULL,29,3,6,4,62,NULL,'2021-09-11 12:43:29',NULL),(189,'2021-09-13','Lionel Goulmot','0611115817','Pose de plinthes bois sur le sol PVC et sur les côtés de la porte et mise en place de champlat sur le pourtour de la porte de la cabine.\r\n\r\nCritères d\'appréciations :\r\nPort des EPI\r\nLes coupes et les angles sont nets\r\nLa pose des champlats est ajusté de façon régulière sur le pourtour de la porte\r\nLe travail réalisé est soigneux\r\nL\'emploi des outils est adapté\r\nLes locaux sont propres après l\'intervention\r\nLe compte rendu d\'intervention est clair et concis\r\n',4,1,'Travaux conformes',29,11,6,4,65,NULL,'2021-09-11 12:44:02','2021-10-09 16:21:22'),(190,'2021-09-13','Lionel Goulmot','0611115817','Pose de plinthes bois sur le sol PVC et sur les côtés de la porte et mise en place de champlat sur le pourtour de la porte de la cabine.\r\n\r\nCritères d\'appréciations :\r\nPort des EPI\r\nLes coupes et les angles sont nets\r\nLa pose des champlats est ajusté de façon régulière sur le pourtour de la porte\r\nLe travail réalisé est soigneux\r\nL\'emploi des outils est adapté\r\nLes locaux sont propres après l\'intervention\r\nLe compte rendu d\'intervention est clair et concis\r\n',4,1,'Travaux conformes',29,2,6,4,61,NULL,'2021-09-11 12:44:35','2021-09-22 08:45:41'),(191,'2021-09-13','Lionel Goulmot','0611115817','Pose de plinthes bois sur le sol PVC et sur les côtés de la porte et mise en place de champlat sur le pourtour de la porte de la cabine.\r\n\r\nCritères d\'appréciations :\r\nPort des EPI\r\nLes coupes et les angles sont nets\r\nLa pose des champlats est ajusté de façon régulière sur le pourtour de la porte\r\nLe travail réalisé est soigneux\r\nL\'emploi des outils est adapté\r\nLes locaux sont propres après l\'intervention\r\nLe compte rendu d\'intervention est clair et concis\r\n',4,1,'Travaux conformes',29,12,6,4,64,NULL,'2021-09-11 12:45:19','2021-10-05 14:46:20'),(192,'2021-09-13','Lionel Goulmot','0611115817','Pose de plinthes bois sur le sol PVC et sur les côtés de la porte et mise en place de champlat sur le pourtour de la porte de la cabine.\r\n\r\nCritères d\'appréciations :\r\nPort des EPI\r\nLes coupes et les angles sont nets\r\nLa pose des champlats est ajusté de façon régulière sur le pourtour de la porte\r\nLe travail réalisé est soigneux\r\nL\'emploi des outils est adapté\r\nLes locaux sont propres après l\'intervention\r\nLe compte rendu d\'intervention est clair et concis\r\n',2,0,'',29,10,6,4,60,NULL,'2021-09-11 12:45:37','2021-09-29 16:08:15'),(193,'2021-09-13','Lionel Goulmot','0611115817','Pose de plinthes bois sur le sol PVC et sur les côtés de la porte et mise en place de champlat sur le pourtour de la porte de la cabine.\r\n\r\nCritères d\'appréciations :\r\nPort des EPI\r\nLes coupes et les angles sont nets\r\nLa pose des champlats est ajusté de façon régulière sur le pourtour de la porte\r\nLe travail réalisé est soigneux\r\nL\'emploi des outils est adapté\r\nLes locaux sont propres après l\'intervention\r\nLe compte rendu d\'intervention est clair et concis\r\n',4,1,'Travaux conformes',29,8,6,4,66,NULL,'2021-09-11 12:45:57','2021-10-06 07:18:32'),(194,'2021-09-13','Lionel Goulmot','0611115817','Pose de plinthes bois sur le sol PVC et sur les côtés de la porte et mise en place de champlat sur le pourtour de la porte de la cabine.\r\n\r\nCritères d\'appréciations :\r\nPort des EPI\r\nLes coupes et les angles sont nets\r\nLa pose des champlats est ajusté de façon régulière sur le pourtour de la porte\r\nLe travail réalisé est soigneux\r\nL\'emploi des outils est adapté\r\nLes locaux sont propres après l\'intervention\r\nLe compte rendu d\'intervention est clair et concis\r\n',4,1,'Travaux conformes',29,14,6,4,32,NULL,'2021-09-11 12:46:14','2021-10-05 07:28:14'),(195,'2021-09-13','Lionel Goulmot','0611115817','Pose de plinthes bois sur le sol PVC et sur les côtés de la porte et mise en place de champlat sur le pourtour de la porte de la cabine.\r\n\r\nCritères d\'appréciations :\r\nPort des EPI\r\nLes coupes et les angles sont nets\r\nLa pose des champlats est ajusté de façon régulière sur le pourtour de la porte\r\nLe travail réalisé est soigneux\r\nL\'emploi des outils est adapté\r\nLes locaux sont propres après l\'intervention\r\nLe compte rendu d\'intervention est clair et concis\r\n',4,1,'Travaux conformes',29,15,6,4,39,NULL,'2021-09-11 12:46:30','2021-09-27 14:05:25'),(196,'2021-09-13','Lionel Goulmot','0611115817','Pose de plinthes bois sur le sol PVC et sur les côtés de la porte et mise en place de champlat sur le pourtour de la porte de la cabine.\r\n\r\nCritères d\'appréciations :\r\nPort des EPI\r\nLes coupes et les angles sont nets\r\nLa pose des champlats est ajusté de façon régulière sur le pourtour de la porte\r\nLe travail réalisé est soigneux\r\nL\'emploi des outils est adapté\r\nLes locaux sont propres après l\'intervention\r\nLe compte rendu d\'intervention est clair et concis\r\n',4,1,'Les champlats doivent reposer sur la plinthe.\r\nRevu ensemble',29,13,6,4,40,NULL,'2021-09-11 12:46:49','2021-10-09 17:52:04'),(197,'2021-09-13','Lionel Goulmot','0611115817','Pose de toile de verre sur le mur du fond de la cabine.\r\nPose d\'un intissé à peindre sur le mur à droite + retour poteau en totalité.\r\n\r\nCritères d\'appréciations :\r\n\r\nPréparation de l\'intervention\r\nEmploi d\'outils adaptés\r\nLes angles rentrants et sortants sont traités conformément\r\nAbsence de bulles et de plis\r\nLes coupes sont ajustées\r\nL\'intervention finalisé est absente de salissures et de reste de colle',4,1,'Mode opératoire (Pas besoin d\'expliquer le pourquoi): \r\nétape 3 avant la 2\r\nUtilise des termes techniques (appliquer, maroufler, araser, coupe double)\r\ntravaux conformes avec quelques défauts (bullage, passage de cueillie, coupe double) qui seront repris sur la fiche corrective',29,16,12,4,59,NULL,'2021-09-11 13:04:20','2021-10-02 11:38:15'),(198,'2021-09-13','Lionel Goulmot','0611115817','Pose de toile de verre sur le mur du fond de la cabine.\r\nPose d\'un intissé à peindre sur le mur à droite + retour poteau en totalité.\r\n\r\nCritères d\'appréciations :\r\n\r\nPréparation de l\'intervention\r\nEmploi d\'outils adaptés\r\nLes angles rentrants et sortants sont traités conformément\r\nAbsence de bulles et de plis\r\nLes coupes sont ajustées\r\nL\'intervention finalisé est absente de salissures et de reste de colle',1,0,NULL,29,9,12,4,57,NULL,'2021-09-11 13:04:39',NULL),(199,'2021-09-13','Lionel Goulmot','0611115817','Pose de toile de verre sur le mur du fond de la cabine.\r\nPose d\'un intissé à peindre sur le mur à droite + retour poteau en totalité.\r\n\r\nCritères d\'appréciations :\r\n\r\nPréparation de l\'intervention\r\nEmploi d\'outils adaptés\r\nLes angles rentrants et sortants sont traités conformément\r\nAbsence de bulles et de plis\r\nLes coupes sont ajustées\r\nL\'intervention finalisé est absente de salissures et de reste de colle',4,1,'Travaux conformes',29,4,12,4,58,NULL,'2021-09-11 13:05:18','2021-09-28 16:39:09'),(200,'2021-09-13','Lionel Goulmot','0611115817','Pose de toile de verre sur le mur du fond de la cabine.\r\nPose d\'un intissé à peindre sur le mur à droite + retour poteau en totalité.\r\n\r\nCritères d\'appréciations :\r\n\r\nPréparation de l\'intervention\r\nEmploi d\'outils adaptés\r\nLes angles rentrants et sortants sont traités conformément\r\nAbsence de bulles et de plis\r\nLes coupes sont ajustées\r\nL\'intervention finalisé est absente de salissures et de reste de colle',2,0,NULL,29,6,12,4,63,NULL,'2021-09-11 13:06:27','2021-09-22 18:12:31'),(201,'2021-09-13','Lionel Goulmot','0611115817','Pose de toile de verre sur le mur du fond de la cabine.\r\nPose d\'un intissé à peindre sur le mur à droite + retour poteau en totalité.\r\n\r\nCritères d\'appréciations :\r\n\r\nPréparation de l\'intervention\r\nEmploi d\'outils adaptés\r\nLes angles rentrants et sortants sont traités conformément\r\nAbsence de bulles et de plis\r\nLes coupes sont ajustées\r\nL\'intervention finalisé est absente de salissures et de reste de colle',1,0,NULL,29,3,12,4,62,NULL,'2021-09-11 13:07:28','2021-09-11 13:07:53'),(202,'2021-09-13','Lionel Goulmot','0611115817','Pose de toile de verre sur le mur du fond de la cabine.\r\nPose d\'un intissé à peindre sur le mur à droite + retour poteau en totalité.\r\n\r\nCritères d\'appréciations :\r\n\r\nPréparation de l\'intervention\r\nEmploi d\'outils adaptés\r\nLes angles rentrants et sortants sont traités conformément\r\nAbsence de bulles et de plis\r\nLes coupes sont ajustées\r\nL\'intervention finalisé est absente de salissures et de reste de colle',1,0,NULL,29,11,12,4,65,NULL,'2021-09-11 13:08:32',NULL),(203,'2021-09-13','Lionel Goulmot','0611115817','Pose de toile de verre sur le mur du fond de la cabine.\r\nPose d\'un intissé à peindre sur le mur à droite + retour poteau en totalité.\r\n\r\nCritères d\'appréciations :\r\n\r\nPréparation de l\'intervention\r\nEmploi d\'outils adaptés\r\nLes angles rentrants et sortants sont traités conformément\r\nAbsence de bulles et de plis\r\nLes coupes sont ajustées\r\nL\'intervention finalisé est absente de salissures et de reste de colle',2,0,NULL,29,2,12,4,61,NULL,'2021-09-11 13:08:54','2021-09-29 09:26:31'),(204,'2021-09-13','Lionel Goulmot','0611115817','Pose de toile de verre sur le mur du fond de la cabine.\r\nPose d\'un intissé à peindre sur le mur à droite + retour poteau en totalité.\r\n\r\nCritères d\'appréciations :\r\n\r\nPréparation de l\'intervention\r\nEmploi d\'outils adaptés\r\nLes angles rentrants et sortants sont traités conformément\r\nAbsence de bulles et de plis\r\nLes coupes sont ajustées\r\nL\'intervention finalisé est absente de salissures et de reste de colle',4,1,'Revoir mode opératoire\r\nTravaux conformes',29,12,12,4,64,NULL,'2021-09-11 13:11:35','2021-10-06 07:35:52'),(205,'2021-09-13','Lionel Goulmot','0611115817','Pose de toile de verre sur le mur du fond de la cabine.\r\nPose d\'un intissé à peindre sur le mur à droite + retour poteau en totalité.\r\n\r\nCritères d\'appréciations :\r\n\r\nPréparation de l\'intervention\r\nEmploi d\'outils adaptés\r\nLes angles rentrants et sortants sont traités conformément\r\nAbsence de bulles et de plis\r\nLes coupes sont ajustées\r\nL\'intervention finalisé est absente de salissures et de reste de colle',4,1,'Pose sur mur fond non conforme (plis, décollement à revoir en fiche corrective)\r\nRéévaluation et pose conforme sur mur gauche',29,10,12,4,60,NULL,'2021-09-11 13:11:53','2021-10-06 07:39:09'),(206,'2021-09-13','Lionel Goulmot','0611115817','Pose de toile de verre sur le mur du fond de la cabine.\r\nPose d\'un intissé à peindre sur le mur à droite + retour poteau en totalité.\r\n\r\nCritères d\'appréciations :\r\n\r\nPréparation de l\'intervention\r\nEmploi d\'outils adaptés\r\nLes angles rentrants et sortants sont traités conformément\r\nAbsence de bulles et de plis\r\nLes coupes sont ajustées\r\nL\'intervention finalisé est absente de salissures et de reste de colle',3,0,NULL,29,8,12,4,66,NULL,'2021-09-11 13:12:11','2021-10-11 10:37:19'),(207,'2021-09-13','Lionel Goulmot','0611115817','Pose de toile de verre sur le mur du fond de la cabine.\r\nPose d\'un intissé à peindre sur le mur à droite + retour poteau en totalité.\r\n\r\nCritères d\'appréciations :\r\n\r\nPréparation de l\'intervention\r\nEmploi d\'outils adaptés\r\nLes angles rentrants et sortants sont traités conformément\r\nAbsence de bulles et de plis\r\nLes coupes sont ajustées\r\nL\'intervention finalisé est absente de salissures et de reste de colle',4,1,'Attention aux passages d\'arêtes (revu ensemble).\r\nTravaux conformes',29,14,12,4,32,NULL,'2021-09-11 13:12:31','2021-10-06 07:40:31'),(208,'2021-09-13','Lionel Goulmot','0611115817','Pose de toile de verre sur le mur du fond de la cabine.\r\nPose d\'un intissé à peindre sur le mur à droite + retour poteau en totalité.\r\n\r\nCritères d\'appréciations :\r\n\r\nPréparation de l\'intervention\r\nEmploi d\'outils adaptés\r\nLes angles rentrants et sortants sont traités conformément\r\nAbsence de bulles et de plis\r\nLes coupes sont ajustées\r\nL\'intervention finalisé est absente de salissures et de reste de colle',4,1,'2 raccords à faire et traiter 2 bulles sur fiche corrective',29,15,12,4,39,NULL,'2021-09-11 13:12:50','2021-09-27 14:07:25'),(209,'2021-09-13','Lionel Goulmot','0611115817','Pose de toile de verre sur le mur du fond de la cabine.\r\nPose d\'un intissé à peindre sur le mur à droite + retour poteau en totalité.\r\n\r\nCritères d\'appréciations :\r\n\r\nPréparation de l\'intervention\r\nEmploi d\'outils adaptés\r\nLes angles rentrants et sortants sont traités conformément\r\nAbsence de bulles et de plis\r\nLes coupes sont ajustées\r\nL\'intervention finalisé est absente de salissures et de reste de colle',4,1,'Passage d\'une cueillie à revoir en fiche corrective',29,13,12,4,40,NULL,'2021-09-11 13:13:09','2021-09-29 11:48:38'),(211,'2021-09-20','Lionel Goulmot','0611115817','Réalisation d\'un plafond autoportant en plaque de plâtre sur ossature métallique (rails et montants) avec une retombée et un poteau au bord du panneau OSB.\r\nLe plafond se situe entre la retombée et le fond de la cabine.\r\nLa hauteur sous plafond est de 240cm sur sol brut.\r\nRéaliser les joints de finition.\r\n\r\nCritères d\'appréciations :\r\nPort des EPI\r\nUtilisation du matériel adapté\r\nPropreté du travail et des locaux\r\nHorizontalité et la planéité du plafond\r\nRespect des normes de pose de l\'ossature métallique\r\nFinition des bandes\r\nLe compte rendu d\'intervention',4,1,'Travaux conformes',29,1,4,4,52,NULL,'2021-09-11 13:19:09','2021-10-02 08:45:46'),(212,'2021-09-13','Lionel Goulmot','0611115817','Peinture du plafond en plaque de plâtre de la cabine.\r\n\r\nCritères d\'appréciations : \r\n\r\nChoix de la peinture\r\nLa mise en place de protection\r\nLa propreté des lieux de l\'exécution de l\'intervention\r\nPas de coup de rouleau apparent\r\nLa qualité des réchampi\r\nLe nettoyage des outils',4,1,'Travaux conformes',29,16,13,4,59,NULL,'2021-09-11 13:22:01','2021-10-09 15:22:48'),(213,'2021-09-13','Lionel Goulmot','0611115817','Peinture du plafond en plaque de plâtre de la cabine.\r\n\r\nCritères d\'appréciations : \r\n\r\nChoix de la peinture\r\nLa mise en place de protection\r\nLa propreté des lieux de l\'exécution de l\'intervention\r\nPas de coup de rouleau apparent\r\nLa qualité des réchampi\r\nLe nettoyage des outils',1,0,NULL,29,9,13,4,57,NULL,'2021-09-11 13:22:37',NULL),(214,'2021-09-13','Lionel Goulmot','0611115817','Peinture du plafond en plaque de plâtre de la cabine.\r\n\r\nCritères d\'appréciations : \r\n\r\nChoix de la peinture\r\nLa mise en place de protection\r\nLa propreté des lieux de l\'exécution de l\'intervention\r\nPas de coup de rouleau apparent\r\nLa qualité des réchampi\r\nLe nettoyage des outils',4,1,'Travaux conformes',29,4,13,4,58,NULL,'2021-09-11 13:22:56','2021-10-02 10:44:24'),(215,'2021-09-13','Lionel Goulmot','0611115817','Peinture du plafond en plaque de plâtre de la cabine.\r\n\r\nCritères d\'appréciations : \r\n\r\nChoix de la peinture\r\nLa mise en place de protection\r\nLa propreté des lieux de l\'exécution de l\'intervention\r\nPas de coup de rouleau apparent\r\nLa qualité des réchampi\r\nLe nettoyage des outils',1,0,NULL,29,6,13,4,63,NULL,'2021-09-11 13:23:25',NULL),(216,'2021-09-13','Lionel Goulmot','0611115817','Peinture du plafond en plaque de plâtre de la cabine.\r\n\r\nCritères d\'appréciations : \r\n\r\nChoix de la peinture\r\nLa mise en place de protection\r\nLa propreté des lieux de l\'exécution de l\'intervention\r\nPas de coup de rouleau apparent\r\nLa qualité des réchampi\r\nLe nettoyage des outils',1,0,NULL,29,3,13,4,62,NULL,'2021-09-11 13:25:05',NULL),(218,'2021-09-13','Lionel Goulmot','0611115817','Peinture du plafond en plaque de plâtre de la cabine.\r\n\r\nCritères d\'appréciations : \r\n\r\nChoix de la peinture\r\nLa mise en place de protection\r\nLa propreté des lieux de l\'exécution de l\'intervention\r\nPas de coup de rouleau apparent\r\nLa qualité des réchampi\r\nLe nettoyage des outils',2,0,NULL,29,2,13,4,61,NULL,'2021-09-11 13:25:50','2021-09-29 09:28:57'),(219,'2021-09-13','Lionel Goulmot','0611115817','Peinture du plafond en plaque de plâtre de la cabine.\r\n\r\nCritères d\'appréciations : \r\n\r\nChoix de la peinture\r\nLa mise en place de protection\r\nLa propreté des lieux de l\'exécution de l\'intervention\r\nPas de coup de rouleau apparent\r\nLa qualité des réchampi\r\nLe nettoyage des outils',4,1,'Défauts visible à revoir en fiche corrective.\r\n',29,12,13,4,64,NULL,'2021-09-11 13:26:05','2021-10-09 16:43:14'),(220,'2021-09-13','Lionel Goulmot','0611115817','Peinture du plafond en plaque de plâtre de la cabine.\r\n\r\nCritères d\'appréciations : \r\n\r\nChoix de la peinture\r\nLa mise en place de protection\r\nLa propreté des lieux de l\'exécution de l\'intervention\r\nPas de coup de rouleau apparent\r\nLa qualité des réchampi\r\nLe nettoyage des outils',1,0,NULL,29,10,13,4,60,NULL,'2021-09-11 13:26:24',NULL),(221,'2021-09-13','Lionel Goulmot','0611115817','Peinture du plafond en plaque de plâtre de la cabine.\r\n\r\nCritères d\'appréciations : \r\n\r\nChoix de la peinture\r\nLa mise en place de protection\r\nLa propreté des lieux de l\'exécution de l\'intervention\r\nPas de coup de rouleau apparent\r\nLa qualité des réchampi\r\nLe nettoyage des outils',1,0,NULL,29,8,13,4,66,NULL,'2021-09-11 13:26:39',NULL),(222,'2021-09-13','Lionel Goulmot','0611115817','Peinture du plafond en plaque de plâtre de la cabine.\r\n\r\nCritères d\'appréciations : \r\n\r\nChoix de la peinture\r\nLa mise en place de protection\r\nLa propreté des lieux de l\'exécution de l\'intervention\r\nPas de coup de rouleau apparent\r\nLa qualité des réchampi\r\nLe nettoyage des outils',3,0,NULL,29,14,13,4,32,NULL,'2021-09-11 13:26:59','2021-10-10 11:52:41'),(223,'2021-09-13','Lionel Goulmot','0611115817','Peinture du plafond en plaque de plâtre de la cabine.\r\n\r\nCritères d\'appréciations : \r\n\r\nChoix de la peinture\r\nLa mise en place de protection\r\nLa propreté des lieux de l\'exécution de l\'intervention\r\nPas de coup de rouleau apparent\r\nLa qualité des réchampi\r\nLe nettoyage des outils',4,1,'Petits défauts acceptables',29,15,13,4,39,NULL,'2021-09-11 13:27:19','2021-09-27 14:15:13'),(224,'2021-09-13','Lionel Goulmot','0611115817','Peinture du plafond en plaque de plâtre de la cabine.\r\n\r\nCritères d\'appréciations : \r\n\r\nChoix de la peinture\r\nLa mise en place de protection\r\nLa propreté des lieux de l\'exécution de l\'intervention\r\nPas de coup de rouleau apparent\r\nLa qualité des réchampi\r\nLe nettoyage des outils',2,0,'',29,13,13,4,40,NULL,'2021-09-11 13:27:35','2021-10-09 17:54:42'),(225,'2021-09-13','Goulmot Lionel','0611115817','Peinture satinée des revêtements muraux de la cabine.\r\n\r\nCritères d\'appréciations : \r\n\r\nChoix de la peinture\r\nLa mise en place de protection\r\nLa propreté des lieux de l\'exécution de l\'intervention\r\nPas de coup de rouleau apparent\r\nLa qualité des réchampi\r\nLe nettoyage des outils',4,1,'Travaux conformes',29,16,14,4,59,NULL,'2021-09-11 13:33:39','2021-10-09 15:24:43'),(226,'2021-09-13','Goulmot Lionel','0611115817','Peinture satinée  des revêtements muraux de la cabine.\r\n\r\nCritères d\'appréciations : \r\n\r\nChoix de la peinture\r\nLa mise en place de protection\r\nLa propreté des lieux de l\'exécution de l\'intervention\r\nPas de coup de rouleau apparent\r\nLa qualité des réchampi\r\nLe nettoyage des outils',1,0,NULL,29,9,14,4,57,NULL,'2021-09-11 13:34:59',NULL),(227,'2021-09-13','Goulmot Lionel','0611115817','Peinture satinée  des revêtements muraux de la cabine.\r\n\r\nCritères d\'appréciations : \r\n\r\nChoix de la peinture\r\nLa mise en place de protection\r\nLa propreté des lieux de l\'exécution de l\'intervention\r\nPas de coup de rouleau apparent\r\nLa qualité des réchampi\r\nLe nettoyage des outils',4,1,'Travaux conformes',29,4,14,4,58,NULL,'2021-09-11 13:35:58','2021-10-02 10:46:00'),(228,'2021-09-13','Goulmot Lionel','0611115817','Peinture satinée  des revêtements muraux de la cabine.\r\n\r\nCritères d\'appréciations : \r\n\r\nChoix de la peinture\r\nLa mise en place de protection\r\nLa propreté des lieux de l\'exécution de l\'intervention\r\nPas de coup de rouleau apparent\r\nLa qualité des réchampi\r\nLe nettoyage des outils',1,0,NULL,29,6,14,4,63,NULL,'2021-09-11 13:36:26',NULL),(229,'2021-09-13','Goulmot Lionel','0611115817','Peinture satinée  des revêtements muraux de la cabine.\r\n\r\nCritères d\'appréciations : \r\n\r\nChoix de la peinture\r\nLa mise en place de protection\r\nLa propreté des lieux de l\'exécution de l\'intervention\r\nPas de coup de rouleau apparent\r\nLa qualité des réchampi\r\nLe nettoyage des outils',2,0,'',29,3,14,4,62,NULL,'2021-09-11 14:11:59','2021-10-09 16:10:12'),(230,'2021-09-13','Goulmot Lionel','0611115817','Peinture satinée  des revêtements muraux de la cabine.\r\n\r\nCritères d\'appréciations : \r\n\r\nChoix de la peinture\r\nLa mise en place de protection\r\nLa propreté des lieux de l\'exécution de l\'intervention\r\nPas de coup de rouleau apparent\r\nLa qualité des réchampi\r\nLe nettoyage des outils',2,0,'',29,11,14,4,65,NULL,'2021-09-11 14:12:20','2021-10-03 09:14:45'),(231,'2021-09-13','Goulmot Lionel','0611115817','Peinture satinée  des revêtements muraux de la cabine.\r\n\r\nCritères d\'appréciations : \r\n\r\nChoix de la peinture\r\nLa mise en place de protection\r\nLa propreté des lieux de l\'exécution de l\'intervention\r\nPas de coup de rouleau apparent\r\nLa qualité des réchampi\r\nLe nettoyage des outils',2,0,NULL,29,2,14,4,61,NULL,'2021-09-11 14:12:57','2021-09-29 09:34:51'),(232,'2021-09-13','Goulmot Lionel','0611115817','Peinture satinée  des revêtements muraux de la cabine.\r\n\r\nCritères d\'appréciations : \r\n\r\nChoix de la peinture\r\nLa mise en place de protection\r\nLa propreté des lieux de l\'exécution de l\'intervention\r\nPas de coup de rouleau apparent\r\nLa qualité des réchampi\r\nLe nettoyage des outils',4,1,'Réchampis à revoir en corrective',29,12,14,4,64,NULL,'2021-09-11 14:13:25','2021-10-09 17:00:42'),(233,'2021-09-13','Goulmot Lionel','0611115817','Peinture satinée  des revêtements muraux de la cabine.\r\n\r\nCritères d\'appréciations : \r\n\r\nChoix de la peinture\r\nLa mise en place de protection\r\nLa propreté des lieux de l\'exécution de l\'intervention\r\nPas de coup de rouleau apparent\r\nLa qualité des réchampi\r\nLe nettoyage des outils',1,0,NULL,29,10,14,4,60,NULL,'2021-09-11 14:30:46',NULL),(234,'2021-09-13','Goulmot Lionel','0611115817','Peinture satinée  des revêtements muraux de la cabine.\r\n\r\nCritères d\'appréciations : \r\n\r\nChoix de la peinture\r\nLa mise en place de protection\r\nLa propreté des lieux de l\'exécution de l\'intervention\r\nPas de coup de rouleau apparent\r\nLa qualité des réchampi\r\nLe nettoyage des outils',1,0,NULL,29,8,14,4,66,NULL,'2021-09-11 14:31:07',NULL),(235,'2021-09-13','Goulmot Lionel','0611115817','Peinture satinée des revêtements muraux de la cabine.\r\n\r\nCritères d\'appréciations : \r\n\r\nChoix de la peinture\r\nLa mise en place de protection\r\nLa propreté des lieux de l\'exécution de l\'intervention\r\nPas de coup de rouleau apparent\r\nLa qualité des réchampi\r\nLe nettoyage des outils',3,0,NULL,29,14,14,4,32,NULL,'2021-09-11 14:31:25','2021-10-10 11:59:07'),(236,'2021-09-13','Goulmot Lionel','0611115817','Peinture satinée  des revêtements muraux de la cabine.\r\n\r\nCritères d\'appréciations : \r\n\r\nChoix de la peinture\r\nLa mise en place de protection\r\nLa propreté des lieux de l\'exécution de l\'intervention\r\nPas de coup de rouleau apparent\r\nLa qualité des réchampi\r\nLe nettoyage des outils',4,1,'Utilisation d\'un manchon polyamide 14mm et non un méché 18mm.\r\nTravaux conformes',29,15,14,4,39,NULL,'2021-09-11 14:31:44','2021-10-06 14:45:26'),(237,'2021-09-13','Goulmot Lionel','0611115817','Peinture satinée des revêtements muraux de la cabine.\r\n\r\nCritères d\'appréciations : \r\n\r\nChoix de la peinture\r\nLa mise en place de protection\r\nLa propreté des lieux de l\'exécution de l\'intervention\r\nPas de coup de rouleau apparent\r\nLa qualité des réchampi\r\nLe nettoyage des outils',2,0,'',29,13,14,4,40,NULL,'2021-09-11 14:32:07','2021-10-09 17:56:18'),(238,'2021-09-13','Goulmot Lionel','0611115817','Peinture laquée du bloc porte (champlat compris) et des plinthes de la cabine. Trouver une teinte pastelle.\r\n\r\nCritères d\'appréciations : \r\n\r\nChoix de la peinture\r\nLa mise en place de protection\r\nLa propreté des lieux de l\'exécution de l\'intervention\r\nPas de coup de rouleau apparent\r\nLa qualité des réchampi\r\nLe nettoyage des outils',4,1,'Travaux conformes',29,16,15,4,59,NULL,'2021-09-11 14:47:59','2021-10-09 15:27:11'),(239,'2021-09-13','Goulmot Lionel','0611115817','Peinture laquée du bloc porte (champlat compris) et des plinthes de la cabine. Trouver une teinte pastelle.\r\n\r\nCritères d\'appréciations : \r\n\r\nChoix de la peinture\r\nLa mise en place de protection\r\nLa propreté des lieux de l\'exécution de l\'intervention\r\nPas de coup de rouleau apparent\r\nLa qualité des réchampi\r\nLe nettoyage des outils',1,0,NULL,29,9,15,4,57,NULL,'2021-09-11 14:49:23',NULL),(240,'2021-09-13','Goulmot Lionel','0611115817','Peinture laquée du bloc porte (champlat compris) et des plinthes de la cabine. Trouver une teinte pastelle.\r\n\r\nCritères d\'appréciations : \r\n\r\nChoix de la peinture\r\nLa mise en place de protection\r\nLa propreté des lieux de l\'exécution de l\'intervention\r\nPas de coup de rouleau apparent\r\nLa qualité des réchampi\r\nLe nettoyage des outils',4,1,'Travaux conformes',29,4,15,4,58,NULL,'2021-09-11 14:49:50','2021-10-06 14:29:41'),(241,'2021-09-13','Goulmot Lionel','0611115817','Peinture laquée du bloc porte (champlat compris) et des plinthes de la cabine. Trouver une teinte pastelle.\r\n\r\nCritères d\'appréciations : \r\n\r\nChoix de la peinture\r\nLa mise en place de protection\r\nLa propreté des lieux de l\'exécution de l\'intervention\r\nPas de coup de rouleau apparent\r\nLa qualité des réchampi\r\nLe nettoyage des outils',1,0,NULL,29,6,15,4,63,NULL,'2021-09-11 14:50:13',NULL),(242,'2021-09-13','Goulmot Lionel','0611115817','Peinture laquée du bloc porte (champlat compris) et des plinthes de la cabine. Trouver une teinte pastelle.\r\n\r\nCritères d\'appréciations : \r\n\r\nChoix de la peinture\r\nLa mise en place de protection\r\nLa propreté des lieux de l\'exécution de l\'intervention\r\nPas de coup de rouleau apparent\r\nLa qualité des réchampi\r\nLe nettoyage des outils',1,0,NULL,29,3,15,4,62,NULL,'2021-09-11 14:50:37',NULL),(243,'2021-09-13','Goulmot Lionel','0611115817','Peinture laquée du bloc porte (champlat compris) et des plinthes de la cabine. Trouver une teinte pastelle.\r\n\r\nCritères d\'appréciations : \r\n\r\nChoix de la peinture\r\nLa mise en place de protection\r\nLa propreté des lieux de l\'exécution de l\'intervention\r\nPas de coup de rouleau apparent\r\nLa qualité des réchampi\r\nLe nettoyage des outils',1,0,NULL,29,11,15,4,65,NULL,'2021-09-11 14:51:56',NULL),(244,'2021-09-13','Goulmot Lionel','0611115817','Peinture laquée du bloc porte (champlat compris) et des plinthes de la cabine. Trouver une teinte pastelle.\r\n\r\nCritères d\'appréciations : \r\n\r\nChoix de la peinture\r\nLa mise en place de protection\r\nLa propreté des lieux de l\'exécution de l\'intervention\r\nPas de coup de rouleau apparent\r\nLa qualité des réchampi\r\nLe nettoyage des outils',2,0,NULL,29,2,15,4,61,NULL,'2021-09-11 14:52:33','2021-09-29 09:32:50'),(245,'2021-09-13','Goulmot Lionel','0611115817','Peinture laquée du bloc porte (champlat compris) et des plinthes de la cabine. Trouver une teinte pastelle.\r\n\r\nCritères d\'appréciations : \r\n\r\nChoix de la peinture\r\nLa mise en place de protection\r\nLa propreté des lieux de l\'exécution de l\'intervention\r\nPas de coup de rouleau apparent\r\nLa qualité des réchampi\r\nLe nettoyage des outils',2,0,'',29,12,15,4,64,NULL,'2021-09-11 14:53:10','2021-10-09 17:03:35'),(246,'2021-09-13','Goulmot Lionel','0611115817','Peinture laquée du bloc porte (champlat compris) et des plinthes de la cabine. Trouver une teinte pastelle.\r\n\r\nCritères d\'appréciations : \r\n\r\nChoix de la peinture\r\nLa mise en place de protection\r\nLa propreté des lieux de l\'exécution de l\'intervention\r\nPas de coup de rouleau apparent\r\nLa qualité des réchampi\r\nLe nettoyage des outils',1,0,NULL,29,10,15,4,60,NULL,'2021-09-11 14:53:36',NULL),(247,'2021-09-13','Goulmot Lionel','0611115817','Peinture laquée du bloc porte (champlat compris) et des plinthes de la cabine. Trouver une teinte pastelle.\r\n\r\nCritères d\'appréciations : \r\n\r\nChoix de la peinture\r\nLa mise en place de protection\r\nLa propreté des lieux de l\'exécution de l\'intervention\r\nPas de coup de rouleau apparent\r\nLa qualité des réchampi\r\nLe nettoyage des outils',1,0,NULL,29,4,15,4,66,NULL,'2021-09-11 14:53:56',NULL),(249,'2021-09-13','Goulmot Lionel','0611115817','Peinture laquée du bloc porte (champlat compris) et des plinthes de la cabine. Trouver une teinte pastelle.\r\n\r\nCritères d\'appréciations : \r\n\r\nChoix de la peinture\r\nLa mise en place de protection\r\nLa propreté des lieux de l\'exécution de l\'intervention\r\nPas de coup de rouleau apparent\r\nLa qualité des réchampi\r\nLe nettoyage des outils',1,0,NULL,29,14,15,4,32,NULL,'2021-09-11 14:57:02',NULL),(250,'2021-09-13','Goulmot Lionel','0611115817','Peinture laquée du bloc porte (champlat compris) et des plinthes de la cabine. Trouver une teinte pastelle.\r\n\r\nCritères d\'appréciations : \r\n\r\nChoix de la peinture\r\nLa mise en place de protection\r\nLa propreté des lieux de l\'exécution de l\'intervention\r\nPas de coup de rouleau apparent\r\nLa qualité des réchampi\r\nLe nettoyage des outils',2,0,NULL,29,15,15,4,39,NULL,'2021-09-11 14:57:19','2021-09-16 08:33:30'),(251,'2021-09-13','Goulmot Lionel','0611115817','Peinture laquée du bloc porte (champlat compris) et des plinthes de la cabine. Trouver une teinte pastelle.\r\n\r\nCritères d\'appréciations : \r\n\r\nChoix de la peinture\r\nLa mise en place de protection\r\nLa propreté des lieux de l\'exécution de l\'intervention\r\nPas de coup de rouleau apparent\r\nLa qualité des réchampi\r\nLe nettoyage des outils',2,0,'',29,13,15,4,40,NULL,'2021-09-11 14:57:52','2021-10-09 17:58:00'),(252,'2021-08-20','Lionel Goulmot','0611115817','Pose de dalles PVC sur le fond de la cabine à gauche.\r\n\r\nPour de plus amples information me contacter.\r\n\r\nCritères d\'appréciations : \r\n\r\nLa justesse des coupes\r\nUn calepinage cohérent\r\nLa propreté du résultat de l\'intervention',4,1,'Petit écart sur coupe, mais travaux conformes',29,16,16,4,59,NULL,'2021-09-11 15:02:11','2021-09-23 09:35:31'),(253,'2021-08-20','Lionel Goulmot','0611115817','Pose de dalles PVC sur le fond de la cabine à gauche.\r\n\r\nPour de plus amples information me contacter.\r\n\r\nCritères d\'appréciations : \r\n\r\nLa justesse des coupes\r\nUn calepinage cohérent\r\nLa propreté du résultat de l\'intervention',1,0,NULL,29,9,16,4,57,NULL,'2021-09-11 15:02:56',NULL),(254,'2021-08-20','Lionel Goulmot','0611115817','Pose de dalles PVC sur le fond de la cabine à gauche.\r\n\r\nPour de plus amples information me contacter.\r\n\r\nCritères d\'appréciations : \r\n\r\nLa justesse des coupes\r\nUn calepinage cohérent\r\nLa propreté du résultat de l\'intervention',4,1,'Règle bombée inox à utiliser.\r\nNe pas mettre de commentaire sur travaux non réalisés si travaux finis.\r\nTravaux conformes',29,4,16,4,58,NULL,'2021-09-11 15:03:32','2021-10-02 10:36:45'),(255,'2021-08-20','Lionel Goulmot','0611115817','Pose de dalles PVC sur le fond de la cabine à gauche.\r\n\r\nPour de plus amples information me contacter.\r\n\r\nCritères d\'appréciations : \r\n\r\nLa justesse des coupes\r\nUn calepinage cohérent\r\nLa propreté du résultat de l\'intervention',2,0,'',29,6,16,4,63,NULL,'2021-09-11 15:04:36','2021-10-09 15:55:46'),(256,'2021-08-20','Lionel Goulmot','0611115817','Pose de dalles PVC sur le fond de la cabine à gauche.\r\n\r\nPour de plus amples information me contacter.\r\n\r\nCritères d\'appréciations : \r\n\r\nLa justesse des coupes\r\nUn calepinage cohérent\r\nLa propreté du résultat de l\'intervention',3,0,NULL,29,3,16,4,62,NULL,'2021-09-11 15:05:17','2021-10-06 15:32:32'),(257,'2021-08-20','Lionel Goulmot','0611115817','Pose de dalles PVC sur le fond de la cabine à gauche.\r\n\r\nPour de plus amples information me contacter.\r\n\r\nCritères d\'appréciations : \r\n\r\nLa justesse des coupes\r\nUn calepinage cohérent\r\nLa propreté du résultat de l\'intervention',2,0,'',29,11,16,4,65,NULL,'2021-09-11 15:06:02','2021-10-09 16:24:02'),(258,'2021-08-20','Lionel Goulmot','0611115817','Pose de dalles PVC sur le fond de la cabine à gauche.\r\n\r\nPour de plus amples information me contacter.\r\n\r\nCritères d\'appréciations : \r\n\r\nLa justesse des coupes\r\nUn calepinage cohérent\r\nLa propreté du résultat de l\'intervention',4,1,'Travaux conformes',29,2,16,4,61,NULL,'2021-09-11 15:06:41','2021-09-22 08:46:56'),(259,'2021-08-20','Lionel Goulmot','0611115817','Pose de dalles PVC sur le fond de la cabine à gauche.\r\n\r\nPour de plus amples information me contacter.\r\n\r\nCritères d\'appréciations : \r\n\r\nLa justesse des coupes\r\nUn calepinage cohérent\r\nLa propreté du résultat de l\'intervention',4,1,'Travaux conformes',29,12,16,4,64,NULL,'2021-09-11 15:07:21','2021-09-13 14:42:27'),(260,'2021-08-20','Lionel Goulmot','0611115817','Pose de dalles PVC sur le fond de la cabine à gauche.\r\n\r\nPour de plus amples information me contacter.\r\n\r\nCritères d\'appréciations : \r\n\r\nLa justesse des coupes\r\nUn calepinage cohérent\r\nLa propreté du résultat de l\'intervention',4,1,'Travaux conformes',29,10,16,4,60,NULL,'2021-09-11 15:07:48','2021-09-29 16:09:07'),(261,'2021-08-20','Lionel Goulmot','0611115817','Pose de dalles PVC sur le fond de la cabine à gauche.\r\n\r\nPour de plus amples information me contacter.\r\n\r\nCritères d\'appréciations : \r\n\r\nLa justesse des coupes\r\nUn calepinage cohérent\r\nLa propreté du résultat de l\'intervention',4,1,'Travaux conformes',29,8,16,4,66,NULL,'2021-09-11 15:08:32','2021-10-03 09:24:50'),(262,'2021-08-20','Lionel Goulmot','0611115817','Pose de dalles PVC sur le fond de la cabine à gauche.\r\n\r\nPour de plus amples information me contacter.\r\n\r\nCritères d\'appréciations : \r\n\r\nLa justesse des coupes\r\nUn calepinage cohérent\r\nLa propreté du résultat de l\'intervention',4,1,'Travaux conformes',29,14,16,4,32,NULL,'2021-09-11 15:08:58','2021-09-29 09:19:07'),(263,'2021-08-20','Lionel Goulmot','0611115817','Pose de dalles PVC sur le fond de la cabine à gauche.\r\n\r\nPour de plus amples information me contacter.\r\n\r\nCritères d\'appréciations : \r\n\r\nLa justesse des coupes\r\nUn calepinage cohérent\r\nLa propreté du résultat de l\'intervention',4,1,'Travaux conformes',29,15,16,4,39,NULL,'2021-09-11 15:09:14','2021-09-22 10:36:08'),(264,'2021-08-20','Lionel Goulmot','0611115817','Pose de dalles PVC sur le fond de la cabine à gauche.\r\n\r\nPour de plus amples information me contacter.\r\n\r\nCritères d\'appréciations : \r\n\r\nLa justesse des coupes\r\nUn calepinage cohérent\r\nLa propreté du résultat de l\'intervention',4,1,'Travaux conformes',29,13,16,4,40,NULL,'2021-09-11 15:09:50','2021-09-13 11:07:02'),(265,'2021-07-07','Goulmot Lionel','0611115817','Sur la cloison du fond de cabine, réaliser un circuit prise, un circuit éclairage en applique et en plafond commandé par un interrupteur double allumage (voir plan et consignes). Ces circuits seront raccordés dans un boite de dérivation. Réaliser le schéma unifilaire de votre cabine et du tableau électrique.\r\nTRAVAUX HORS TENSION La mise sous tension se fera avec le formateur.\r\n\r\nCritères d\'appréciation:\r\nPort des EPI\r\nLes conduits et les conducteurs sont dimensionnés correctement et les couleurs sont respectées;\r\nLes côtes fournies sont respectées;\r\nLes boitiers sont correctement fixés;\r\nLes appareillages sont correctement raccordés (pas de PNST) et installés de niveau;\r\nDans la boite de dérivation, les conducteurs sont correctement façonnés et raccordés (pas de PNST);\r\nLes circuits fonctionnent.\r\n',4,1,'Evaluation T.P. papier vue avec Nacim.\r\nFiche Excel validée \r\nTravaux conformes',29,16,30,4,59,NULL,'2021-09-11 15:28:02','2021-10-02 11:08:45'),(266,'2021-07-07','Goulmot Lionel','0611115817','Sur la cloison du fond de cabine, réaliser un circuit prise, un circuit éclairage en applique et en plafond commandé par un interrupteur double allumage (voir plan et consignes). Ces circuits seront raccordés dans un boite de dérivation. Réaliser le schéma unifilaire de votre cabine et du tableau électrique.\r\nTRAVAUX HORS TENSION La mise sous tension se fera avec le formateur.\r\n\r\nCritères d\'appréciation:\r\nPort des EPI\r\nLes conduits et les conducteurs sont dimensionnés correctement et les couleurs sont respectées;\r\nLes côtes fournies sont respectées;\r\nLes boitiers sont correctement fixés;\r\nLes appareillages sont correctement raccordés (pas de PNST) et installés de niveau;\r\nDans la boite de dérivation, les conducteurs sont correctement façonnés et raccordés (pas de PNST);\r\nLes circuits fonctionnent.\r\n',1,0,NULL,29,9,30,4,57,NULL,'2021-09-11 15:31:32',NULL),(267,'2021-07-07','Goulmot Lionel','0611115817','Sur la cloison du fond de cabine, réaliser un circuit prise, un circuit éclairage en applique et en plafond commandé par un interrupteur double allumage (voir plan et consignes). Ces circuits seront raccordés dans un boite de dérivation. Réaliser le schéma unifilaire de votre cabine et du tableau électrique.\r\nTRAVAUX HORS TENSION La mise sous tension se fera avec le formateur.\r\n\r\nCritères d\'appréciation:\r\nPort des EPI\r\nLes conduits et les conducteurs sont dimensionnés correctement et les couleurs sont respectées;\r\nLes côtes fournies sont respectées;\r\nLes boitiers sont correctement fixés;\r\nLes appareillages sont correctement raccordés (pas de PNST) et installés de niveau;\r\nDans la boite de dérivation, les conducteurs sont correctement façonnés et raccordés (pas de PNST);\r\nLes circuits fonctionnent.\r\n',4,1,'TRAVAUX CONFORMES',29,4,30,4,58,NULL,'2021-09-11 15:32:15','2021-09-28 13:56:14'),(268,'2021-07-07','Goulmot Lionel','0611115817','Sur la cloison du fond de cabine, réaliser un circuit prise, un circuit éclairage en applique et en plafond commandé par un interrupteur double allumage (voir plan et consignes). Ces circuits seront raccordés dans un boite de dérivation. Réaliser le schéma unifilaire de votre cabine et du tableau électrique.\r\nTRAVAUX HORS TENSION La mise sous tension se fera avec le formateur.\r\n\r\nCritères d\'appréciation:\r\nPort des EPI\r\nLes conduits et les conducteurs sont dimensionnés correctement et les couleurs sont respectées;\r\nLes côtes fournies sont respectées;\r\nLes boitiers sont correctement fixés;\r\nLes appareillages sont correctement raccordés (pas de PNST) et installés de niveau;\r\nDans la boite de dérivation, les conducteurs sont correctement façonnés et raccordés (pas de PNST);\r\nLes circuits fonctionnent.\r\n',1,0,NULL,29,6,30,4,63,NULL,'2021-09-11 15:32:51',NULL),(269,'2021-07-07','Goulmot Lionel','0611115817','Sur la cloison du fond de cabine, réaliser un circuit prise, un circuit éclairage en applique et en plafond commandé par un interrupteur double allumage (voir plan et consignes). Ces circuits seront raccordés dans un boite de dérivation. Réaliser le schéma unifilaire de votre cabine et du tableau électrique.\r\nTRAVAUX HORS TENSION La mise sous tension se fera avec le formateur.\r\n\r\nCritères d\'appréciation:\r\nPort des EPI\r\nLes conduits et les conducteurs sont dimensionnés correctement et les couleurs sont respectées;\r\nLes côtes fournies sont respectées;\r\nLes boitiers sont correctement fixés;\r\nLes appareillages sont correctement raccordés (pas de PNST) et installés de niveau;\r\nDans la boite de dérivation, les conducteurs sont correctement façonnés et raccordés (pas de PNST);\r\nLes circuits fonctionnent.\r\n',1,0,NULL,29,3,30,4,62,NULL,'2021-09-11 15:33:20',NULL),(270,'2021-07-07','Goulmot Lionel','0611115817','Sur la cloison du fond de cabine, réaliser un circuit prise, un circuit éclairage en applique et en plafond commandé par un interrupteur double allumage (voir plan et consignes). Ces circuits seront raccordés dans un boite de dérivation. Réaliser le schéma unifilaire de votre cabine et du tableau électrique.\r\nTRAVAUX HORS TENSION La mise sous tension se fera avec le formateur.\r\n\r\nCritères d\'appréciation:\r\nPort des EPI\r\nLes conduits et les conducteurs sont dimensionnés correctement et les couleurs sont respectées;\r\nLes côtes fournies sont respectées;\r\nLes boitiers sont correctement fixés;\r\nLes appareillages sont correctement raccordés (pas de PNST) et installés de niveau;\r\nDans la boite de dérivation, les conducteurs sont correctement façonnés et raccordés (pas de PNST);\r\nLes circuits fonctionnent.\r\n',4,1,'Compte rendu à développer.\r\nTravaux conformes',29,2,30,4,61,NULL,'2021-09-11 15:34:32','2021-10-03 08:35:07'),(271,'2021-07-07','Goulmot Lionel','0611115817','Sur la cloison du fond de cabine, réaliser un circuit prise, un circuit éclairage en applique et en plafond commandé par un interrupteur double allumage (voir plan et consignes). Ces circuits seront raccordés dans un boite de dérivation. Réaliser le schéma unifilaire de votre cabine et du tableau électrique.\r\nTRAVAUX HORS TENSION La mise sous tension se fera avec le formateur.\r\n\r\nCritères d\'appréciation:\r\nPort des EPI\r\nLes conduits et les conducteurs sont dimensionnés correctement et les couleurs sont respectées;\r\nLes côtes fournies sont respectées;\r\nLes boitiers sont correctement fixés;\r\nLes appareillages sont correctement raccordés (pas de PNST) et installés de niveau;\r\nDans la boite de dérivation, les conducteurs sont correctement façonnés et raccordés (pas de PNST);\r\nLes circuits fonctionnent.\r\n',2,0,'',29,12,30,4,64,NULL,'2021-09-11 15:34:55','2021-10-09 17:06:02'),(272,'2021-07-07','Goulmot Lionel','0611115817','Sur la cloison du fond de cabine, réaliser un circuit prise, un circuit éclairage en applique et en plafond commandé par un interrupteur double allumage (voir plan et consignes). Ces circuits seront raccordés dans un boite de dérivation. Réaliser le schéma unifilaire de votre cabine et du tableau électrique.\r\nTRAVAUX HORS TENSION La mise sous tension se fera avec le formateur.\r\n\r\nCritères d\'appréciation:\r\nPort des EPI\r\nLes conduits et les conducteurs sont dimensionnés correctement et les couleurs sont respectées;\r\nLes côtes fournies sont respectées;\r\nLes boitiers sont correctement fixés;\r\nLes appareillages sont correctement raccordés (pas de PNST) et installés de niveau;\r\nDans la boite de dérivation, les conducteurs sont correctement façonnés et raccordés (pas de PNST);\r\nLes circuits fonctionnent.\r\n',4,1,'Fiche validée sur Excel.\r\nTravaux conformes',29,8,30,4,66,NULL,'2021-09-11 15:35:27','2021-10-09 17:33:38'),(273,'2021-07-07','Goulmot Lionel','0611115817','Sur la cloison du fond de cabine, réaliser un circuit prise, un circuit éclairage en applique et en plafond commandé par un interrupteur double allumage (voir plan et consignes). Ces circuits seront raccordés dans un boite de dérivation. Réaliser le schéma unifilaire de votre cabine et du tableau électrique.\r\nTRAVAUX HORS TENSION La mise sous tension se fera avec le formateur.\r\n\r\nCritères d\'appréciation:\r\nPort des EPI\r\nLes conduits et les conducteurs sont dimensionnés correctement et les couleurs sont respectées;\r\nLes côtes fournies sont respectées;\r\nLes boitiers sont correctement fixés;\r\nLes appareillages sont correctement raccordés (pas de PNST) et installés de niveau;\r\nDans la boite de dérivation, les conducteurs sont correctement façonnés et raccordés (pas de PNST);\r\nLes circuits fonctionnent.\r\n',2,0,NULL,29,14,30,4,32,NULL,'2021-09-11 15:36:09','2021-10-09 06:32:37'),(274,'2021-07-07','Goulmot Lionel','0611115817','Sur la cloison du fond de cabine, réaliser un circuit prise, un circuit éclairage en applique et en plafond commandé par un interrupteur double allumage (voir plan et consignes). Ces circuits seront raccordés dans un boite de dérivation. Réaliser le schéma unifilaire de votre cabine et du tableau électrique.\r\nTRAVAUX HORS TENSION La mise sous tension se fera avec le formateur.\r\n\r\nCritères d\'appréciation:\r\nPort des EPI\r\nLes conduits et les conducteurs sont dimensionnés correctement et les couleurs sont respectées;\r\nLes côtes fournies sont respectées;\r\nLes boitiers sont correctement fixés;\r\nLes appareillages sont correctement raccordés (pas de PNST) et installés de niveau;\r\nDans la boite de dérivation, les conducteurs sont correctement façonnés et raccordés (pas de PNST);\r\nLes circuits fonctionnent.\r\n',4,1,'Attention aux serrage de conducteurs et aux PNST. Revu ensemble.\r\nTravaux conformes',29,13,30,4,40,NULL,'2021-09-11 15:36:29','2021-09-29 11:42:13'),(275,'2021-09-06','Goulmot Lionel','0611115817','Formation aux risques électriques B1V, BR limitée aux circuits monophasés.\r\n\r\nCritères d\'appréciation:\r\nQuestionnaires de 40 questions en salle de cours\r\nEvaluation pratique maquette BT:\r\nIdentification, vérification et mis en œuvre des EPI\r\nAnalyse des risques\r\nNappage\r\nRecherche d\'une panne\r\nConnexion déconnexion d\'un circuit sous tension\r\nRespect des limite du B1V ET BR\r\nRendre compte de l\'intervention\r\n',3,0,'',29,17,31,4,59,NULL,'2021-09-11 15:53:25','2021-10-11 09:38:21'),(276,'2021-09-06','Goulmot Lionel','0611115817','Trouver les conducteurs à l\'aide d\'un ohmmètre et raccorder les circuits suivant:\r\nUn télérupteur commandant une lampe \r\nUn contacteur J/N commandant un BECS\r\nTRAVAUX HORS TENSION La mise sous tension se fera avec le formateur.\r\n\r\nCritères d\'appréciation:\r\nPort des EPI\r\nLes conduits et les conducteurs sont dimensionnés correctement et les couleurs sont respectées;\r\nLes boitiers sont correctement fixés;\r\nLes conducteurs sont correctement façonnés et raccordés (pas de PNST);\r\nLes circuits fonctionnent.',3,0,'',29,18,36,4,59,NULL,'2021-09-11 16:09:20','2021-10-11 09:16:24'),(277,'2021-09-06','Goulmot Lionel','0611115817','Formation aux risques électriques B1V, BR limitée aux circuits monophasés.\r\n\r\nCritères d\'appréciation:\r\nQuestionnaires de 40 questions en salle de cours\r\nEvaluation pratique maquette BT:\r\nIdentification, vérification et mis en œuvre des EPI\r\nAnalyse des risques\r\nNappage\r\nRecherche d\'une panne\r\nConnexion déconnexion d\'un circuit sous tension\r\nRespect des limite du B1V ET BR\r\nRendre compte de l\'intervention\r\n',1,0,NULL,29,17,31,4,57,NULL,'2021-09-11 16:24:56',NULL),(278,'2021-09-06','Goulmot Lionel','0611115817','Formation aux risques électriques B1V, BR limitée aux circuits monophasés.\r\n\r\nCritères d\'appréciation:\r\nQuestionnaires de 40 questions en salle de cours\r\nEvaluation pratique maquette BT:\r\nIdentification, vérification et mis en œuvre des EPI\r\nAnalyse des risques\r\nNappage\r\nRecherche d\'une panne\r\nConnexion déconnexion d\'un circuit sous tension\r\nRespect des limite du B1V ET BR\r\nRendre compte de l\'intervention\r\n',2,0,'',29,17,31,4,58,NULL,'2021-09-11 16:25:37','2021-10-02 10:41:30'),(279,'2021-09-06','Goulmot Lionel','0611115817','Formation aux risques électriques B1V, BR limitée aux circuits monophasés.\r\n\r\nCritères d\'appréciation:\r\nQuestionnaires de 40 questions en salle de cours\r\nEvaluation pratique maquette BT:\r\nIdentification, vérification et mis en œuvre des EPI\r\nAnalyse des risques\r\nNappage\r\nRecherche d\'une panne\r\nConnexion déconnexion d\'un circuit sous tension\r\nRespect des limite du B1V ET BR\r\nRendre compte de l\'intervention\r\n',1,0,NULL,29,17,31,4,63,NULL,'2021-09-11 16:25:54',NULL),(280,'2021-09-06','Goulmot Lionel','0611115817','Formation aux risques électriques B1V, BR limitée aux circuits monophasés.\r\n\r\nCritères d\'appréciation:\r\nQuestionnaires de 40 questions en salle de cours\r\nEvaluation pratique maquette BT:\r\nIdentification, vérification et mis en œuvre des EPI\r\nAnalyse des risques\r\nNappage\r\nRecherche d\'une panne\r\nConnexion déconnexion d\'un circuit sous tension\r\nRespect des limite du B1V ET BR\r\nRendre compte de l\'intervention\r\n',1,0,NULL,29,17,31,4,62,NULL,'2021-09-11 16:26:11',NULL),(281,'2021-09-06','Goulmot Lionel','0611115817','Formation aux risques électriques B1V, BR limitée aux circuits monophasés.\r\n\r\nCritères d\'appréciation:\r\nQuestionnaires de 40 questions en salle de cours\r\nEvaluation pratique maquette BT:\r\nIdentification, vérification et mis en œuvre des EPI\r\nAnalyse des risques\r\nNappage\r\nRecherche d\'une panne\r\nConnexion déconnexion d\'un circuit sous tension\r\nRespect des limite du B1V ET BR\r\nRendre compte de l\'intervention\r\n',1,0,NULL,29,17,31,4,65,NULL,'2021-09-11 16:26:30',NULL),(282,'2021-09-06','Goulmot Lionel','0611115817','Formation aux risques électriques B1V, BR limitée aux circuits monophasés.\r\n\r\nCritères d\'appréciation:\r\nQuestionnaires de 40 questions en salle de cours\r\nEvaluation pratique maquette BT:\r\nIdentification, vérification et mis en œuvre des EPI\r\nAnalyse des risques\r\nNappage\r\nRecherche d\'une panne\r\nConnexion déconnexion d\'un circuit sous tension\r\nRespect des limite du B1V ET BR\r\nRendre compte de l\'intervention\r\n',4,1,'Avis favorable',29,17,31,4,61,NULL,'2021-09-11 16:29:12','2021-09-29 15:39:56'),(283,'2021-09-06','Goulmot Lionel','0611115817','Formation aux risques électriques B1V, BR limitée aux circuits monophasés.\r\n\r\nCritères d\'appréciation:\r\nQuestionnaires de 40 questions en salle de cours\r\nEvaluation pratique maquette BT:\r\nIdentification, vérification et mis en œuvre des EPI\r\nAnalyse des risques\r\nNappage\r\nRecherche d\'une panne\r\nConnexion déconnexion d\'un circuit sous tension\r\nRespect des limite du B1V ET BR\r\nRendre compte de l\'intervention\r\n',2,0,'',29,17,31,4,64,NULL,'2021-09-11 16:29:33','2021-10-09 17:10:25'),(284,'2021-09-06','Goulmot Lionel','0611115817','Formation aux risques électriques B1V, BR limitée aux circuits monophasés.\r\n\r\nCritères d\'appréciation:\r\nQuestionnaires de 40 questions en salle de cours\r\nEvaluation pratique maquette BT:\r\nIdentification, vérification et mis en œuvre des EPI\r\nAnalyse des risques\r\nNappage\r\nRecherche d\'une panne\r\nConnexion déconnexion d\'un circuit sous tension\r\nRespect des limite du B1V ET BR\r\nRendre compte de l\'intervention\r\n',2,0,'',29,17,31,4,60,NULL,'2021-09-11 16:29:50','2021-10-02 12:57:45'),(285,'2021-09-06','Goulmot Lionel','0611115817','Formation aux risques électriques B1V, BR limitée aux circuits monophasés.\r\n\r\nCritères d\'appréciation:\r\nQuestionnaires de 40 questions en salle de cours\r\nEvaluation pratique maquette BT:\r\nIdentification, vérification et mis en œuvre des EPI\r\nAnalyse des risques\r\nNappage\r\nRecherche d\'une panne\r\nConnexion déconnexion d\'un circuit sous tension\r\nRespect des limite du B1V ET BR\r\nRendre compte de l\'intervention\r\n',1,0,NULL,29,17,31,4,66,NULL,'2021-09-11 16:30:07',NULL),(286,'2021-09-06','Goulmot Lionel','0611115817','Formation aux risques électriques B1V, BR limitée aux circuits monophasés.\r\n\r\nCritères d\'appréciation:\r\nQuestionnaires de 40 questions en salle de cours\r\nEvaluation pratique maquette BT:\r\nIdentification, vérification et mis en œuvre des EPI\r\nAnalyse des risques\r\nNappage\r\nRecherche d\'une panne\r\nConnexion déconnexion d\'un circuit sous tension\r\nRespect des limite du B1V ET BR\r\nRendre compte de l\'intervention\r\n',4,1,'Manque gants isolant.\r\nAvis favorable B1V et BR limité aux circuits monophasés',29,17,31,4,39,NULL,'2021-09-11 16:30:33','2021-10-06 07:42:21'),(287,'2021-09-06','Goulmot Lionel','0611115817','Formation aux risques électriques B1V, BR limitée aux circuits monophasés.\r\n\r\nCritères d\'appréciation:\r\nQuestionnaires de 40 questions en salle de cours\r\nEvaluation pratique maquette BT:\r\nIdentification, vérification et mis en œuvre des EPI\r\nAnalyse des risques\r\nNappage\r\nRecherche d\'une panne\r\nConnexion déconnexion d\'un circuit sous tension\r\nRespect des limite du B1V ET BR\r\nRendre compte de l\'intervention\r\n',3,0,NULL,29,17,31,4,32,NULL,'2021-09-11 16:31:16','2021-10-10 12:24:54'),(288,'2021-09-06','Goulmot Lionel','0611115817','Formation aux risques électriques B1V, BR limitée aux circuits monophasés.\r\n\r\nCritères d\'appréciation:\r\nQuestionnaires de 40 questions en salle de cours\r\nEvaluation pratique maquette BT:\r\nIdentification, vérification et mis en œuvre des EPI\r\nAnalyse des risques\r\nNappage\r\nRecherche d\'une panne\r\nConnexion déconnexion d\'un circuit sous tension\r\nRespect des limite du B1V ET BR\r\nRendre compte de l\'intervention\r\n',2,0,NULL,29,17,31,4,40,NULL,'2021-09-11 16:31:30','2021-09-27 14:49:47'),(289,'2021-07-07','Goulmot Lionel','0611115817','Sur la cloison du fond de cabine, réaliser un circuit prise, un circuit éclairage en applique et en plafond commandé par un interrupteur double allumage (voir plan et consignes). Ces circuits seront raccordés dans un boite de dérivation. Réaliser le schéma unifilaire de votre cabine et du tableau électrique.\r\nTRAVAUX HORS TENSION La mise sous tension se fera avec le formateur.\r\n\r\nCritères d\'appréciation:\r\nPort des EPI\r\nLes conduits et les conducteurs sont dimensionnés correctement et les couleurs sont respectées;\r\nLes côtes fournies sont respectées;\r\nLes boitiers sont correctement fixés;\r\nLes appareillages sont correctement raccordés (pas de PNST) et installés de niveau;\r\nDans la boite de dérivation, les conducteurs sont correctement façonnés et raccordés (pas de PNST);\r\nLes circuits fonctionnent.\r\n',4,1,'Evaluation T.P. papier vue avec Nacim.\r\nFiche Excel validée \r\nTravaux conformes',29,16,30,4,59,NULL,'2021-09-11 16:32:13','2021-10-02 11:10:54'),(290,'2021-07-07','Goulmot Lionel','0611115817','Sur la cloison du fond de cabine, réaliser un circuit prise, un circuit éclairage en applique et en plafond commandé par un interrupteur double allumage (voir plan et consignes). Ces circuits seront raccordés dans un boite de dérivation. Réaliser le schéma unifilaire de votre cabine et du tableau électrique.\r\nTRAVAUX HORS TENSION La mise sous tension se fera avec le formateur.\r\n\r\nCritères d\'appréciation:\r\nPort des EPI\r\nLes conduits et les conducteurs sont dimensionnés correctement et les couleurs sont respectées;\r\nLes côtes fournies sont respectées;\r\nLes boitiers sont correctement fixés;\r\nLes appareillages sont correctement raccordés (pas de PNST) et installés de niveau;\r\nDans la boite de dérivation, les conducteurs sont correctement façonnés et raccordés (pas de PNST);\r\nLes circuits fonctionnent.\r\n',1,0,NULL,29,11,30,4,65,NULL,'2021-09-11 16:32:45',NULL),(291,'2021-07-07','Goulmot Lionel','0611115817','Sur la cloison du fond de cabine, réaliser un circuit prise, un circuit éclairage en applique et en plafond commandé par un interrupteur double allumage (voir plan et consignes). Ces circuits seront raccordés dans un boite de dérivation. Réaliser le schéma unifilaire de votre cabine et du tableau électrique.\r\nTRAVAUX HORS TENSION La mise sous tension se fera avec le formateur.\r\n\r\nCritères d\'appréciation:\r\nPort des EPI\r\nLes conduits et les conducteurs sont dimensionnés correctement et les couleurs sont respectées;\r\nLes côtes fournies sont respectées;\r\nLes boitiers sont correctement fixés;\r\nLes appareillages sont correctement raccordés (pas de PNST) et installés de niveau;\r\nDans la boite de dérivation, les conducteurs sont correctement façonnés et raccordés (pas de PNST);\r\nLes circuits fonctionnent.\r\n',2,0,NULL,29,10,30,4,60,NULL,'2021-09-11 16:33:14','2021-09-28 20:19:52'),(292,'2021-07-07','Goulmot Lionel','0611115817','Sur la cloison du fond de cabine, réaliser un circuit prise, un circuit éclairage en applique et en plafond commandé par un interrupteur double allumage (voir plan et consignes). Ces circuits seront raccordés dans un boite de dérivation. Réaliser le schéma unifilaire de votre cabine et du tableau électrique.\r\nTRAVAUX HORS TENSION La mise sous tension se fera avec le formateur.\r\n\r\nCritères d\'appréciation:\r\nPort des EPI\r\nLes conduits et les conducteurs sont dimensionnés correctement et les couleurs sont respectées;\r\nLes côtes fournies sont respectées;\r\nLes boitiers sont correctement fixés;\r\nLes appareillages sont correctement raccordés (pas de PNST) et installés de niveau;\r\nDans la boite de dérivation, les conducteurs sont correctement façonnés et raccordés (pas de PNST);\r\nLes circuits fonctionnent.\r\n',4,1,'Travaux conformes, fiche validée sur excel',29,15,30,4,39,NULL,'2021-09-11 16:33:37','2021-09-22 10:41:00'),(293,'2021-09-06','Goulmot Lionel','0611115817','Trouver les conducteurs à l\'aide d\'un ohmmètre et raccorder les circuits suivant:\r\nUn télérupteur commandant une lampe \r\nUn contacteur J/N commandant un BECS\r\nTRAVAUX HORS TENSION La mise sous tension se fera avec le formateur.\r\n\r\nCritères d\'appréciation:\r\nPort des EPI\r\nLes conduits et les conducteurs sont dimensionnés correctement et les couleurs sont respectées;\r\nLes boitiers sont correctement fixés;\r\nLes conducteurs sont correctement façonnés et raccordés (pas de PNST);\r\nLes circuits fonctionnent.',1,0,NULL,29,18,36,4,57,NULL,'2021-09-11 16:34:36',NULL),(294,'2021-09-06','Goulmot Lionel','0611115817','Trouver les conducteurs à l\'aide d\'un ohmmètre et raccorder les circuits suivant:\r\nUn télérupteur commandant une lampe \r\nUn contacteur J/N commandant un BECS\r\nTRAVAUX HORS TENSION La mise sous tension se fera avec le formateur.\r\n\r\nCritères d\'appréciation:\r\nPort des EPI\r\nLes conduits et les conducteurs sont dimensionnés correctement et les couleurs sont respectées;\r\nLes boitiers sont correctement fixés;\r\nLes conducteurs sont correctement façonnés et raccordés (pas de PNST);\r\nLes circuits fonctionnent.',4,1,'Intervention conforme',29,18,36,4,58,NULL,'2021-09-11 16:34:56','2021-10-06 10:53:13'),(295,'2021-09-06','Goulmot Lionel','0611115817','Trouver les conducteurs à l\'aide d\'un ohmmètre et raccorder les circuits suivant:\r\nUn télérupteur commandant une lampe \r\nUn contacteur J/N commandant un BECS\r\nTRAVAUX HORS TENSION La mise sous tension se fera avec le formateur.\r\n\r\nCritères d\'appréciation:\r\nPort des EPI\r\nLes conduits et les conducteurs sont dimensionnés correctement et les couleurs sont respectées;\r\nLes boitiers sont correctement fixés;\r\nLes conducteurs sont correctement façonnés et raccordés (pas de PNST);\r\nLes circuits fonctionnent.',1,0,NULL,29,18,36,4,63,NULL,'2021-09-11 16:35:18',NULL),(296,'2021-09-06','Goulmot Lionel','0611115817','Trouver les conducteurs à l\'aide d\'un ohmmètre et raccorder les circuits suivant:\r\nUn télérupteur commandant une lampe \r\nUn contacteur J/N commandant un BECS\r\nTRAVAUX HORS TENSION La mise sous tension se fera avec le formateur.\r\n\r\nCritères d\'appréciation:\r\nPort des EPI\r\nLes conduits et les conducteurs sont dimensionnés correctement et les couleurs sont respectées;\r\nLes boitiers sont correctement fixés;\r\nLes conducteurs sont correctement façonnés et raccordés (pas de PNST);\r\nLes circuits fonctionnent.',1,0,NULL,29,18,36,4,62,NULL,'2021-09-11 16:36:05',NULL),(297,'2021-09-06','Goulmot Lionel','0611115817','Trouver les conducteurs à l\'aide d\'un ohmmètre et raccorder les circuits suivant:\r\nUn télérupteur commandant une lampe \r\nUn contacteur J/N commandant un BECS\r\nTRAVAUX HORS TENSION La mise sous tension se fera avec le formateur.\r\n\r\nCritères d\'appréciation:\r\nPort des EPI\r\nLes conduits et les conducteurs sont dimensionnés correctement et les couleurs sont respectées;\r\nLes boitiers sont correctement fixés;\r\nLes conducteurs sont correctement façonnés et raccordés (pas de PNST);\r\nLes circuits fonctionnent.',1,0,NULL,29,18,36,4,65,NULL,'2021-09-11 16:36:26',NULL),(298,'2021-09-06','Goulmot Lionel','0611115817','Trouver les conducteurs à l\'aide d\'un ohmmètre et raccorder les circuits suivant:\r\nUn télérupteur commandant une lampe \r\nUn contacteur J/N commandant un BECS\r\nTRAVAUX HORS TENSION La mise sous tension se fera avec le formateur.\r\n\r\nCritères d\'appréciation:\r\nPort des EPI\r\nLes conduits et les conducteurs sont dimensionnés correctement et les couleurs sont respectées;\r\nLes boitiers sont correctement fixés;\r\nLes conducteurs sont correctement façonnés et raccordés (pas de PNST);\r\nLes circuits fonctionnent.',4,1,'Intervention conforme',29,18,36,4,61,NULL,'2021-09-11 16:36:44','2021-10-03 08:37:21'),(299,'2021-09-06','Goulmot Lionel','0611115817','Trouver les conducteurs à l\'aide d\'un ohmmètre et raccorder les circuits suivant:\r\nUn télérupteur commandant une lampe \r\nUn contacteur J/N commandant un BECS\r\nTRAVAUX HORS TENSION La mise sous tension se fera avec le formateur.\r\n\r\nCritères d\'appréciation:\r\nPort des EPI\r\nLes conduits et les conducteurs sont dimensionnés correctement et les couleurs sont respectées;\r\nLes boitiers sont correctement fixés;\r\nLes conducteurs sont correctement façonnés et raccordés (pas de PNST);\r\nLes circuits fonctionnent.',2,0,'',29,18,36,4,64,NULL,'2021-09-11 16:37:05','2021-10-09 17:17:37'),(300,'2021-09-06','Goulmot Lionel','0611115817','Trouver les conducteurs à l\'aide d\'un ohmmètre et raccorder les circuits suivant:\r\nUn télérupteur commandant une lampe \r\nUn contacteur J/N commandant un BECS\r\nTRAVAUX HORS TENSION La mise sous tension se fera avec le formateur.\r\n\r\nCritères d\'appréciation:\r\nPort des EPI\r\nLes conduits et les conducteurs sont dimensionnés correctement et les couleurs sont respectées;\r\nLes boitiers sont correctement fixés;\r\nLes conducteurs sont correctement façonnés et raccordés (pas de PNST);\r\nLes circuits fonctionnent.',2,0,NULL,29,18,36,4,60,NULL,'2021-09-11 16:37:19','2021-09-28 20:22:44'),(301,'2021-09-06','Goulmot Lionel','0611115817','Trouver les conducteurs à l\'aide d\'un ohmmètre et raccorder les circuits suivant:\r\nUn télérupteur commandant une lampe \r\nUn contacteur J/N commandant un BECS\r\nTRAVAUX HORS TENSION La mise sous tension se fera avec le formateur.\r\n\r\nCritères d\'appréciation:\r\nPort des EPI\r\nLes conduits et les conducteurs sont dimensionnés correctement et les couleurs sont respectées;\r\nLes boitiers sont correctement fixés;\r\nLes conducteurs sont correctement façonnés et raccordés (pas de PNST);\r\nLes circuits fonctionnent.',3,0,NULL,29,18,36,4,66,NULL,'2021-09-11 16:37:37','2021-10-11 11:09:09'),(302,'2021-09-06','Goulmot Lionel','0611115817','Trouver les conducteurs à l\'aide d\'un ohmmètre et raccorder les circuits suivant:\r\nUn télérupteur commandant une lampe \r\nUn contacteur J/N commandant un BECS\r\nTRAVAUX HORS TENSION La mise sous tension se fera avec le formateur.\r\n\r\nCritères d\'appréciation:\r\nPort des EPI\r\nLes conduits et les conducteurs sont dimensionnés correctement et les couleurs sont respectées;\r\nLes boitiers sont correctement fixés;\r\nLes conducteurs sont correctement façonnés et raccordés (pas de PNST);\r\nLes circuits fonctionnent.',2,0,NULL,29,18,36,4,32,NULL,'2021-09-11 16:37:53','2021-10-09 06:37:08'),(303,'2021-09-06','Goulmot Lionel','0611115817','Trouver les conducteurs à l\'aide d\'un ohmmètre et raccorder les circuits suivant:\r\nUn télérupteur commandant une lampe \r\nUn contacteur J/N commandant un BECS\r\nTRAVAUX HORS TENSION La mise sous tension se fera avec le formateur.\r\n\r\nCritères d\'appréciation:\r\nPort des EPI\r\nLes conduits et les conducteurs sont dimensionnés correctement et les couleurs sont respectées;\r\nLes boitiers sont correctement fixés;\r\nLes conducteurs sont correctement façonnés et raccordés (pas de PNST);\r\nLes circuits fonctionnent.',2,0,NULL,29,18,36,4,39,NULL,'2021-09-11 16:38:13','2021-10-04 09:35:52'),(304,'2021-09-06','Goulmot Lionel','0611115817','Trouver les conducteurs à l\'aide d\'un ohmmètre et raccorder les circuits suivant:\r\nUn télérupteur commandant une lampe \r\nUn contacteur J/N commandant un BECS\r\nTRAVAUX HORS TENSION La mise sous tension se fera avec le formateur.\r\n\r\nCritères d\'appréciation:\r\nPort des EPI\r\nLes conduits et les conducteurs sont dimensionnés correctement et les couleurs sont respectées;\r\nLes boitiers sont correctement fixés;\r\nLes conducteurs sont correctement façonnés et raccordés (pas de PNST);\r\nLes circuits fonctionnent.',2,0,'',29,18,36,4,40,NULL,'2021-09-11 16:38:25','2021-09-29 11:44:55'),(305,'2021-09-13','Goulmot Lionel','0611115817','Sur la cloison du fond de cabine, réaliser un circuit prise, un circuit éclairage en applique et en plafond commandé par un interrupteur double allumage (voir plan et consignes). Ces circuits seront raccordés dans un boite de dérivation. Réaliser le schéma unifilaire de votre cabine et du tableau électrique.\r\nTRAVAUX HORS TENSION La mise sous tension se fera avec le formateur.\r\n\r\nCritères d\'appréciation:\r\nPort des EPI\r\nLes conduits et les conducteurs sont dimensionnés correctement et les couleurs sont respectées;\r\nLes côtes fournies sont respectées;\r\nLes boitiers sont correctement fixés;\r\nLes appareillages sont correctement raccordés (pas de PNST) et installés de niveau;\r\nDans la boite de dérivation, les conducteurs sont correctement façonnés et raccordés (pas de PNST);\r\nLes circuits fonctionnent.\r\n',4,1,'Travaux conformes',29,1,30,4,52,NULL,'2021-09-11 16:39:58','2021-09-25 09:11:18'),(306,'2021-09-13','Goulmot Lionel','0611115817','Sur la cloison du fond de cabine, réaliser un circuit prise, un circuit éclairage en applique et en plafond commandé par un interrupteur double allumage (voir plan et consignes). Ces circuits seront raccordés dans un boite de dérivation. Réaliser le schéma unifilaire de votre cabine et du tableau électrique.\r\nTRAVAUX HORS TENSION La mise sous tension se fera avec le formateur.\r\n\r\nCritères d\'appréciation:\r\nPort des EPI\r\nLes conduits et les conducteurs sont dimensionnés correctement et les couleurs sont respectées;\r\nLes côtes fournies sont respectées;\r\nLes boitiers sont correctement fixés;\r\nLes appareillages sont correctement raccordés (pas de PNST) et installés de niveau;\r\nDans la boite de dérivation, les conducteurs sont correctement façonnés et raccordés (pas de PNST);\r\nLes circuits fonctionnent.\r\n',1,0,NULL,29,5,30,4,67,NULL,'2021-09-11 16:40:50',NULL),(307,'2021-09-14','Villatte Franck','0745821463','Réalisation d\'un plafond technique en dalles de 60x60 cm de l\'entrée de la cabine jusqu\'à la retombé.\r\nPour plus de renseignement, voir avec le demandeur.\r\n\r\nCritères d\'appréciations : \r\nPort des EPI\r\nHorizontalité et niveau du plafond\r\nMise en place de la structure métallique (porteur, entretoise)\r\nLa pose et découpe des dalles de plafond\r\nLa propreté du plafond technique (pas de trace)\r\nLa propreté des lieux\r\nL\'utilisation du matériel adapté\r\nLe compte rendu d\'intervention',3,0,NULL,7,1,9,4,10,NULL,'2021-09-14 12:30:15','2021-09-14 12:36:53'),(308,'2021-09-14','Villattef Franck','0646201634','Déconstruction des épreuves de certification du groupe précédent.\r\nPoints de vigilance : \r\n- port des EPI\r\n- tri des déchets\r\n- récupération des matériaux\r\n- utilisation des outils correspondant aux tâches de déconstructions\r\n',3,0,NULL,7,24,2,4,10,NULL,'2021-09-14 12:31:13','2021-09-14 12:41:02'),(309,'2021-09-14','Peyronnet Roger','0645174959','Résoudre problème minuterie hébergement AFPA',1,0,NULL,28,23,36,1,35,NULL,'2021-09-14 13:09:12',NULL),(310,'2021-09-14','Peyronnet Roger','0645174959','Résoudre problème minuterie hébergement AFPA',4,1,'Bon travail',28,23,36,1,54,NULL,'2021-09-14 13:09:12','2021-09-15 08:31:34'),(311,'2021-09-14','Peyronnet Roger','0645174959','Résoudre problème minuterie hébergement AFPA',1,0,NULL,28,23,36,1,55,NULL,'2021-09-14 13:09:12',NULL),(312,'2021-09-15','Peyronnet Roger','0645174959','Creation d\'un espace sanitaire( lavabo ,urinoir douche ,wc suspendu +radiateur)',1,0,NULL,28,19,48,4,35,NULL,'2021-09-15 08:14:08',NULL),(313,'2021-09-15','Peyronnet Roger','0645174959','Creation d\'un espace sanitaire( lavabo ,urinoir douche ,wc suspendu +radiateur)',1,0,NULL,28,19,48,4,54,NULL,'2021-09-15 08:14:08',NULL),(314,'2021-09-15','Peyronnet Roger','0645174959','Creation d\'un espace sanitaire( lavabo ,urinoir douche ,wc suspendu +radiateur)',1,0,NULL,28,19,48,4,55,NULL,'2021-09-15 08:14:08',NULL),(315,NULL,'administrateur','0640893009','Formation aux risques électriques B1V, BR limitée aux circuits monophasés.\r\n\r\nCritères d\'appréciation:\r\nQuestionnaires de 40 questions en salle de cours\r\nEvaluation pratique maquette BT:\r\nIdentification, vérification et mis en œuvre des EPI\r\nAnalyse des risques\r\nNappage\r\nRecherche d\'une panne\r\nConnexion déconnexion d\'un circuit sous tension\r\nRespect des limite du B1V ET BR\r\nRendre compte de l\'intervention\r\n',1,0,NULL,1,17,31,4,NULL,NULL,'2021-09-15 10:45:36',NULL),(316,'2021-09-06','Franck villatte','0640893009','Formation aux risques électriques B1V, BR limitée aux circuits monophasés.\r\n\r\nCritères d\'appréciation:\r\nQuestionnaires de 40 questions en salle de cours\r\nEvaluation pratique maquette BT:\r\nIdentification, vérification et mis en œuvre des EPI\r\nAnalyse des risques\r\nNappage\r\nRecherche d\'une panne\r\nConnexion déconnexion d\'un circuit sous tension\r\nRespect des limite du B1V ET BR\r\nRendre compte de l\'intervention\r\n',3,0,NULL,7,17,31,4,10,NULL,'2021-09-15 10:49:12','2021-09-15 10:52:52'),(317,'2021-09-16','Administrateur','0745821463','Réalisation d\'un plafond technique en dalles de 60x60 cm de l\'entrée de la cabine jusqu\'à la retombé.\r\nPour plus de renseignement, voir avec le demandeur.\r\n\r\nCritères d\'appréciations : \r\nPort des EPI\r\nHorizontalité et niveau du plafond\r\nMise en place de la structure métallique (porteur, entretoise)\r\nLa pose et découpe des dalles de plafond\r\nLa propreté du plafond technique (pas de trace)\r\nLa propreté des lieux\r\nL\'utilisation du matériel adapté\r\nLe compte rendu d\'intervention',2,0,'',7,1,9,4,10,NULL,'2021-09-16 15:14:45','2021-09-21 09:32:55'),(318,'2021-09-20','Goulmot Lionel','0611115817','Equiper (mitigeur, bonde et siphon) et installer un lave main axé sur votre panneau de faïence. La hauteur sera de 88cm sur sol fini.\r\nL\'évacuation EU sera réalisée en PVC diamètre 32.\r\nLes alimentations EF et EC seront réalisés en cuivre diamètre 12.\r\nVoir le formateur pour indications supplémentaires.\r\n\r\nCritères d\'appréciation:\r\nLe montage du lave main est correctement réalisé\r\nLe traçage et l\'implantation sont respectés\r\nLes colliers et emboitement des tubes PVC sont correctement positionnés et raccordés\r\nLa pente de l\'évacuation est respectée\r\nLe façonnage des alimentation en cuivre et les brasures sont correctement réalisés\r\nLa mise en pression des alimentions EC EF ne montre aucune fuite\r\nLa fiche d\'intervention est remplie et le compte rendu est correct',1,0,NULL,29,9,40,4,57,NULL,'2021-09-17 10:51:43','2021-09-19 09:14:25'),(319,'2021-09-20','Goulmot Lionel','0611115817','Equiper (mitigeur, bonde et siphon) et installer un lave main axé sur votre panneau de faïence. La hauteur sera de 88cm sur sol fini.\r\nL\'évacuation EU sera réalisée en PVC diamètre 32.\r\nLes alimentations EF et EC seront réalisés en cuivre diamètre 12.\r\nVoir le formateur pour indications supplémentaires.\r\n\r\nCritères d\'appréciation:\r\nLe montage du lave main est correctement réalisé\r\nLe traçage et l\'implantation sont respectés\r\nLes colliers et emboitement des tubes PVC sont correctement positionnés et raccordés\r\nLa pente de l\'évacuation est respectée\r\nLe façonnage des alimentation en cuivre et les brasures sont correctement réalisés\r\nLa mise en pression des alimentions EC EF ne montre aucune fuite\r\nLa fiche d\'intervention est remplie et le compte rendu est correct',2,0,NULL,29,2,40,4,61,NULL,'2021-09-17 10:51:43','2021-09-29 09:21:00'),(320,'2021-09-20','Goulmot Lionel','0611115817','Equiper (mitigeur, bonde et siphon) et installer un lave main axé sur votre panneau de faïence. La hauteur sera de 88cm sur sol fini.\r\nL\'évacuation EU sera réalisée en PVC diamètre 32.\r\nLes alimentations EF et EC seront réalisés en cuivre diamètre 12.\r\nVoir le formateur pour indications supplémentaires.\r\n\r\nCritères d\'appréciation:\r\nLe montage du lave main est correctement réalisé\r\nLe traçage et l\'implantation sont respectés\r\nLes colliers et emboitement des tubes PVC sont correctement positionnés et raccordés\r\nLa pente de l\'évacuation est respectée\r\nLe façonnage des alimentation en cuivre et les brasures sont correctement réalisés\r\nLa mise en pression des alimentions EC EF ne montre aucune fuite\r\nLa fiche d\'intervention est remplie et le compte rendu est correct',1,0,NULL,29,11,40,4,65,NULL,'2021-09-17 10:51:43','2021-09-19 09:19:14'),(321,'2021-09-20','Goulmot Lionel','0611115817','Equiper (mitigeur, bonde et siphon) et installer un lave main axé sur votre panneau de faïence. La hauteur sera de 88cm sur sol fini.\r\nL\'évacuation EU sera réalisée en PVC diamètre 32.\r\nLes alimentations EF et EC seront réalisés en cuivre diamètre 12.\r\nVoir le formateur pour indications supplémentaires.\r\n\r\nCritères d\'appréciation:\r\nLe montage du lave main est correctement réalisé\r\nLe traçage et l\'implantation sont respectés\r\nLes colliers et emboitement des tubes PVC sont correctement positionnés et raccordés\r\nLa pente de l\'évacuation est respectée\r\nLe façonnage des alimentation en cuivre et les brasures sont correctement réalisés\r\nLa mise en pression des alimentions EC EF ne montre aucune fuite\r\nLa fiche d\'intervention est remplie et le compte rendu est correct',1,0,NULL,29,16,40,4,59,NULL,'2021-09-17 10:51:43','2021-09-19 09:15:21'),(322,'2021-09-20','Goulmot Lionel','0611115817','Equiper (mitigeur, bonde et siphon) et installer un lave main axé sur votre panneau de faïence. La hauteur sera de 88cm sur sol fini.\r\nL\'évacuation EU sera réalisée en PVC diamètre 32.\r\nLes alimentations EF et EC seront réalisés en cuivre diamètre 12.\r\nVoir le formateur pour indications supplémentaires.\r\n\r\nCritères d\'appréciation:\r\nLe montage du lave main est correctement réalisé\r\nLe traçage et l\'implantation sont respectés\r\nLes colliers et emboitement des tubes PVC sont correctement positionnés et raccordés\r\nLa pente de l\'évacuation est respectée\r\nLe façonnage des alimentation en cuivre et les brasures sont correctement réalisés\r\nLa mise en pression des alimentions EC EF ne montre aucune fuite\r\nLa fiche d\'intervention est remplie et le compte rendu est correct',4,1,'Travaux conformes',29,4,40,4,58,NULL,'2021-09-17 10:51:43','2021-10-06 14:28:03'),(323,'2021-09-20','Goulmot Lionel','0611115817','Equiper (mitigeur, bonde et siphon) et installer un lave main axé sur votre panneau de faïence. La hauteur sera de 88cm sur sol fini.\r\nL\'évacuation EU sera réalisée en PVC diamètre 32.\r\nLes alimentations EF et EC seront réalisés en cuivre diamètre 12.\r\nVoir le formateur pour indications supplémentaires.\r\n\r\nCritères d\'appréciation:\r\nLe montage du lave main est correctement réalisé\r\nLe traçage et l\'implantation sont respectés\r\nLes colliers et emboitement des tubes PVC sont correctement positionnés et raccordés\r\nLa pente de l\'évacuation est respectée\r\nLe façonnage des alimentation en cuivre et les brasures sont correctement réalisés\r\nLa mise en pression des alimentions EC EF ne montre aucune fuite\r\nLa fiche d\'intervention est remplie et le compte rendu est correct',1,0,NULL,29,10,40,4,60,NULL,'2021-09-17 10:51:43','2021-09-19 09:15:49'),(324,'2021-09-20','Goulmot Lionel','0611115817','Equiper (mitigeur, bonde et siphon) et installer un lave main axé sur votre panneau de faïence. La hauteur sera de 88cm sur sol fini.\r\nL\'évacuation EU sera réalisée en PVC diamètre 32.\r\nLes alimentations EF et EC seront réalisés en cuivre diamètre 12.\r\nVoir le formateur pour indications supplémentaires.\r\n\r\nCritères d\'appréciation:\r\nLe montage du lave main est correctement réalisé\r\nLe traçage et l\'implantation sont respectés\r\nLes colliers et emboitement des tubes PVC sont correctement positionnés et raccordés\r\nLa pente de l\'évacuation est respectée\r\nLe façonnage des alimentation en cuivre et les brasures sont correctement réalisés\r\nLa mise en pression des alimentions EC EF ne montre aucune fuite\r\nLa fiche d\'intervention est remplie et le compte rendu est correct',1,0,NULL,29,3,40,4,62,NULL,'2021-09-17 10:51:43','2021-09-19 09:16:48'),(325,'2021-09-20','Goulmot Lionel','0611115817','Equiper (mitigeur, bonde et siphon) et installer un lave main axé sur votre panneau de faïence. La hauteur sera de 88cm sur sol fini.\r\nL\'évacuation EU sera réalisée en PVC diamètre 32.\r\nLes alimentations EF et EC seront réalisés en cuivre diamètre 12.\r\nVoir le formateur pour indications supplémentaires.\r\n\r\nCritères d\'appréciation:\r\nLe montage du lave main est correctement réalisé\r\nLe traçage et l\'implantation sont respectés\r\nLes colliers et emboitement des tubes PVC sont correctement positionnés et raccordés\r\nLa pente de l\'évacuation est respectée\r\nLe façonnage des alimentation en cuivre et les brasures sont correctement réalisés\r\nLa mise en pression des alimentions EC EF ne montre aucune fuite\r\nLa fiche d\'intervention est remplie et le compte rendu est correct',1,0,NULL,29,8,40,4,66,NULL,'2021-09-17 10:51:43','2021-09-19 09:19:40'),(326,'2021-09-20','Goulmot Lionel','0611115817','Equiper (mitigeur, bonde et siphon) et installer un lave main axé sur votre panneau de faïence. La hauteur sera de 88cm sur sol fini.\r\nL\'évacuation EU sera réalisée en PVC diamètre 32.\r\nLes alimentations EF et EC seront réalisés en cuivre diamètre 12.\r\nVoir le formateur pour indications supplémentaires.\r\n\r\nCritères d\'appréciation:\r\nLe montage du lave main est correctement réalisé\r\nLe traçage et l\'implantation sont respectés\r\nLes colliers et emboitement des tubes PVC sont correctement positionnés et raccordés\r\nLa pente de l\'évacuation est respectée\r\nLe façonnage des alimentation en cuivre et les brasures sont correctement réalisés\r\nLa mise en pression des alimentions EC EF ne montre aucune fuite\r\nLa fiche d\'intervention est remplie et le compte rendu est correct',2,0,NULL,29,14,40,4,32,NULL,'2021-09-17 10:51:43','2021-10-09 06:54:41'),(327,'2021-09-20','Goulmot Lionel','0611115817','Equiper (mitigeur, bonde et siphon) et installer un lave main axé sur votre panneau de faïence. La hauteur sera de 88cm sur sol fini.\r\nL\'évacuation EU sera réalisée en PVC diamètre 32.\r\nLes alimentations EF et EC seront réalisés en cuivre diamètre 12.\r\nVoir le formateur pour indications supplémentaires.\r\n\r\nCritères d\'appréciation:\r\nLe montage du lave main est correctement réalisé\r\nLe traçage et l\'implantation sont respectés\r\nLes colliers et emboitement des tubes PVC sont correctement positionnés et raccordés\r\nLa pente de l\'évacuation est respectée\r\nLe façonnage des alimentation en cuivre et les brasures sont correctement réalisés\r\nLa mise en pression des alimentions EC EF ne montre aucune fuite\r\nLa fiche d\'intervention est remplie et le compte rendu est correct',2,0,NULL,29,15,40,4,39,NULL,'2021-09-17 10:51:43','2021-09-18 10:53:37'),(328,'2021-09-20','Goulmot Lionel','0611115817','Equiper (mitigeur, bonde et siphon) et installer un lave main axé sur votre panneau de faïence. La hauteur sera de 88cm sur sol fini.\r\nL\'évacuation EU sera réalisée en PVC diamètre 32.\r\nLes alimentations EF et EC seront réalisés en cuivre diamètre 12.\r\nVoir le formateur pour indications supplémentaires.\r\n\r\nCritères d\'appréciation:\r\nLe montage du lave main est correctement réalisé\r\nLe traçage et l\'implantation sont respectés\r\nLes colliers et emboitement des tubes PVC sont correctement positionnés et raccordés\r\nLa pente de l\'évacuation est respectée\r\nLe façonnage des alimentation en cuivre et les brasures sont correctement réalisés\r\nLa mise en pression des alimentions EC EF ne montre aucune fuite\r\nLa fiche d\'intervention est remplie et le compte rendu est correct',1,0,NULL,29,13,40,4,40,NULL,'2021-09-17 10:51:43','2021-09-19 09:12:28'),(329,'2021-09-20','Goulmot Lionel','0611115817','Equiper (mitigeur, bonde et siphon) et installer un lave main axé sur votre panneau de faïence. La hauteur sera de 88cm sur sol fini.\r\nL\'évacuation EU sera réalisée en PVC diamètre 32.\r\nLes alimentations EF et EC seront réalisés en cuivre diamètre 12.\r\nVoir le formateur pour indications supplémentaires.\r\n\r\nCritères d\'appréciation:\r\nLe montage du lave main est correctement réalisé\r\nLe traçage et l\'implantation sont respectés\r\nLes colliers et emboitement des tubes PVC sont correctement positionnés et raccordés\r\nLa pente de l\'évacuation est respectée\r\nLe façonnage des alimentation en cuivre et les brasures sont correctement réalisés\r\nLa mise en pression des alimentions EC EF ne montre aucune fuite\r\nLa fiche d\'intervention est remplie et le compte rendu est correct',1,0,NULL,29,6,40,4,63,NULL,'2021-09-17 10:51:43','2021-09-19 09:17:59'),(330,'2021-09-20','Goulmot Lionel','0611115817','Equiper (mitigeur, bonde et siphon) et installer un lave main axé sur votre panneau de faïence. La hauteur sera de 88cm sur sol fini.\r\nL\'évacuation EU sera réalisée en PVC diamètre 32.\r\nLes alimentations EF et EC seront réalisés en cuivre diamètre 12.\r\nVoir le formateur pour indications supplémentaires.\r\n\r\nCritères d\'appréciation:\r\nLe montage du lave main est correctement réalisé\r\nLe traçage et l\'implantation sont respectés\r\nLes colliers et emboitement des tubes PVC sont correctement positionnés et raccordés\r\nLa pente de l\'évacuation est respectée\r\nLe façonnage des alimentation en cuivre et les brasures sont correctement réalisés\r\nLa mise en pression des alimentions EC EF ne montre aucune fuite\r\nLa fiche d\'intervention est remplie et le compte rendu est correct',2,0,'',29,12,40,4,64,NULL,'2021-09-17 10:51:43','2021-10-09 17:13:31'),(331,'2021-09-20','Lionel Goulmot','0611115817','Réalisation d\'un plafond autoportant en plaque de plâtre sur ossature métallique (rails et montants)avec une retombée et un poteau au bord du panneau OSB.\r\nLe plafond se situe entre la retombée et le fond de la cabine.\r\nLa hauteur sous plafond est de 240cm sol brut.\r\nRéaliser les joints de finition.\r\n\r\nCritères d\'appréciations :\r\nPort des EPI\r\nUtilisation du matériel adapté\r\nPropreté du travail et des locaux\r\nHorizontalité et planéité du plafond\r\nRespect des normes de pose de l\'ossature métallique\r\nFinition des bandes\r\nLe compte rendu d\'intervention',1,0,NULL,29,5,4,4,67,NULL,'2021-09-19 09:22:35','2021-09-20 11:43:35'),(333,'2021-09-20','Goulmot Lionel','0611115817','Comme vu ensemble, remplacer 4 carreaux de grès émaillé.\r\nRéaliser les joints gris',4,1,'Travaux conformes',29,10,21,4,60,NULL,'2021-09-20 14:00:54','2021-10-05 07:26:34'),(334,'2021-09-20','Goulmot Lionel','0611115817','Comme vu sur site, reboucher au sol 3 trous dans les cabine des soudeur. ',1,0,NULL,29,54,21,4,60,NULL,'2021-09-20 14:40:37',NULL),(335,'2021-09-22','Goulmot Lionel','0611115817','Sur toile de verre, 2 raccords à faire et recoller toile de verre  sur support dégradé',4,1,'Travaux conformes',29,15,26,4,39,NULL,'2021-09-22 10:46:24','2021-09-27 14:08:01'),(336,'2021-09-22','Goulmot Lionel','0611115817','Changer 2 carreaux céramique dégradé',1,0,NULL,29,15,21,4,39,NULL,'2021-09-22 10:48:49',NULL),(337,'2021-09-21','Goulmot Lionel','0611115817','refaire ou reprendre les joints de finition sur des supports dégradés (murs et plafond)',1,0,NULL,29,3,24,1,62,NULL,'2021-09-23 07:55:10',NULL),(338,'2021-09-21','Goulmot Lionel','0611115817','refaire ou reprendre les joints de finition sur des supports dégradés (murs et plafond)',1,0,NULL,29,6,24,1,63,NULL,'2021-09-23 07:55:10','2021-09-23 07:55:44'),(339,'2021-09-23','Administrateur','0745821463','Réalisation d\'un plafond technique en dalles de 60x60 cm de l\'entrée de la cabine jusqu\'à la retombé.\r\nPour plus de renseignement, voir avec le demandeur.\r\n\r\nCritères d\'appréciations : \r\nPort des EPI\r\nHorizontalité et niveau du plafond\r\nMise en place de la structure métallique (porteur, entretoise)\r\nLa pose et découpe des dalles de plafond\r\nLa propreté du plafond technique (pas de trace)\r\nLa propreté des lieux\r\nL\'utilisation du matériel adapté\r\nLe compte rendu d\'intervention',3,0,NULL,7,1,9,4,10,NULL,'2021-09-23 11:14:50','2021-09-23 11:19:06'),(340,'2021-09-23','Goulmot Lionel','0611115817','Reprendre le plafond dégradé et repeindre',4,1,'Intervention conforme',29,16,22,4,59,NULL,'2021-09-23 11:31:39','2021-10-09 15:25:46'),(341,'2021-09-23','Goulmot Lionel','0611115817','Sur mur, 2 recoller toile de verre  et l\'intissé',4,1,'Travaux conformes',29,16,26,4,59,NULL,'2021-09-23 11:33:02','2021-10-06 15:36:02'),(342,'2021-09-23','Goulmot Lionel','0611115817','Changer 1 carreau céramique dégradé',3,0,'',29,16,21,4,59,NULL,'2021-09-23 11:33:56','2021-10-11 09:09:50'),(343,'2021-09-13','Lionel Goulmot','0611115817','Peinture du plafond en plaque de plâtre de la cabine.\r\n\r\nCritères d\'appréciations : \r\n\r\nChoix de la peinture\r\nLa mise en place de protection\r\nLa propreté des lieux de l\'exécution de l\'intervention\r\nPas de coup de rouleau apparent\r\nLa qualité des réchampi\r\nLe nettoyage des outils',1,0,NULL,29,11,13,4,65,NULL,'2021-09-23 14:22:11',NULL),(344,'2021-09-22','Goulmot Lionel','0611115817','recoller toile de verre  sur support dégradé\r\nRefaire passage d\'une cueillie verticale avec de l\'intissé',1,0,NULL,29,11,26,4,65,NULL,'2021-09-23 16:12:35',NULL),(345,'2021-09-22','Goulmot Lionel','0611115817','Changer 1 carreau céramique dégradé',1,0,NULL,29,11,21,4,65,NULL,'2021-09-23 16:13:48',NULL),(346,'2021-09-23','Goulmot Lionel','0611115817','Reprendre le plafond dégradé et repeindre',1,0,NULL,29,11,22,4,65,NULL,'2021-09-23 16:14:45',NULL),(347,'2021-09-23','Gonthier François','0645187496','Répondre au questionnaire de 22 questions que vous a transmis votre formateur.\r\nVous avez 30 minutes pour répondre.\r\nLes réponses sont a déposé dans le compte rendu d\'intervention.\r\n\r\nExemple : \r\n1) A\r\n2) A et B\r\n…\r\n\r\nCritère d\'appréciation :\r\n\r\nAu minimum 17 réponses justes pour validation de la fiche\r\n',1,0,NULL,30,23,1,4,78,NULL,'2021-09-23 16:32:59','2021-09-23 16:39:24'),(348,'2021-09-23','Gonthier François','0645187496','Répondre au questionnaire de 22 questions que vous a transmis votre formateur.\r\nVous avez 30 minutes pour répondre.\r\nLes réponses sont a déposé dans le compte rendu d\'intervention.\r\n\r\nExemple : \r\n1) A\r\n2) A et B\r\n…\r\n\r\nCritère d\'appréciation :\r\n\r\nAu minimum 17 réponses justes pour validation de la fiche\r\n',1,0,NULL,30,23,1,4,75,NULL,'2021-09-23 16:39:44',NULL),(349,'2021-09-23','Gonthier François','0645187496','Répondre au questionnaire de 22 questions que vous a transmis votre formateur.\r\nVous avez 30 minutes pour répondre.\r\nLes réponses sont a déposé dans le compte rendu d\'intervention.\r\n\r\nExemple : \r\n1) A\r\n2) A et B\r\n…\r\n\r\nCritère d\'appréciation :\r\n\r\nAu minimum 17 réponses justes pour validation de la fiche\r\n',1,0,NULL,30,23,1,4,76,NULL,'2021-09-23 16:40:02',NULL),(350,'2021-09-23','Gonthier François','0645187496','Répondre au questionnaire de 22 questions que vous a transmis votre formateur.\r\nVous avez 30 minutes pour répondre.\r\nLes réponses sont a déposé dans le compte rendu d\'intervention.\r\n\r\nExemple : \r\n1) A\r\n2) A et B\r\n…\r\n\r\nCritère d\'appréciation :\r\n\r\nAu minimum 17 réponses justes pour validation de la fiche\r\n',1,0,NULL,30,23,1,4,77,NULL,'2021-09-23 16:40:39',NULL),(351,'2021-09-23','Gonthier François','0645187496','Répondre au questionnaire de 22 questions que vous a transmis votre formateur.\r\nVous avez 30 minutes pour répondre.\r\nLes réponses sont a déposé dans le compte rendu d\'intervention.\r\n\r\nExemple : \r\n1) A\r\n2) A et B\r\n…\r\n\r\nCritère d\'appréciation :\r\n\r\nAu minimum 17 réponses justes pour validation de la fiche\r\n',1,0,NULL,30,23,1,4,73,NULL,'2021-09-23 16:41:01',NULL),(352,'2021-09-23','Gonthier François','0645187496','Répondre au questionnaire de 22 questions que vous a transmis votre formateur.\r\nVous avez 30 minutes pour répondre.\r\nLes réponses sont a déposé dans le compte rendu d\'intervention.\r\n\r\nExemple : \r\n1) A\r\n2) A et B\r\n…\r\n\r\nCritère d\'appréciation :\r\n\r\nAu minimum 17 réponses justes pour validation de la fiche\r\n',1,0,NULL,30,23,1,4,74,NULL,'2021-09-23 16:41:49',NULL),(353,'2021-09-20','Goulmot Lionel','0611115817','Sur le panneau OSB, réaliser un circuit prise, un circuit éclairage en applique commandé par un interrupteur simple allumage (voir plan et consignes). Ces circuits seront raccordés dans un tableau électrique comportant 1 inter différentiel et 4 disjoncteurs divisionnaires. 2 départs seront créer vers la boite de dérivation et 1 départ restera en attente en haut de la cloison. Réaliser le schéma unifilaire du tableau électrique.\r\nTRAVAUX HORS TENSION La mise sous tension se fera avec le formateur.\r\n\r\nCritères d\'appréciation:\r\nPort des EPI \r\nLes conduits et les conducteurs sont dimensionnés correctement et les couleurs sont respectées;\r\nLes côtes fournies sont respectées;\r\nLes boitiers sont correctement fixés;\r\nLes appareillages sont correctement raccordés (pas de PNST) et installés de niveau;\r\nDans le tableau électrique, les conducteurs sont correctement façonnés et raccordés (pas de PNST);\r\nLes circuits fonctionnent.\r\n',1,0,NULL,29,5,30,4,67,NULL,'2021-09-25 09:32:16','2021-09-25 09:33:02'),(354,'2021-09-20','Goulmot Lionel','0611115817','Sur le panneau OSB, réaliser un circuit prise, un circuit éclairage en applique commandé par un interrupteur simple allumage (voir plan et consignes). Ces circuits seront raccordés dans un tableau électrique comportant 1 inter différentiel et 4 disjoncteurs divisionnaires. 2 départs seront créer vers la boite de dérivation et 1 départ restera en attente en haut de la cloison. Réaliser le schéma unifilaire du tableau électrique.\r\nTRAVAUX HORS TENSION La mise sous tension se fera avec le formateur.\r\n\r\nCritères d\'appréciation:\r\nPort des EPI \r\nLes conduits et les conducteurs sont dimensionnés correctement et les couleurs sont respectées;\r\nLes côtes fournies sont respectées;\r\nLes boitiers sont correctement fixés;\r\nLes appareillages sont correctement raccordés (pas de PNST) et installés de niveau;\r\nDans le tableau électrique, les conducteurs sont correctement façonnés et raccordés (pas de PNST);\r\nLes circuits fonctionnent.\r\n',4,1,'Travaux conformes',29,1,30,4,52,NULL,'2021-09-25 09:32:16','2021-10-02 08:47:29'),(355,'2021-09-27','Goulmot Lionel','0611115817','Installer un WC sur le sol PVC adossé à la cloison du local technique.\r\nL\'évacuation EU sera réalisée en PVC diamètre 100.\r\nL\'alimentation EF sera réalisée en cuivre diamètre 12.\r\nVoir le formateur pour indications supplémentaires.\r\n\r\nCritères d\'appréciation:\r\nLe montage du WC est correctement réalisé\r\nLe traçage et l\'implantation sont respectés\r\nLes colliers et emboitement des tubes PVC sont correctement positionnés et raccordés\r\nLa pente de l\'évacuation est respectée\r\nLe façonnage de l\'alimentation en cuivre et les brasures sont correctement réalisés\r\nLa mise en pression des alimentions EC EF ne montre aucune fuite\r\nLa fiche d\'intervention est remplie et le compte rendu est correct',1,0,NULL,29,9,40,4,57,NULL,'2021-09-25 09:39:19','2021-09-25 09:41:52'),(356,'2021-09-27','Goulmot Lionel','0611115817','Installer un WC sur le sol PVC adossé à la cloison du local technique.\r\nL\'évacuation EU sera réalisée en PVC diamètre 100.\r\nL\'alimentation EF sera réalisée en cuivre diamètre 12.\r\nVoir le formateur pour indications supplémentaires.\r\n\r\nCritères d\'appréciation:\r\nLe montage du WC est correctement réalisé\r\nLe traçage et l\'implantation sont respectés\r\nLes colliers et emboitement des tubes PVC sont correctement positionnés et raccordés\r\nLa pente de l\'évacuation est respectée\r\nLe façonnage de l\'alimentation en cuivre et les brasures sont correctement réalisés\r\nLa mise en pression des alimentions EC EF ne montre aucune fuite\r\nLa fiche d\'intervention est remplie et le compte rendu est correct',2,0,NULL,29,2,40,4,61,NULL,'2021-09-25 09:39:19','2021-09-29 09:24:05'),(357,'2021-09-27','Goulmot Lionel','0611115817','Installer un WC sur le sol PVC adossé à la cloison du local technique.\r\nL\'évacuation EU sera réalisée en PVC diamètre 100.\r\nL\'alimentation EF sera réalisée en cuivre diamètre 12.\r\nVoir le formateur pour indications supplémentaires.\r\n\r\nCritères d\'appréciation:\r\nLe montage du WC est correctement réalisé\r\nLe traçage et l\'implantation sont respectés\r\nLes colliers et emboitement des tubes PVC sont correctement positionnés et raccordés\r\nLa pente de l\'évacuation est respectée\r\nLe façonnage de l\'alimentation en cuivre et les brasures sont correctement réalisés\r\nLa mise en pression des alimentions EC EF ne montre aucune fuite\r\nLa fiche d\'intervention est remplie et le compte rendu est correct',1,0,NULL,29,11,40,4,65,NULL,'2021-09-25 09:39:19','2021-09-25 09:45:44'),(358,'2021-09-27','Goulmot Lionel','0611115817','Installer un WC sur le sol PVC adossé à la cloison du local technique.\r\nL\'évacuation EU sera réalisée en PVC diamètre 100.\r\nL\'alimentation EF sera réalisée en cuivre diamètre 12.\r\nVoir le formateur pour indications supplémentaires.\r\n\r\nCritères d\'appréciation:\r\nLe montage du WC est correctement réalisé\r\nLe traçage et l\'implantation sont respectés\r\nLes colliers et emboitement des tubes PVC sont correctement positionnés et raccordés\r\nLa pente de l\'évacuation est respectée\r\nLe façonnage de l\'alimentation en cuivre et les brasures sont correctement réalisés\r\nLa mise en pression des alimentions EC EF ne montre aucune fuite\r\nLa fiche d\'intervention est remplie et le compte rendu est correct',1,0,NULL,29,16,40,4,59,NULL,'2021-09-25 09:39:19','2021-09-25 09:42:47'),(359,'2021-09-27','Goulmot Lionel','0611115817','Installer un WC sur le sol PVC adossé à la cloison du local technique.\r\nL\'évacuation EU sera réalisée en PVC diamètre 100.\r\nL\'alimentation EF sera réalisée en cuivre diamètre 12.\r\nVoir le formateur pour indications supplémentaires.\r\n\r\nCritères d\'appréciation:\r\nLe montage du WC est correctement réalisé\r\nLe traçage et l\'implantation sont respectés\r\nLes colliers et emboitement des tubes PVC sont correctement positionnés et raccordés\r\nLa pente de l\'évacuation est respectée\r\nLe façonnage de l\'alimentation en cuivre et les brasures sont correctement réalisés\r\nLa mise en pression des alimentions EC EF ne montre aucune fuite\r\nLa fiche d\'intervention est remplie et le compte rendu est correct',1,0,NULL,29,4,40,4,58,NULL,'2021-09-25 09:39:19','2021-09-25 09:42:20'),(360,'2021-09-27','Goulmot Lionel','0611115817','Installer un WC sur le sol PVC adossé à la cloison du local technique.\r\nL\'évacuation EU sera réalisée en PVC diamètre 100.\r\nL\'alimentation EF sera réalisée en cuivre diamètre 12.\r\nVoir le formateur pour indications supplémentaires.\r\n\r\nCritères d\'appréciation:\r\nLe montage du WC est correctement réalisé\r\nLe traçage et l\'implantation sont respectés\r\nLes colliers et emboitement des tubes PVC sont correctement positionnés et raccordés\r\nLa pente de l\'évacuation est respectée\r\nLe façonnage de l\'alimentation en cuivre et les brasures sont correctement réalisés\r\nLa mise en pression des alimentions EC EF ne montre aucune fuite\r\nLa fiche d\'intervention est remplie et le compte rendu est correct',1,0,NULL,29,10,40,4,60,NULL,'2021-09-25 09:39:19','2021-09-25 09:43:16'),(361,'2021-09-27','Goulmot Lionel','0611115817','Installer un WC sur le sol PVC adossé à la cloison du local technique.\r\nL\'évacuation EU sera réalisée en PVC diamètre 100.\r\nL\'alimentation EF sera réalisée en cuivre diamètre 12.\r\nVoir le formateur pour indications supplémentaires.\r\n\r\nCritères d\'appréciation:\r\nLe montage du WC est correctement réalisé\r\nLe traçage et l\'implantation sont respectés\r\nLes colliers et emboitement des tubes PVC sont correctement positionnés et raccordés\r\nLa pente de l\'évacuation est respectée\r\nLe façonnage de l\'alimentation en cuivre et les brasures sont correctement réalisés\r\nLa mise en pression des alimentions EC EF ne montre aucune fuite\r\nLa fiche d\'intervention est remplie et le compte rendu est correct',1,0,NULL,29,3,40,4,62,NULL,'2021-09-25 09:39:19','2021-09-25 09:44:24'),(362,'2021-09-27','Goulmot Lionel','0611115817','Installer un WC sur le sol PVC adossé à la cloison du local technique.\r\nL\'évacuation EU sera réalisée en PVC diamètre 100.\r\nL\'alimentation EF sera réalisée en cuivre diamètre 12.\r\nVoir le formateur pour indications supplémentaires.\r\n\r\nCritères d\'appréciation:\r\nLe montage du WC est correctement réalisé\r\nLe traçage et l\'implantation sont respectés\r\nLes colliers et emboitement des tubes PVC sont correctement positionnés et raccordés\r\nLa pente de l\'évacuation est respectée\r\nLe façonnage de l\'alimentation en cuivre et les brasures sont correctement réalisés\r\nLa mise en pression des alimentions EC EF ne montre aucune fuite\r\nLa fiche d\'intervention est remplie et le compte rendu est correct',1,0,NULL,29,8,40,4,66,NULL,'2021-09-25 09:39:19','2021-09-25 09:46:08'),(363,'2021-09-27','Goulmot Lionel','0611115817','Installer un WC sur le sol PVC adossé à la cloison du local technique.\r\nL\'évacuation EU sera réalisée en PVC diamètre 100.\r\nL\'alimentation EF sera réalisée en cuivre diamètre 12.\r\nVoir le formateur pour indications supplémentaires.\r\n\r\nCritères d\'appréciation:\r\nLe montage du WC est correctement réalisé\r\nLe traçage et l\'implantation sont respectés\r\nLes colliers et emboitement des tubes PVC sont correctement positionnés et raccordés\r\nLa pente de l\'évacuation est respectée\r\nLe façonnage de l\'alimentation en cuivre et les brasures sont correctement réalisés\r\nLa mise en pression des alimentions EC EF ne montre aucune fuite\r\nLa fiche d\'intervention est remplie et le compte rendu est correct',2,0,NULL,29,14,40,4,32,NULL,'2021-09-25 09:39:19','2021-10-09 06:51:09'),(365,'2021-09-27','Goulmot Lionel','0611115817','Installer un WC sur le sol PVC adossé à la cloison du local technique.\r\nL\'évacuation EU sera réalisée en PVC diamètre 100.\r\nL\'alimentation EF sera réalisée en cuivre diamètre 12.\r\nVoir le formateur pour indications supplémentaires.\r\n\r\nCritères d\'appréciation:\r\nLe montage du WC est correctement réalisé\r\nLe traçage et l\'implantation sont respectés\r\nLes colliers et emboitement des tubes PVC sont correctement positionnés et raccordés\r\nLa pente de l\'évacuation est respectée\r\nLe façonnage de l\'alimentation en cuivre et les brasures sont correctement réalisés\r\nLa mise en pression des alimentions EC EF ne montre aucune fuite\r\nLa fiche d\'intervention est remplie et le compte rendu est correct',1,0,NULL,29,15,40,4,39,NULL,'2021-09-25 09:39:19','2021-09-25 09:41:07'),(366,'2021-09-27','Goulmot Lionel','0611115817','Installer un WC sur le sol PVC adossé à la cloison du local technique.\r\nL\'évacuation EU sera réalisée en PVC diamètre 100.\r\nL\'alimentation EF sera réalisée en cuivre diamètre 12.\r\nVoir le formateur pour indications supplémentaires.\r\n\r\nCritères d\'appréciation:\r\nLe montage du WC est correctement réalisé\r\nLe traçage et l\'implantation sont respectés\r\nLes colliers et emboitement des tubes PVC sont correctement positionnés et raccordés\r\nLa pente de l\'évacuation est respectée\r\nLe façonnage de l\'alimentation en cuivre et les brasures sont correctement réalisés\r\nLa mise en pression des alimentions EC EF ne montre aucune fuite\r\nLa fiche d\'intervention est remplie et le compte rendu est correct',1,0,NULL,29,13,40,4,40,NULL,'2021-09-25 09:39:19','2021-09-25 09:41:26'),(367,'2021-09-27','Goulmot Lionel','0611115817','Installer un WC sur le sol PVC adossé à la cloison du local technique.\r\nL\'évacuation EU sera réalisée en PVC diamètre 100.\r\nL\'alimentation EF sera réalisée en cuivre diamètre 12.\r\nVoir le formateur pour indications supplémentaires.\r\n\r\nCritères d\'appréciation:\r\nLe montage du WC est correctement réalisé\r\nLe traçage et l\'implantation sont respectés\r\nLes colliers et emboitement des tubes PVC sont correctement positionnés et raccordés\r\nLa pente de l\'évacuation est respectée\r\nLe façonnage de l\'alimentation en cuivre et les brasures sont correctement réalisés\r\nLa mise en pression des alimentions EC EF ne montre aucune fuite\r\nLa fiche d\'intervention est remplie et le compte rendu est correct',1,0,NULL,29,6,40,4,63,NULL,'2021-09-25 09:39:19','2021-09-25 09:44:56'),(368,'2021-09-27','Goulmot Lionel','0611115817','Installer un WC sur le sol PVC adossé à la cloison du local technique.\r\nL\'évacuation EU sera réalisée en PVC diamètre 100.\r\nL\'alimentation EF sera réalisée en cuivre diamètre 12.\r\nVoir le formateur pour indications supplémentaires.\r\n\r\nCritères d\'appréciation:\r\nLe montage du WC est correctement réalisé\r\nLe traçage et l\'implantation sont respectés\r\nLes colliers et emboitement des tubes PVC sont correctement positionnés et raccordés\r\nLa pente de l\'évacuation est respectée\r\nLe façonnage de l\'alimentation en cuivre et les brasures sont correctement réalisés\r\nLa mise en pression des alimentions EC EF ne montre aucune fuite\r\nLa fiche d\'intervention est remplie et le compte rendu est correct',2,0,'',29,12,40,4,64,NULL,'2021-09-25 09:39:19','2021-10-09 17:16:30'),(369,'2021-09-27','Administrateur','0745821463','Réalisation d\'un plafond technique en dalles de 60x60 cm de l\'entrée de la cabine jusqu\'à la retombé.\r\nPour plus de renseignement, voir avec le demandeur.\r\n\r\nCritères d\'appréciations : \r\nPort des EPI\r\nHorizontalité et niveau du plafond\r\nMise en place de la structure métallique (porteur, entretoise)\r\nLa pose et découpe des dalles de plafond\r\nLa propreté du plafond technique (pas de trace)\r\nLa propreté des lieux\r\nL\'utilisation du matériel adapté\r\nLe compte rendu d\'intervention',2,0,'',7,1,9,4,10,NULL,'2021-09-27 14:07:00','2021-10-12 09:23:25'),(370,'2021-09-27','Goulmot Lionel','0611115817','Révision d\'enduit sur un plafond dégradé',4,1,'Travaux conformes',29,14,13,4,32,NULL,'2021-09-27 16:04:48','2021-10-06 14:48:55'),(371,'2021-09-28','Villatte Franck','0640893009','Réalisation d\'une cloison de distribution en plaque de plâtre sur ossature métallique.\r\nCloison en L avec inclusion d\'un bloc porte.\r\nL\'emplacement et les dimensions sont fournis par le formateur.\r\n\r\nCritères d\'appréciations :\r\nRespect de l\'emplacement de la cloison, de la porte\r\nRespect des dimensions\r\nL\'aplomb des cloisons\r\nLe bon positionnement des montants\r\nLes découpes des plaques de plâtre\r\nLes points de vissages des plaques de plâtre\r\nL\'aplomb de la porte\r\nLa fermeture correcte de la porte\r\nLe port des EPI\r\nLa propreté des lieux\r\nL\'utilisation d\'outils adaptés\r\nL\'établissement du compte rendu sur la fiche d\'intervention',4,1,'Conforme aux exigences.\r\n\r\nUn ressenti personnel manque : travail compliqué, je n\'ai eu aucun souci, ...',7,4,3,4,71,NULL,'2021-09-28 12:37:54','2021-09-29 10:32:25'),(372,'2021-09-28','Villatte Franck','0640893009','Réalisation d\'une cloison de distribution en plaque de plâtre sur ossature métallique.\r\nCloison en L avec inclusion d\'un bloc porte.\r\nL\'emplacement et les dimensions sont fournis par le formateur.\r\n\r\nCritères d\'appréciations :\r\nRespect de l\'emplacement de la cloison, de la porte\r\nRespect des dimensions\r\nL\'aplomb des cloisons\r\nLe bon positionnement des montants\r\nLes découpes des plaques de plâtre\r\nLes points de vissages des plaques de plâtre\r\nL\'aplomb de la porte\r\nLa fermeture correcte de la porte\r\nLe port des EPI\r\nLa propreté des lieux\r\nL\'utilisation d\'outils adaptés\r\nL\'établissement du compte rendu sur la fiche d\'intervention',2,0,'',7,4,3,4,70,NULL,'2021-09-28 12:38:31','2021-09-29 10:38:18'),(373,'2021-09-28','Villatte Franck','0640893009','Réalisation d\'une cloison de distribution en plaque de plâtre sur ossature métallique.\r\nCloison en L avec inclusion d\'un bloc porte.\r\nL\'emplacement et les dimensions sont fournis par le formateur.\r\n\r\nCritères d\'appréciations :\r\nRespect de l\'emplacement de la cloison, de la porte\r\nRespect des dimensions\r\nL\'aplomb des cloisons\r\nLe bon positionnement des montants\r\nLes découpes des plaques de plâtre\r\nLes points de vissages des plaques de plâtre\r\nL\'aplomb de la porte\r\nLa fermeture correcte de la porte\r\nLe port des EPI\r\nLa propreté des lieux\r\nL\'utilisation d\'outils adaptés\r\nL\'établissement du compte rendu sur la fiche d\'intervention',4,1,'Bravo pour la description\r\n\r\nBesoin d\'en savoir plus sur comment tu as vécu le travail réalisé (difficultés, facile, pas de soucis particulier, bonne entente avec les collègues)',7,4,3,4,72,NULL,'2021-09-28 12:38:53','2021-09-29 10:42:30'),(374,'2021-09-28','Villatte Franck','0640893009','Réalisation d\'une retombée et d\'une cloison de séparation en plaque de plâtre sur ossature métallique.\r\nDimensions et emplacement suivant les consignes du formateur.\r\n\r\nCritères d\'appréciations :\r\n\r\nRespect de l\'emplacement\r\nRespect des dimensions\r\nL\'aplomb\r\nle port des EPI\r\nL\'emploi des outils adaptés\r\nLe compte rendu d\'intervention\r\nLa propreté du travail et des locaux',4,1,'Conforme.\r\nDescription correct',7,4,5,4,71,NULL,'2021-09-28 12:39:59','2021-09-29 10:33:53'),(375,'2021-09-28','Villatte Franck','0640893009','Réalisation d\'une retombée et d\'une cloison de séparation en plaque de plâtre sur ossature métallique.\r\nDimensions et emplacement suivant les consignes du formateur.\r\n\r\nCritères d\'appréciations :\r\n\r\nRespect de l\'emplacement\r\nRespect des dimensions\r\nL\'aplomb\r\nle port des EPI\r\nL\'emploi des outils adaptés\r\nLe compte rendu d\'intervention\r\nLa propreté du travail et des locaux',2,0,'',7,4,5,4,70,NULL,'2021-09-28 12:40:15','2021-09-29 10:38:52'),(376,'2021-09-28','Villatte Franck','0640893009','Réalisation d\'une retombée et d\'une cloison de séparation en plaque de plâtre sur ossature métallique.\r\nDimensions et emplacement suivant les consignes du formateur.\r\n\r\nCritères d\'appréciations :\r\n\r\nRespect de l\'emplacement\r\nRespect des dimensions\r\nL\'aplomb\r\nle port des EPI\r\nL\'emploi des outils adaptés\r\nLe compte rendu d\'intervention\r\nLa propreté du travail et des locaux',4,1,'Conforme aux exigences.\r\n\r\nJe note la plus value concernant le tri des déchets',7,4,5,4,72,NULL,'2021-09-28 12:40:29','2021-09-29 10:44:12'),(377,'2021-09-28','Villatte Franck','0640893009','Réalisation d\'une retombée de 20 cm sur le devant de la cabine, largeur : 1,75 ml.\r\nPour plus de renseignements contacter le demandeur.\r\n\r\nCritères d\'appréciations :\r\nLe port des EPI\r\nRespect de l\'emplacement et des dimensions\r\nLes coupes des plaques de plâtre\r\nLe montage de l\'ossature métallique\r\nLe balisage de la zone d\'intervention\r\nLe compte rendu d\'intervention',4,1,'Conforme',7,4,5,4,71,NULL,'2021-09-28 12:41:29','2021-09-29 10:35:49'),(378,'2021-09-28','Villatte Franck','0640893009','Réalisation d\'une retombée de 20 cm sur le devant de la cabine, largeur : 1,75 ml.\r\nPour plus de renseignements contacter le demandeur.\r\n\r\nCritères d\'appréciations :\r\nLe port des EPI\r\nRespect de l\'emplacement et des dimensions\r\nLes coupes des plaques de plâtre\r\nLe montage de l\'ossature métallique\r\nLe balisage de la zone d\'intervention\r\nLe compte rendu d\'intervention',2,0,'',7,4,5,4,70,NULL,'2021-09-28 12:41:45','2021-09-29 10:39:26'),(379,'2021-09-28','Villatte Franck','0640893009','Réalisation d\'une retombée de 20 cm sur le devant de la cabine, largeur : 1,75 ml.\r\nPour plus de renseignements contacter le demandeur.\r\n\r\nCritères d\'appréciations :\r\nLe port des EPI\r\nRespect de l\'emplacement et des dimensions\r\nLes coupes des plaques de plâtre\r\nLe montage de l\'ossature métallique\r\nLe balisage de la zone d\'intervention\r\nLe compte rendu d\'intervention',4,1,'Conforme aux exigences',7,4,5,4,72,NULL,'2021-09-28 12:42:02','2021-09-29 10:45:17'),(380,'2021-09-28','Villatte Franck','0640893009','Réalisation d\'un plafond en plaque de plâtre sur ossature métallique (rails et montants).\r\nLe plafond se situe entre la retombée et le fond de la cabine.\r\nLa hauteur sous plafond est à déterminée avec le formateur.\r\n\r\nCritères d\'appréciations :\r\nPort des EPI\r\nUtilisation du matériel adapté\r\nPropreté du travail et des locaux\r\nHorizontalité du plafond\r\nRespect des normes de pose de l\'ossature métallique\r\nLe compte rendu d\'intervention',4,1,'Conforme',7,4,4,4,71,NULL,'2021-09-28 12:43:18','2021-09-29 10:36:29'),(381,'2021-09-28','Villatte Franck','0640893009','Réalisation d\'un plafond en plaque de plâtre sur ossature métallique (rails et montants).\r\nLe plafond se situe entre la retombée et le fond de la cabine.\r\nLa hauteur sous plafond est à déterminée avec le formateur.\r\n\r\nCritères d\'appréciations :\r\nPort des EPI\r\nUtilisation du matériel adapté\r\nPropreté du travail et des locaux\r\nHorizontalité du plafond\r\nRespect des normes de pose de l\'ossature métallique\r\nLe compte rendu d\'intervention',2,0,'',7,4,4,4,70,NULL,'2021-09-28 12:43:32','2021-09-29 10:39:53'),(382,'2021-09-28','Villatte Franck','0640893009','Réalisation d\'un plafond en plaque de plâtre sur ossature métallique (rails et montants).\r\nLe plafond se situe entre la retombée et le fond de la cabine.\r\nLa hauteur sous plafond est à déterminée avec le formateur.\r\n\r\nCritères d\'appréciations :\r\nPort des EPI\r\nUtilisation du matériel adapté\r\nPropreté du travail et des locaux\r\nHorizontalité du plafond\r\nRespect des normes de pose de l\'ossature métallique\r\nLe compte rendu d\'intervention',4,1,'Compétences acquises',7,4,4,4,72,NULL,'2021-09-28 12:43:51','2021-09-29 10:46:40'),(383,'2021-09-28','Administrateur','0640893009','Construction d\'une gaine technique en plaque de plâtre sur ossature métallique.\r\nDimensions : 30 cm x 15 cm; hauteur : du sol au plafond\r\nSituation : au fond de la cabine a droite\r\n\r\nCritères d\'appréciations :\r\nPort des EPI\r\nRespect des dimensions\r\nL\'aplomb\r\nPropreté des lieux\r\nLe compte rendu d\'intervention',3,0,NULL,7,4,5,4,71,NULL,'2021-09-28 12:45:59','2021-09-29 15:44:38'),(384,'2021-09-28','Administrateur','0640893009','Construction d\'une gaine technique en plaque de plâtre sur ossature métallique.\r\nDimensions : 30 cm x 15 cm; hauteur : du sol au plafond\r\nSituation : au fond de la cabine a droite\r\n\r\nCritères d\'appréciations :\r\nPort des EPI\r\nRespect des dimensions\r\nL\'aplomb\r\nPropreté des lieux\r\nLe compte rendu d\'intervention',2,0,'',7,4,5,4,70,NULL,'2021-09-28 12:46:14','2021-09-29 10:37:24'),(385,'2021-09-28','Administrateur','0640893009','Construction d\'une gaine technique en plaque de plâtre sur ossature métallique.\r\nDimensions : 30 cm x 15 cm; hauteur : du sol au plafond\r\nSituation : au fond de la cabine a droite\r\n\r\nCritères d\'appréciations :\r\nPort des EPI\r\nRespect des dimensions\r\nL\'aplomb\r\nPropreté des lieux\r\nLe compte rendu d\'intervention',3,0,NULL,7,4,5,4,72,NULL,'2021-09-28 12:46:31','2021-09-29 21:33:05'),(386,'2021-09-28','Goulmot Lionel','0611115817','Sur intissé, 1 lé à changer sur support dégradé',4,1,'Intervention conforme',29,4,26,4,58,NULL,'2021-09-28 14:01:23','2021-10-06 14:28:36'),(387,'2021-09-28','Goulmot Lionel','0611115817','Changer 1 carreau céramique dégradé',1,0,NULL,29,4,21,4,58,NULL,'2021-09-28 14:02:30',NULL),(388,'2021-09-28','Administrateur','0745821463','Réalisation d\'un plafond technique en dalles de 60x60 cm de l\'entrée de la cabine jusqu\'à la retombé.\r\nPour plus de renseignement, voir avec le demandeur.\r\n\r\nCritères d\'appréciations : \r\nPort des EPI\r\nHorizontalité et niveau du plafond\r\nMise en place de la structure métallique (porteur, entretoise)\r\nLa pose et découpe des dalles de plafond\r\nLa propreté du plafond technique (pas de trace)\r\nLa propreté des lieux\r\nL\'utilisation du matériel adapté\r\nLe compte rendu d\'intervention',4,1,'poi',7,1,9,4,10,NULL,'2021-09-28 16:35:34','2021-10-12 09:22:50'),(389,'2021-09-29','Goulmot Lionel','0611115817','Changer 1 carreau céramique dégradé',1,0,NULL,29,8,21,4,66,NULL,'2021-09-29 08:57:55',NULL),(390,'2021-09-28','Goulmot Lionel','0611115817','Changer 1 carreau céramique dégradé',1,0,NULL,29,14,21,4,32,NULL,'2021-09-29 09:11:37',NULL),(391,'2021-09-29','Goulmot Lionel','0611115817','Reprendre passage de cueillie sur revêtement intissé',1,0,NULL,29,13,26,4,40,NULL,'2021-09-29 11:50:26',NULL),(392,'2021-09-28','Gonthier Francois','0645187496','Remplacement de deux cuvettes de WC ainsi que les mécanismes des réservoirs. Attention raccordement sur évacuations en fonte.\r\n\r\nLes points suivants seront respectés:\r\n-La cause du dysfonctionnement est diagnostiquée\r\n-Le mode opératoire bien établi\r\n-Le matériel utilisé adéquate\r\n-Le dépannage correctement réalisé\r\n-Le nettoyage correctement réalisé\r\n-la remise en service total ou partielle bien réalisée\r\n-la fiche d\'intervention bien remplie\r\n\r\n',3,0,NULL,30,61,46,2,75,NULL,'2021-09-29 12:55:42','2021-09-29 14:10:19'),(393,'2021-09-28','Gonthier Francois','0645187496','Remplacement de deux cuvettes de WC ainsi que les mécanismes des réservoirs. Attention raccordement sur évacuations en fonte.\r\n\r\nLes points suivants seront respectés:\r\n-La cause du dysfonctionnement est diagnostiquée\r\n-Le mode opératoire bien établi\r\n-Le matériel utilisé adéquate\r\n-Le dépannage correctement réalisé\r\n-Le nettoyage correctement réalisé\r\n-la remise en service total ou partielle bien réalisée\r\n-la fiche d\'intervention bien remplie\r\n\r\n',3,0,NULL,30,61,46,2,73,NULL,'2021-09-29 13:29:02','2021-09-29 16:05:37'),(394,'2021-09-28','Gonthier Francois','0645187496','Remplacement de deux cuvettes de WC ainsi que les mécanismes des réservoirs. Attention raccordement sur évacuations en fonte.\r\n\r\nLes points suivants seront respectés:\r\n-La cause du dysfonctionnement est diagnostiquée\r\n-Le mode opératoire bien établi\r\n-Le matériel utilisé adéquate\r\n-Le dépannage correctement réalisé\r\n-Le nettoyage correctement réalisé\r\n-la remise en service total ou partielle bien réalisée\r\n-la fiche d\'intervention bien remplie\r\n\r\n',3,0,NULL,30,61,46,2,78,NULL,'2021-09-29 13:30:03','2021-09-29 15:23:40'),(395,'2021-09-28','Gonthier Francois','0645187496','Remplacement de deux cuvettes de WC ainsi que les mécanismes des réservoirs. Attention raccordement sur évacuations en fonte.\r\n\r\nLes points suivants seront respectés:\r\n-La cause du dysfonctionnement est diagnostiquée\r\n-Le mode opératoire bien établi\r\n-Le matériel utilisé adéquate\r\n-Le dépannage correctement réalisé\r\n-Le nettoyage correctement réalisé\r\n-la remise en service total ou partielle bien réalisée\r\n-la fiche d\'intervention bien remplie\r\n\r\n',3,0,NULL,30,61,46,2,74,NULL,'2021-09-29 13:30:22','2021-09-29 16:05:30'),(396,'2021-09-28','Gonthier Francois','0645187496','Intervention sur un lavabo bouché. et un autre avec un problème d\'alimentation d\'eau chaude et froide. \r\nLes points suivants seront respectés:\r\n-La cause du dysfonctionnement est diagnostiquée\r\n-Le mode opératoire bien établi\r\n-Le matériel utilisé adéquate\r\n-Le dépannage correctement réalisé\r\n-Le nettoyage correctement réalisé\r\n-la remise en service total ou partielle bien réalisée\r\n-la fiche d\'intervention bien remplie\r\n\r\n',3,0,NULL,30,61,46,2,75,NULL,'2021-09-29 13:45:22','2021-09-29 15:28:31'),(397,'2021-09-28','Gonthier Francois','0645187496','Intervention sur un lavabo bouché. et un autre avec un problème d\'alimentation d\'eau chaude et froide. \r\nLes points suivants seront respectés:\r\n-La cause du dysfonctionnement est diagnostiquée\r\n-Le mode opératoire bien établi\r\n-Le matériel utilisé adéquate\r\n-Le dépannage correctement réalisé\r\n-Le nettoyage correctement réalisé\r\n-la remise en service total ou partielle bien réalisée\r\n-la fiche d\'intervention bien remplie\r\n\r\n',3,0,NULL,30,61,46,2,74,NULL,'2021-09-29 13:46:16','2021-09-29 16:10:23'),(398,'2021-09-28','Gonthier Francois','0645187496','Intervention sur un lavabo bouché. et un autre avec un problème d\'alimentation d\'eau chaude et froide. \r\nLes points suivants seront respectés:\r\n-La cause du dysfonctionnement est diagnostiquée\r\n-Le mode opératoire bien établi\r\n-Le matériel utilisé adéquate\r\n-Le dépannage correctement réalisé\r\n-Le nettoyage correctement réalisé\r\n-la remise en service total ou partielle bien réalisée\r\n-la fiche d\'intervention bien remplie\r\n\r\n',3,0,NULL,30,61,46,2,78,NULL,'2021-09-29 13:46:35','2021-09-29 15:17:44'),(399,'2021-09-28','Gonthier Francois','0645187496','Intervention sur un lavabo bouché. et un autre avec un problème d\'alimentation d\'eau chaude et froide. \r\nLes points suivants seront respectés:\r\n-La cause du dysfonctionnement est diagnostiquée\r\n-Le mode opératoire bien établi\r\n-Le matériel utilisé adéquate\r\n-Le dépannage correctement réalisé\r\n-Le nettoyage correctement réalisé\r\n-la remise en service total ou partielle bien réalisée\r\n-la fiche d\'intervention bien remplie\r\n\r\n',3,0,NULL,30,61,46,2,73,NULL,'2021-09-29 13:47:16','2021-09-29 16:25:53'),(400,'2021-09-29','Franck VILLATTE','0646201634','Pose de toile de verre à l\'endroit indiqué par le demandeur.\r\n\r\nCritères d\'appréciations :\r\n\r\nPréparation de l\'intervention\r\nEmploi d\'outils adaptés\r\nLes angles rentrants et sortants sont traités conformément\r\nAbsence de bulles et de plis\r\nLes coupes sont ajustées\r\nL\'intervention finalisé est absente de salissures et de reste de colle',2,0,NULL,7,6,12,4,10,NULL,'2021-09-29 15:43:14','2021-09-29 15:44:24'),(401,'2021-09-01','Lionel Goulmot','0611115817','Réalisation d\'un plafond technique en dalles de 60x60 cm et ossature T24 de l\'entrée de la cabine jusqu\'à la retombée.\r\nLa H.S.P. sera de 230cm sur sol brut. Les dalles 60x60cm seront découpées dans des chutes de BA13.\r\nLe plafond sera réalisé avec au moins une dalle entière.\r\nCalepinage à réaliser avant intervention.\r\n\r\nCritères d\'appréciations : \r\nPort des EPI\r\nHorizontalité et niveau du plafond\r\nMise en place de la structure métallique (porteur, entretoise)\r\nLa pose et découpe des dalles de plafond\r\nLa propreté du plafond technique (pas de trace)\r\nLa propreté des lieux\r\nL\'utilisation du matériel adapté\r\nLe compte rendu d\'intervention',4,1,'Travaux conformes',29,10,9,4,60,NULL,'2021-10-01 08:07:17','2021-10-05 07:26:03'),(402,'2021-10-01','Villattef Franck','0640893009','mmm',2,0,NULL,7,8,1,1,10,NULL,'2021-10-01 09:08:43','2021-10-01 09:10:02'),(403,'2021-10-01','Villattef Franck','0640893009','mmm',2,0,NULL,7,4,1,3,10,NULL,'2021-10-01 09:23:59','2021-10-01 09:27:51'),(404,'2021-10-04','Lionel Goulmot','0611115817','Dans le fond de votre cabine, réaliser un ragréage jusqu\'au bord intérieur du poteau.\r\nSéparer l\'espace obtenu en deux et coller des carreaux en grés émaillés de 33x33cm, avec des espaces entre carreaux de 4mm.\r\nRéaliser les joints en ciment gris.\r\n\r\nCritères d\'appréciations :\r\n\r\nPlanéité de l\'ensemble\r\nLa justesse des coupes\r\nLe respect de l\'implantation\r\nLa dimension et la régularité des joints\r\nLa propreté du travail\r\nLe port des EPI\r\nL\'utilisation du matériel adéquat',3,0,NULL,29,1,10,4,52,NULL,'2021-10-02 08:49:25','2021-10-08 06:20:39'),(405,'2021-10-04','Lionel Goulmot','0611115817','Dans le fond de votre cabine, réaliser un ragréage jusqu\'au bord intérieur du poteau.\r\nSéparer l\'espace obtenu en deux et coller des carreaux en grés émaillés de 33x33cm, avec des espaces entre carreaux de 4mm.\r\nRéaliser les joints en ciment gris.\r\n\r\nCritères d\'appréciations :\r\n\r\nPlanéité de l\'ensemble\r\nLa justesse des coupes\r\nLe respect de l\'implantation\r\nLa dimension et la régularité des joints\r\nLa propreté du travail\r\nLe port des EPI\r\nL\'utilisation du matériel adéquat',1,0,NULL,29,5,10,4,67,NULL,'2021-10-02 08:51:07',NULL),(406,'2021-10-04','Lionel Goulmot','0611115817','Pose d\'un panneau de faïence 20x20cm au fond de la cabine suivant le croquis joint.\r\nLes joints ciment seront réalisés en blanc.\r\n\r\nCritères d\'appréciations :\r\n- respect des dimensions\r\n- pose de niveau et d\'aplomb\r\n- les joints sont réguliers (non creusés, ni en surépaisseur)\r\n- la planéité des carreaux est respectée\r\n',4,1,'Travaux conformes',29,1,11,4,52,NULL,'2021-10-02 08:53:46','2021-10-06 14:47:13'),(407,'2021-10-04','Lionel Goulmot','0611115817','Pose d\'un panneau de faïence 20x20cm au fond de la cabine suivant le croquis joint.\r\nLes joints ciment seront réalisés en blanc.\r\n\r\nCritères d\'appréciations :\r\n- respect des dimensions\r\n- pose de niveau et d\'aplomb\r\n- les joints sont réguliers (non creusés, ni en surépaisseur)\r\n- la planéité des carreaux est respectée\r\n',1,0,NULL,29,5,11,4,67,NULL,'2021-10-02 08:54:49',NULL),(408,'2021-10-04','Lionel Goulmot','0611115817','Réalisation d\'un plafond technique en dalles de 60x60 cm et ossature T24 de l\'entrée de la cabine jusqu\'à la retombée.\r\nLa H.S.P. sera de 230cm sur sol brut. Les dalles 60x60cm seront découpées dans des chutes de BA13.\r\nLe plafond sera réalisé avec au moins une dalle entière.\r\nCalepinage à réaliser avant intervention.\r\n\r\nCritères d\'appréciations : \r\nPort des EPI\r\nPlanéité et niveau du plafond\r\nMise en place de la structure métallique (porteur, entretoise)\r\nLa pose et découpe des dalles de plafond\r\nLa propreté du plafond technique (pas de trace)\r\nLa propreté des lieux\r\nL\'utilisation du matériel adapté\r\nLe compte rendu d\'intervention',4,1,'Travaux conformes',29,1,9,4,52,NULL,'2021-10-02 08:57:32','2021-10-06 07:33:20'),(409,'2021-10-04','Lionel Goulmot','0611115817','Réalisation d\'un plafond technique en dalles de 60x60 cm et ossature T24 de l\'entrée de la cabine jusqu\'à la retombée.\r\nLa H.S.P. sera de 230cm sur sol brut. Les dalles 60x60cm seront découpées dans des chutes de BA13.\r\nLe plafond sera réalisé avec au moins une dalle entière.\r\nCalepinage à réaliser avant intervention.\r\n\r\nCritères d\'appréciations : \r\nPort des EPI\r\nPlanéité et niveau du plafond\r\nMise en place de la structure métallique (porteur, entretoise)\r\nLa pose et découpe des dalles de plafond\r\nLa propreté du plafond technique (pas de trace)\r\nLa propreté des lieux\r\nL\'utilisation du matériel adapté\r\nLe compte rendu d\'intervention',1,0,NULL,29,5,9,4,67,NULL,'2021-10-02 08:58:06',NULL),(410,'2021-10-04','Lionel Goulmot','0611115817','Pose de dalles PVC sur le fond de la cabine à gauche.\r\n\r\nPour de plus amples information me contacter.\r\n\r\nCritères d\'appréciations : \r\n\r\nLa justesse des coupes\r\nUn calepinage cohérent\r\nLa propreté du résultat de l\'intervention',3,0,NULL,29,1,16,4,52,NULL,'2021-10-02 08:59:34','2021-10-07 05:13:29'),(411,'2021-10-11','Lionel Goulmot','0611115817','Travaux préparatoires et d\'apprêts\r\nPose de toile de verre sur le mur du fond de la cabine.\r\nPose d\'un intissé à peindre sur le mur à droite + retour poteau en totalité.\r\n\r\nCritères d\'appréciations :\r\n\r\nPréparation de l\'intervention\r\nEmploi d\'outils adaptés\r\nLes angles rentrants et sortants sont traités conformément\r\nAbsence de bulles et de plis\r\nLes coupes sont ajustées\r\nL\'intervention finalisé est absente de salissures et de reste de colle',1,0,NULL,29,5,12,4,67,NULL,'2021-10-09 14:37:00','2021-10-09 14:42:42'),(412,'2021-10-11','Lionel Goulmot','0611115817','Travaux préparatoires et d\'apprêts\r\nPose de toile de verre sur le mur du fond de la cabine.\r\nPose d\'un intissé à peindre sur le mur à droite + retour poteau en totalité.\r\n\r\nCritères d\'appréciations :\r\n\r\nPréparation de l\'intervention\r\nEmploi d\'outils adaptés\r\nLes angles rentrants et sortants sont traités conformément\r\nAbsence de bulles et de plis\r\nLes coupes sont ajustées\r\nL\'intervention finalisé est absente de salissures et de reste de colle',1,0,NULL,29,1,12,4,52,NULL,'2021-10-09 14:37:47','2021-10-09 14:42:23'),(413,'2021-10-11','Lionel Goulmot','0611115817','Pose de plinthes bois sur le sol PVC et sur les côtés de la porte et mise en place de champlats sur le pourtour de la porte de la cabine.\r\n\r\nCritères d\'appréciations :\r\nPort des EPI\r\nLes coupes et les angles sont nets\r\nLa pose des champlats est ajusté de façon régulière sur le pourtour de la porte\r\nLe travail réalisé est soigneux\r\nL\'emploi des outils est adapté\r\nLes locaux sont propres après l\'intervention\r\nLe compte rendu d\'intervention est clair et concis\r\n',1,0,NULL,29,5,6,4,67,NULL,'2021-10-09 14:41:12',NULL),(414,'2021-10-11','Lionel Goulmot','0611115817','Pose de plinthes bois sur le sol PVC et sur les côtés de la porte et mise en place de champlats sur le pourtour de la porte de la cabine.\r\n\r\nCritères d\'appréciations :\r\nPort des EPI\r\nLes coupes et les angles sont nets\r\nLa pose des champlats est ajusté de façon régulière sur le pourtour de la porte\r\nLe travail réalisé est soigneux\r\nL\'emploi des outils est adapté\r\nLes locaux sont propres après l\'intervention\r\nLe compte rendu d\'intervention est clair et concis\r\n',2,0,NULL,29,1,6,4,52,NULL,'2021-10-09 14:41:59','2021-10-10 05:03:56'),(415,'2021-10-11','Lionel Goulmot','0611115817','Travaux préparatoires et d\'apprêts\r\nMise en peinture du plafond en plaque de plâtre de la cabine.\r\n\r\nCritères d\'appréciations : \r\n\r\nChoix de la peinture\r\nLa mise en place de protection\r\nLa propreté des lieux de l\'exécution de l\'intervention\r\nPas de coup de rouleau apparent\r\nLa qualité des réchampi\r\nLe nettoyage des outils',1,0,NULL,29,5,13,4,67,NULL,'2021-10-09 14:45:36',NULL),(416,'2021-10-11','Lionel Goulmot','0611115817','Travaux préparatoires et d\'apprêts\r\nMise en peinture du plafond en plaque de plâtre de la cabine.\r\n\r\nCritères d\'appréciations : \r\n\r\nChoix de la peinture\r\nLa mise en place de protection\r\nLa propreté des lieux de l\'exécution de l\'intervention\r\nPas de coup de rouleau apparent\r\nLa qualité des réchampi\r\nLe nettoyage des outils',1,0,NULL,29,1,13,4,52,NULL,'2021-10-09 14:46:29',NULL),(417,'2021-10-11','Goulmot Lionel','0611115817','Peinture satinée des revêtements muraux de la cabine.\r\n\r\nCritères d\'appréciations : \r\n\r\nChoix de la peinture\r\nLa mise en place de protection\r\nLa propreté des lieux de l\'exécution de l\'intervention\r\nPas de coup de rouleau apparent\r\nLa qualité des réchampi\r\nLe nettoyage des outils',1,0,NULL,29,5,14,4,67,NULL,'2021-10-09 14:49:37',NULL),(418,'2021-10-11','Goulmot Lionel','0611115817','Peinture satinée des revêtements muraux de la cabine.\r\n\r\nCritères d\'appréciations : \r\n\r\nChoix de la peinture\r\nLa mise en place de protection\r\nLa propreté des lieux de l\'exécution de l\'intervention\r\nPas de coup de rouleau apparent\r\nLa qualité des réchampi\r\nLe nettoyage des outils',1,0,NULL,29,1,14,4,52,NULL,'2021-10-09 14:50:25',NULL),(419,'2021-10-11','Goulmot Lionel','0611115817','Travaux préparatoire et d\'apprêts.\r\nPeinture laquée du bloc porte (champlat compris) et des plinthes de la cabine.\r\nCouleur au choix (teinte pastelle).\r\n\r\nCritères d\'appréciations : \r\n\r\nChoix de la peinture\r\nLa mise en place de protection\r\nLa propreté des lieux de l\'exécution de l\'intervention\r\nPas de coup de rouleau apparent\r\nLa qualité des réchampi\r\nLe nettoyage des outils',1,0,NULL,29,5,15,4,67,NULL,'2021-10-09 14:53:33',NULL),(420,'2021-09-13','Lionel Goulmot','0611115817','Réalisation d\'une retombée et d\'une cloison de séparation en plaque de plâtre sur ossature métallique.\r\nDimensions et emplacement suivant les consignes du formateur.\r\n\r\nCritères d\'appréciations :\r\n\r\nRespect de l\'emplacement\r\nRespect des dimensions\r\nRespect de l\'aplomb, du niveau et de la planéité\r\nle port des EPI\r\nL\'emploi des outils adaptés\r\nLe compte rendu d\'intervention\r\nLa propreté du travail et des locaux',1,0,NULL,29,5,5,4,67,NULL,'2021-10-09 14:59:10',NULL),(421,'2021-09-13','Lionel Goulmot','0611115817','Réalisation d\'une retombée et d\'une cloison de séparation en plaque de plâtre sur ossature métallique.\r\nDimensions et emplacement suivant les consignes du formateur.\r\n\r\nCritères d\'appréciations :\r\n\r\nRespect de l\'emplacement\r\nRespect des dimensions\r\nRespect de l\'aplomb, du niveau et de la planéité\r\nle port des EPI\r\nL\'emploi des outils adaptés\r\nLe compte rendu d\'intervention\r\nLa propreté du travail et des locaux',1,0,NULL,29,1,5,4,52,NULL,'2021-10-09 14:59:50',NULL),(422,'2021-10-11','Goulmot Lionel','0611115817','Remplacement d\'un panneau de faïence 20x20cm dégradé au fond de la cabine.\r\nLes joints ciment seront réalisés en blanc.\r\n\r\nCritères d\'appréciations :\r\n- respect des dimensions\r\n- pose de niveau et d\'aplomb\r\n- les joints sont réguliers (non creusés, ni en surépaisseur)\r\n- les carreaux sont au même niveaux les uns/aux autres',1,0,NULL,29,6,25,4,63,NULL,'2021-10-09 16:03:28',NULL),(423,'2021-10-04','Goulmot Lionel','0611115817','Reprendre le plafond dégradé et repeindre',1,0,NULL,29,12,22,4,64,NULL,'2021-10-09 16:49:52',NULL),(424,'2021-10-04','Goulmot Lionel','0611115817','Changer 1 carreau céramique dégradé',1,0,NULL,29,12,21,4,64,NULL,'2021-10-09 16:51:49',NULL),(425,'2021-10-04','Goulmot Lionel','0611115817','Remplacer une dalle sur le plafond démontable',1,0,NULL,29,12,23,4,64,NULL,'2021-10-09 16:54:13',NULL),(426,'2021-10-11','Goulmot Lionel','0611115817','Installer une applique à raccorder sur la boite DCL applique (ne pas ouvrir la boite DCL) située   au dessus du lave main.\r\n\r\n\r\nCritères d\'appréciation:\r\nPort des EPI\r\nLes conducteurs sont dimensionnés correctement et les couleurs sont respectées;\r\nLa fiche DCL mâle est correctement fixée;\r\nLes conducteurs sont correctement façonnés et raccordés (pas de PNST);\r\nLe circuit fonctionne.',1,0,NULL,29,9,30,4,57,NULL,'2021-10-09 18:21:02','2021-10-09 18:31:23'),(427,'2021-10-11','Goulmot Lionel','0611115817','Installer une applique à raccorder sur la boite DCL applique (ne pas ouvrir la boite DCL) située   au dessus du lave main.\r\n\r\n\r\nCritères d\'appréciation:\r\nPort des EPI\r\nLes conducteurs sont dimensionnés correctement et les couleurs sont respectées;\r\nLa fiche DCL mâle est correctement fixée;\r\nLes conducteurs sont correctement façonnés et raccordés (pas de PNST);\r\nLe circuit fonctionne.',1,0,NULL,29,2,30,4,61,NULL,'2021-10-09 18:21:02',NULL),(428,'2021-10-11','Goulmot Lionel','0611115817','Installer une applique à raccorder sur la boite DCL applique (ne pas ouvrir la boite DCL) située   au dessus du lave main.\r\n\r\n\r\nCritères d\'appréciation:\r\nPort des EPI\r\nLes conducteurs sont dimensionnés correctement et les couleurs sont respectées;\r\nLa fiche DCL mâle est correctement fixée;\r\nLes conducteurs sont correctement façonnés et raccordés (pas de PNST);\r\nLe circuit fonctionne.',1,0,NULL,29,11,30,4,65,NULL,'2021-10-09 18:21:02','2021-10-09 18:34:52'),(429,'2021-10-11','Goulmot Lionel','0611115817','Installer une applique à raccorder sur la boite DCL applique (ne pas ouvrir la boite DCL) située   au dessus du lave main.\r\n\r\n\r\nCritères d\'appréciation:\r\nPort des EPI\r\nLes conducteurs sont dimensionnés correctement et les couleurs sont respectées;\r\nLa fiche DCL mâle est correctement fixée;\r\nLes conducteurs sont correctement façonnés et raccordés (pas de PNST);\r\nLe circuit fonctionne.',1,0,NULL,29,16,30,4,59,NULL,'2021-10-09 18:21:02','2021-10-09 18:33:14'),(430,'2021-10-11','Goulmot Lionel','0611115817','Installer une applique à raccorder sur la boite DCL applique (ne pas ouvrir la boite DCL) située   au dessus du lave main.\r\n\r\n\r\nCritères d\'appréciation:\r\nPort des EPI\r\nLes conducteurs sont dimensionnés correctement et les couleurs sont respectées;\r\nLa fiche DCL mâle est correctement fixée;\r\nLes conducteurs sont correctement façonnés et raccordés (pas de PNST);\r\nLe circuit fonctionne.',1,0,NULL,29,4,30,4,58,NULL,'2021-10-09 18:21:02','2021-10-09 18:31:50'),(431,'2021-10-11','Goulmot Lionel','0611115817','Installer une applique à raccorder sur la boite DCL applique (ne pas ouvrir la boite DCL) située   au dessus du lave main.\r\n\r\n\r\nCritères d\'appréciation:\r\nPort des EPI\r\nLes conducteurs sont dimensionnés correctement et les couleurs sont respectées;\r\nLa fiche DCL mâle est correctement fixée;\r\nLes conducteurs sont correctement façonnés et raccordés (pas de PNST);\r\nLe circuit fonctionne.',1,0,NULL,29,10,30,4,60,NULL,'2021-10-09 18:21:02','2021-10-09 18:33:39'),(432,'2021-10-11','Goulmot Lionel','0611115817','Installer une applique à raccorder sur la boite DCL applique (ne pas ouvrir la boite DCL) située   au dessus du lave main.\r\n\r\n\r\nCritères d\'appréciation:\r\nPort des EPI\r\nLes conducteurs sont dimensionnés correctement et les couleurs sont respectées;\r\nLa fiche DCL mâle est correctement fixée;\r\nLes conducteurs sont correctement façonnés et raccordés (pas de PNST);\r\nLe circuit fonctionne.',1,0,NULL,29,8,30,4,66,NULL,'2021-10-09 18:21:02','2021-10-09 18:35:30'),(433,'2021-10-11','Goulmot Lionel','0611115817','Installer une applique à raccorder sur la boite DCL applique (ne pas ouvrir la boite DCL) située   au dessus du lave main.\r\n\r\n\r\nCritères d\'appréciation:\r\nPort des EPI\r\nLes conducteurs sont dimensionnés correctement et les couleurs sont respectées;\r\nLa fiche DCL mâle est correctement fixée;\r\nLes conducteurs sont correctement façonnés et raccordés (pas de PNST);\r\nLe circuit fonctionne.',1,0,NULL,29,14,30,4,32,NULL,'2021-10-09 18:21:02','2021-10-09 18:30:06'),(434,'2021-10-11','Goulmot Lionel','0611115817','Installer une applique à raccorder sur la boite DCL applique (ne pas ouvrir la boite DCL) située   au dessus du lave main.\r\n\r\n\r\nCritères d\'appréciation:\r\nPort des EPI\r\nLes conducteurs sont dimensionnés correctement et les couleurs sont respectées;\r\nLa fiche DCL mâle est correctement fixée;\r\nLes conducteurs sont correctement façonnés et raccordés (pas de PNST);\r\nLe circuit fonctionne.',1,0,NULL,29,15,30,4,39,NULL,'2021-10-09 18:21:02','2021-10-09 18:30:26'),(435,'2021-10-11','Goulmot Lionel','0611115817','Installer une applique à raccorder sur la boite DCL applique (ne pas ouvrir la boite DCL) située   au dessus du lave main.\r\n\r\n\r\nCritères d\'appréciation:\r\nPort des EPI\r\nLes conducteurs sont dimensionnés correctement et les couleurs sont respectées;\r\nLa fiche DCL mâle est correctement fixée;\r\nLes conducteurs sont correctement façonnés et raccordés (pas de PNST);\r\nLe circuit fonctionne.',1,0,NULL,29,13,30,4,40,NULL,'2021-10-09 18:21:02','2021-10-09 18:30:51'),(436,'2021-10-11','Goulmot Lionel','0611115817','Installer une applique à raccorder sur la boite DCL applique (ne pas ouvrir la boite DCL) située   au dessus du lave main.\r\n\r\n\r\nCritères d\'appréciation:\r\nPort des EPI\r\nLes conducteurs sont dimensionnés correctement et les couleurs sont respectées;\r\nLa fiche DCL mâle est correctement fixée;\r\nLes conducteurs sont correctement façonnés et raccordés (pas de PNST);\r\nLe circuit fonctionne.',1,0,NULL,29,12,30,4,64,NULL,'2021-10-09 18:21:02','2021-10-09 18:34:32'),(437,'2021-10-11','Villattef Franck','0640893009','ploiuy',2,0,'',7,14,9,1,10,NULL,'2021-10-11 12:07:55','2021-10-12 09:21:42'),(438,'2021-10-11','Villatte Franck','0640893009','Formation aux risques électriques B1V, BR limitée aux circuits monophasés.\r\n\r\nCritères d\'appréciation:\r\nQuestionnaires de 40 questions en salle de cours\r\nEvaluation pratique maquette BT:\r\nIdentification, vérification et mis en œuvre des EPI\r\nAnalyse des risques\r\nNappage\r\nRecherche d\'une panne\r\nConnexion déconnexion d\'un circuit sous tension\r\nRespect des limite du B1V ET BR\r\nRendre compte de l\'intervention\r\n',4,1,'poik',7,17,31,2,10,NULL,'2021-10-11 12:08:23','2021-10-11 12:17:08'),(439,'2021-10-12','Franck VILLATTE','0640893009','Réalisation d\'un plafond technique en dalles de 60x60 cm de l\'entrée de la cabine jusqu\'à la retombé.\r\nPour plus de renseignement, voir avec le demandeur.\r\n\r\nCritères d\'appréciations : \r\nPort des EPI\r\nHorizontalité et niveau du plafond\r\nMise en place de la structure métallique (porteur, entretoise)\r\nLa pose et découpe des dalles de plafond\r\nLa propreté du plafond technique (pas de trace)\r\nLa propreté des lieux\r\nL\'utilisation du matériel adapté\r\nLe compte rendu d\'intervention',3,0,NULL,7,5,9,4,72,'fiche en cours par Rapinat le 2021-10-12 11:10:14\nfiche en cours par Rapinat le 2021-10-12 11:11:13\nfiche en cours par Rapinat le 2021-10-12 11:11:54\nfiche en cours par Rapinat le 2021-10-12 11:12:16\nfiche en cours par Rapinat le 2021-10-12 11:13:14\nfiche en cours par Rapinat le 2021-10-12 11:13:30\nfiche soumise par Rapinat le 2021-10-12 11:13:30\n','2021-10-12 09:02:21','2021-10-12 13:13:30'),(440,'2021-10-12','Franck VILLATTE','0640893009','Réalisation d\'un comptoir à l\'entrée de la cabine à gauche d\'une hauteur de 1,10 m, largeur 0,60 m, avec un retour de 20 cm.\r\n\r\n\r\nCritères d\'appréciations :\r\nPort des EPI\r\nL\'emplacement et les dimensions\r\nL\'aplomb, l\'équerrage\r\nL\'emploi des outils adaptés\r\nLa propreté global de l\'ouvrage\r\nLa propreté des lieux\r\nLe compte rendu de l\'intervention\r\n',3,0,NULL,7,7,5,2,72,'fiche en cours par Rapinat le 2021-10-12 11:18:44\nfiche en cours par Rapinat le 2021-10-12 11:19:38\nfiche en cours par Rapinat le 2021-10-12 11:20:10\nfiche en cours par Rapinat le 2021-10-12 11:20:25\nfiche en cours par Rapinat le 2021-10-12 11:20:47\nfiche en cours par Rapinat le 2021-10-12 11:20:56\nfiche en cours par Rapinat le 2021-10-12 11:21:04\nfiche soumise par Rapinat le 2021-10-12 11:21:04\n','2021-10-12 09:03:11','2021-10-12 13:21:04'),(441,'2021-10-12','Villatte Franck','0640893009','Formation aux risques électriques B1V, BR limitée aux circuits monophasés.\r\n\r\nCritères d\'appréciation:\r\nQuestionnaires de 40 questions en salle de cours\r\nEvaluation pratique maquette BT:\r\nIdentification, vérification et mis en œuvre des EPI\r\nAnalyse des risques\r\nNappage\r\nRecherche d\'une panne\r\nConnexion déconnexion d\'un circuit sous tension\r\nRespect des limite du B1V ET BR\r\nRendre compte de l\'intervention\r\n',3,0,NULL,7,18,31,1,72,'fiche en cours par Rapinat le 2021-10-12 11:25:26\nfiche en cours par Rapinat le 2021-10-12 11:25:48\nfiche en cours par Rapinat le 2021-10-12 11:25:59\nfiche en cours par Rapinat le 2021-10-12 11:26:23\nfiche en cours par Rapinat le 2021-10-12 11:26:44\nfiche en cours par Rapinat le 2021-10-12 11:27:24\nfiche en cours par Rapinat le 2021-10-12 11:27:52\nfiche en cours par Rapinat le 2021-10-12 11:28:15\nfiche en cours par Rapinat le 2021-10-12 11:28:20\nfiche soumise par Rapinat le 2021-10-12 11:28:20\n','2021-10-12 09:03:46','2021-10-12 13:28:20'),(442,'2021-10-12','Villattef Franck','0640893009','remplir la fiche',3,0,NULL,7,9,44,4,72,'fiche en cours par Rapinat le 2021-10-12 11:33:01\nfiche en cours par Rapinat le 2021-10-12 11:33:12\nfiche soumise par Rapinat le 2021-10-12 11:33:12\n','2021-10-12 09:04:51','2021-10-12 13:33:12'),(443,'2021-10-12','Franck VILLATTE','0640893009','Réalisation d\'une retombée de 20 cm sur le devant de la cabine, largeur : 1,75 ml.\r\nPour plus de renseignements contacter le demandeur.\r\n\r\nCritères d\'appréciations :\r\nLe port des EPI\r\nRespect de l\'emplacement et des dimensions\r\nLes coupes des plaques de plâtre\r\nLe montage de l\'ossature métallique\r\nLe balisage de la zone d\'intervention\r\nLe compte rendu d\'intervention',3,0,NULL,7,1,5,4,71,'fiche en cours par Gachon le 2021-10-12 09:56:10\nfiche en cours par Gachon le 2021-10-12 09:57:00\nfiche en cours par Gachon le 2021-10-12 09:59:55\nfiche en cours par Gachon le 2021-10-12 10:00:13\nfiche soumise par Gachon le 2021-10-12 10:00:13\n','2021-10-12 09:09:59','2021-10-12 12:00:13'),(444,'2021-10-12','Villattef Franck','0640893009','remplir la fiche',1,0,NULL,7,28,12,4,71,NULL,'2021-10-12 09:11:45',NULL),(445,'2021-10-12','Franck VILLATTE','0640893009','Réalisation de la déconstruction des ouvrages réalisés dans la cabine.\r\nL\'ossature de la cabine reste en place.\r\nLa cloison qui se situe a droite en rentrant dans la cabine reste en place ainsi que la plaque d\'OSB et le matériel électrique disposé dessus.\r\nLes consignes de déconstruction sont données par le formateur.\r\n\r\nCritères d\'appréciations : \r\nPort des EPI\r\nLogique dans la déconstruction\r\nMise en place d\'un balisage de sécurité\r\nTri des déchets\r\nRécupération du matériel à réutiliser et réintégration au magasin\r\nUtilisation des outils adéquats\r\nPropreté du travail',1,0,NULL,7,50,48,3,71,NULL,'2021-10-12 09:15:31',NULL),(446,'2021-10-12','Franck VILLATTE','0640893009','Remplacement de la serrure de la porte de la cabine par une serrure à cylindre.\r\n\r\nCritères d\'appréciations :\r\nPort des EPI\r\nLe système de condamnation fonctionne\r\nL\'intervention est réalisé proprement (pas de trace de salissure)\r\nLe rive bloc est ajusté\r\nLa compte rendu d\'intervention est renseigné judicieusement',2,0,NULL,7,12,8,4,71,'fiche en cours par Gachon le 2021-10-12 10:15:47\n','2021-10-12 09:16:17','2021-10-12 12:15:47'),(447,'2021-10-12','Franck VILLATTE','0640893009','Pose d\'un panneau de faïence au fond de la cabine suivant le croquis joint.\r\n\r\nCritères d\'appréciations :\r\n- respect des dimensions\r\n- pose de niveau et d\'aplomb\r\n- les joints sont réguliers (non creusés, ni en surépaisseur)\r\n- les carreaux sont au même niveaux les uns/aux autres\r\n',2,0,NULL,7,1,11,4,10,'fiche en cours par Villattef le 2021-10-12 10:10:07\nfiche en cours par Perrin le 2021-10-12 10:14:35\n','2021-10-12 12:10:07','2021-10-12 12:14:35'),(448,'2021-10-12','franck villatte','0640893009','Pose de dalles PVC sur le fond de la cabine à gauche.\r\n\r\nPour de plus amples information me contacter.\r\n\r\nCritères d\'appréciations : \r\n\r\nLa justesse des coupes\r\nUn calepinage cohérent\r\nLa propreté du résultat de l\'intervention',1,0,NULL,7,8,16,1,71,'fiche en cours par Villattef le 2021-10-12 12:05:51\n','2021-10-12 14:05:51',NULL),(449,'2021-10-12','Villattef Franck','0640893009','Réparation du meuble déchet à la sortie du self de la cantine.\r\nBesoin urgent avant casse complète du meuble, a réaliser le 10 Juin au matin.\r\nContacts : Chef de cuisine',3,0,NULL,7,38,50,1,10,'fiche en cours par Villattef le 2021-10-12 12:06:57\nfiche en cours par Perrin le 2021-10-12 12:10:10\nfiche en cours par Perrin le 2021-10-12 12:10:36\nfiche soumise par Perrin le 2021-10-12 12:10:36\n','2021-10-12 14:06:57','2021-10-12 14:10:36'),(450,'2021-10-12','Lionel Goulmot','0611115817','Remplacement de la serrure de la porte de la cabine par une serrure à cylindre.\r\n\r\nCritères d\'appréciations :\r\nPort des EPI\r\nLe système de condamnation fonctionne\r\nL\'intervention est réalisé proprement (pas de trace de salissure)\r\nLe rive bloc est ajusté\r\nLa compte rendu d\'intervention est renseigné judicieusement',2,0,'',29,15,8,4,84,'fiche en cours par Goulmot le 2021-10-12 12:12:26\nfiche en cours par Essai le 2021-10-12 12:41:49\nfiche en cours par Essai le 2021-10-12 12:41:58\nfiche soumise par Essai le 2021-10-12 12:41:58\nRevoir mode opératoire\nfiche remise en cours par Goulmot le 2021-10-12 12:50:13\n','2021-10-12 14:12:26','2021-10-12 14:50:13'),(451,'2021-09-09','Lionel Goulmot','0611115817','Remplacement de la serrure de la porte de la cabine par une serrure à cylindre.\r\n\r\nCritères d\'appréciations :\r\nPort des EPI\r\nLe système de condamnation fonctionne\r\nL\'intervention est réalisé proprement (pas de trace de salissure)\r\nLe rive bloc est ajusté\r\nLa compte rendu d\'intervention est renseigné judicieusement',4,1,'Fiche essai',29,12,8,4,64,'fiche en cours par Goulmot le 2021-10-12 12:20:23\nfiche en cours par Zaki le 2021-10-12 12:45:41\nfiche en cours par Zaki le 2021-10-12 12:46:30\nfiche soumise par Zaki le 2021-10-12 12:46:30\nRevoir le mode opératoire\nfiche remise en cours par Goulmot le 2021-10-12 12:48:04\nfiche en cours par Zaki le 2021-10-12 12:50:35\nfiche soumise par Zaki le 2021-10-12 12:50:35\nfiche validée par Goulmot le 2021-10-12 12:51:37\n','2021-10-12 14:20:23','2021-10-12 14:51:37'),(452,'2021-10-12','Lionel Goulmot','0611115817','Pose de dalles PVC sur le fond de la cabine à gauche.\r\n\r\nPour de plus amples information me contacter.\r\n\r\nCritères d\'appréciations : \r\n\r\nLa justesse des coupes\r\nUn calepinage cohérent\r\nLa propreté du résultat de l\'intervention',1,0,NULL,29,12,16,4,64,'fiche en cours par Goulmot le 2021-10-12 12:54:08\n','2021-10-12 14:54:08',NULL),(453,'2021-10-12','Villattef Franck','0640893009','pmoi',2,0,NULL,7,12,2,3,10,'fiche créée \nfiche en cours par Perrin le 2021-10-12 14:51:42\n','2021-10-12 16:47:46','2021-10-12 16:51:42'),(454,'2021-10-12','Franck VILLATTE','0640893009','Pose de dalles PVC sur le fond de la cabine à gauche.\r\n\r\nPour de plus amples information me contacter.\r\n\r\nCritères d\'appréciations : \r\n\r\nLa justesse des coupes\r\nUn calepinage cohérent\r\nLa propreté du résultat de l\'intervention',1,0,NULL,7,1,16,4,10,'fiche en cours par Villattef le 2021-10-12 14:48:19\n','2021-10-12 16:48:19',NULL);
/*!40000 ALTER TABLE `amb_fichesinterventions` ENABLE KEYS */;
UNLOCK TABLES;

--
-- Table structure for table `amb_formateurs`
--

DROP TABLE IF EXISTS `amb_formateurs`;
/*!40101 SET @saved_cs_client     = @@character_set_client */;
/*!40101 SET character_set_client = utf8 */;
CREATE TABLE `amb_formateurs` (
  `idUser` int(11) NOT NULL,
  `matriculeFormateur` varchar(50) NOT NULL,
  `typeContrat` varchar(50) NOT NULL,
  `dateDebutContrat` date NOT NULL,
  `dateFinContrat` date DEFAULT NULL,
  `dateCreation` datetime NOT NULL DEFAULT CURRENT_TIMESTAMP,
  `dateModification` datetime DEFAULT NULL ON UPDATE CURRENT_TIMESTAMP,
  PRIMARY KEY (`idUser`)
) ENGINE=InnoDB DEFAULT CHARSET=utf8;
/*!40101 SET character_set_client = @saved_cs_client */;

--
-- Dumping data for table `amb_formateurs`
--

LOCK TABLES `amb_formateurs` WRITE;
/*!40000 ALTER TABLE `amb_formateurs` DISABLE KEYS */;
INSERT INTO `amb_formateurs` VALUES (2,'0701320','CDI','2007-04-01',NULL,'2021-05-06 11:37:28',NULL),(7,'0701320','CDI','2007-04-01',NULL,'2021-05-06 11:37:28',NULL),(11,'1234','CDD','2021-05-06',NULL,'2021-05-06 11:37:28',NULL),(18,'03020101','cdd','2021-05-06','2021-05-07','2021-05-06 14:00:18',NULL),(28,'1502524','CDI','2020-06-15','2025-01-01','2021-09-07 09:22:18',NULL),(29,'1500828','CDI','2020-06-08','2040-04-01','2021-09-07 09:26:50',NULL),(30,'04DP008','CDI','2004-07-14','2060-01-01','2021-09-07 09:29:00',NULL);
/*!40000 ALTER TABLE `amb_formateurs` ENABLE KEYS */;
UNLOCK TABLES;

--
-- Table structure for table `amb_lieux`
--

DROP TABLE IF EXISTS `amb_lieux`;
/*!40101 SET @saved_cs_client     = @@character_set_client */;
/*!40101 SET character_set_client = utf8 */;
CREATE TABLE `amb_lieux` (
  `idLieu` int(11) NOT NULL AUTO_INCREMENT,
  `nomLieu` varchar(50) NOT NULL,
  `idEnv` int(11) NOT NULL,
  `idCentre` int(11) DEFAULT NULL,
  `dateCreation` datetime NOT NULL DEFAULT CURRENT_TIMESTAMP,
  `dateModification` datetime DEFAULT NULL ON UPDATE CURRENT_TIMESTAMP,
  PRIMARY KEY (`idLieu`),
  KEY `FK_lieux_Centre` (`idCentre`),
  KEY `FK_lieux_environnements` (`idEnv`)
) ENGINE=InnoDB AUTO_INCREMENT=62 DEFAULT CHARSET=utf8;
/*!40101 SET character_set_client = @saved_cs_client */;

--
-- Dumping data for table `amb_lieux`
--

LOCK TABLES `amb_lieux` WRITE;
/*!40000 ALTER TABLE `amb_lieux` DISABLE KEYS */;
INSERT INTO `amb_lieux` VALUES (1,'cabine 01',1,1,'2021-05-06 11:37:28',NULL),(2,'cabine 02',1,1,'2021-05-06 11:37:28',NULL),(3,'cabine 03',1,1,'2021-05-06 11:37:28',NULL),(4,'cabine 04',1,1,'2021-05-06 11:37:28',NULL),(5,'cabine 05',1,1,'2021-05-06 11:37:28',NULL),(6,'cabine 06',1,1,'2021-05-06 11:37:28',NULL),(7,'cabine 07',1,1,'2021-05-06 11:37:28',NULL),(8,'cabine 08',1,1,'2021-05-06 11:37:28',NULL),(9,'cabine 09',1,1,'2021-05-06 11:37:28',NULL),(10,'cabine 10',1,1,'2021-05-06 11:37:28',NULL),(11,'cabine 11',1,1,'2021-05-06 11:37:28',NULL),(12,'cabine 12',1,1,'2021-05-06 11:37:28',NULL),(13,'cabine 13',1,1,'2021-05-06 11:37:28',NULL),(14,'cabine 14',1,1,'2021-05-06 11:37:28',NULL),(15,'cabine 15',1,1,'2021-05-06 11:37:28',NULL),(16,'cabine 16',1,1,'2021-05-06 11:37:28',NULL),(17,'maquette electricite 1',1,1,'2021-05-06 11:37:28',NULL),(18,'maquette electricite 2',1,1,'2021-05-06 11:37:28',NULL),(19,'maquette sanitaire 1',1,1,'2021-05-06 11:37:28',NULL),(20,'maquette sanitaire 2',1,1,'2021-05-06 11:37:28',NULL),(21,'maquette menuiserie fermeture 1',1,1,'2021-05-06 11:37:28',NULL),(22,'maquette menuiserie fermeture 2',1,1,'2021-05-06 11:37:28',NULL),(23,'salle de cours AMB',2,1,'2021-05-06 11:37:28',NULL),(24,'Atelier AMB 2',1,2,'2021-05-28 08:18:20','2021-06-02 09:05:05'),(25,'Atelier AMB 1',1,2,'2021-05-28 08:23:52',NULL),(26,'Batiment 3a',2,2,'2021-06-02 09:08:27',NULL),(27,'Batiment 3b',2,2,'2021-06-02 09:08:54',NULL),(28,'Batiment 3c',2,2,'2021-06-02 09:09:16',NULL),(29,'Batiment 3d',2,2,'2021-06-02 09:09:37',NULL),(30,'Batiment 3d',2,2,'2021-06-02 09:09:53',NULL),(31,'Batiment 3e',2,2,'2021-06-02 09:10:11',NULL),(32,'Batiment 16',2,2,'2021-06-02 09:10:33',NULL),(33,'Batiment 4a',2,2,'2021-06-02 09:10:53',NULL),(34,'Batiment 5',2,2,'2021-06-02 09:11:19',NULL),(35,'Batiment 6 H1',2,2,'2021-06-02 09:11:36',NULL),(36,'Batiment 7 H2',2,2,'2021-06-02 09:11:52',NULL),(37,'Batiment 8 H3',2,2,'2021-06-02 09:12:07',NULL),(38,'Batiment 10',2,2,'2021-06-02 09:12:26',NULL),(39,'Batiment 10a',2,2,'2021-06-02 09:12:41',NULL),(40,'Batiment 10b',2,2,'2021-06-02 09:12:58',NULL),(41,'Batiment 11a',2,2,'2021-06-02 09:13:12',NULL),(42,'Batiment 12a',2,2,'2021-06-02 09:13:30',NULL),(43,'Batiment 12b',2,2,'2021-06-02 09:13:46',NULL),(44,'Batiment 13b',2,2,'2021-06-02 09:14:04',NULL),(45,'Batiment 13a',2,2,'2021-06-02 09:14:19',NULL),(46,'Batiment 14',2,2,'2021-06-02 09:14:33',NULL),(47,'Maison domotique',2,2,'2021-06-02 09:15:14',NULL),(48,'Salle informatique AMB',1,2,'2021-06-02 13:56:38',NULL),(49,'Atelier AMB ',1,6,'2021-09-07 09:54:57',NULL),(50,'Maquette CVC 1',1,1,'2021-09-08 14:31:14',NULL),(51,'Maquette CVC 2',1,1,'2021-09-08 14:31:43',NULL),(52,'Sanitaire homme rue des metiers',2,5,'2021-09-13 13:21:41',NULL),(53,'Hebergement AFPA',2,4,'2021-09-15 08:16:19',NULL),(54,'Atelier soudure',1,5,'2021-09-20 14:38:03',NULL),(55,'vestiaire AMB homme',1,6,'2021-09-23 09:53:33','2021-09-23 09:54:44'),(56,'vestiaire AMB femme',1,6,'2021-09-23 09:55:20',NULL),(57,'Sanitaire AMB H et F',1,6,'2021-09-23 10:00:01',NULL),(58,'Couloir de la Dordogne',1,6,'2021-09-23 10:01:01',NULL),(59,'Couloir de la Vezere',1,6,'2021-09-23 10:09:14',NULL),(60,'Couloir de l isle',1,6,'2021-09-23 10:09:50','2021-09-23 10:10:11'),(61,'Atelier IRT TRT',2,6,'2021-09-29 13:27:19',NULL);
/*!40000 ALTER TABLE `amb_lieux` ENABLE KEYS */;
UNLOCK TABLES;

--
-- Table structure for table `amb_materiaux`
--

DROP TABLE IF EXISTS `amb_materiaux`;
/*!40101 SET @saved_cs_client     = @@character_set_client */;
/*!40101 SET character_set_client = utf8 */;
CREATE TABLE `amb_materiaux` (
  `idMateriau` int(11) NOT NULL AUTO_INCREMENT,
  `nomMateriau` varchar(100) NOT NULL,
  `nbDispo` int(11) NOT NULL,
  `idRegroupement` int(11) DEFAULT NULL,
  `idCentre` int(11) DEFAULT NULL,
  `dateCreation` datetime NOT NULL DEFAULT CURRENT_TIMESTAMP,
  `dateModification` datetime DEFAULT NULL ON UPDATE CURRENT_TIMESTAMP,
  PRIMARY KEY (`idMateriau`),
  KEY `FK_materiaux_centres` (`idCentre`)
) ENGINE=InnoDB AUTO_INCREMENT=255 DEFAULT CHARSET=utf8;
/*!40101 SET character_set_client = @saved_cs_client */;

--
-- Dumping data for table `amb_materiaux`
--

LOCK TABLES `amb_materiaux` WRITE;
/*!40000 ALTER TABLE `amb_materiaux` DISABLE KEYS */;
INSERT INTO `amb_materiaux` VALUES (1,'BANDE A JOINT PAPIER (Ml)',1,2,1,'2021-05-06 11:37:28',NULL),(2,'BANDE ARMEE LARG (Ml)',1,2,1,'2021-05-06 11:37:28',NULL),(3,'BLOC PORTE ISOPLANE 63X204 (U)',1,2,1,'2021-05-06 11:37:28',NULL),(4,'BOIS DE COFFRAGE PLANCHE (Ml)',1,2,1,'2021-05-06 11:37:28',NULL),(5,'BOIS D\'OSSATURE 45 X 95 MM (Ml)',1,2,1,'2021-05-06 11:37:28',NULL),(6,'CHAMPLAT BOIS  (Ml)',1,2,1,'2021-05-06 11:37:28',NULL),(7,'CORDEAU MACON (Ml)',1,2,1,'2021-05-06 11:37:28',NULL),(8,'CORNIERE DE RIVE PLAFOND DEMONTABLE LONG 3 M (U)',1,2,1,'2021-05-06 11:37:28',NULL),(9,'CYLINDRE DOUBLE (U)',1,2,1,'2021-05-06 11:37:28',NULL),(10,'ENDUIT JOINT (KG)',1,2,1,'2021-05-06 11:37:28',NULL),(11,'GRAISSE UNIVERSEL EN TUBE (U)',1,2,1,'2021-05-06 11:37:28',NULL),(12,'LAME POUR CISAILLE GRIGNOTEUSE MANUELLE (U)',1,2,1,'2021-05-06 11:37:28',NULL),(13,'MENUISERIE PVC OSCILLO BATTANTE AVEC VOLET ROULANT INTEGRE (U)',1,2,1,'2021-05-06 11:37:28',NULL),(14,'MONTANT M 48 - 2.50 M (U)',1,2,1,'2021-05-06 11:37:28',NULL),(15,'PANNEAU OSB (M²)',1,2,1,'2021-05-06 11:37:28',NULL),(16,'PLAQUE DE PLATRE BA 13 - 2.50X1.20 (U)',1,2,1,'2021-05-06 11:37:28',NULL),(17,'PLINTHE SAPIN (Ml)',1,2,1,'2021-05-06 11:37:28',NULL),(18,'POIGNEE DE PORTE CLE I (U)',1,2,1,'2021-05-06 11:37:28',NULL),(19,'POIGNEE DE PORTE CLE L (U)',1,2,1,'2021-05-06 11:37:28',NULL),(20,'POINTE TETE HOMME (U)',1,2,1,'2021-05-06 11:37:28',NULL),(21,'RAIL 48 LONG 3 M (U)',1,2,1,'2021-05-06 11:37:28',NULL),(22,'SERRURE CYLINDRE (U)',1,2,1,'2021-05-06 11:37:28',NULL),(23,'SYSTEME INTELLIGENT DE SERRURE (U)',1,2,1,'2021-05-06 11:37:28',NULL),(24,'TABLETTE BOIS LARG 30CM  (Ml)',1,2,1,'2021-05-06 11:37:28',NULL),(25,'TASSEAU  22x45 (Ml)',1,2,1,'2021-05-06 11:37:28',NULL),(26,'TASSEAU 30X20 (Ml)',1,2,1,'2021-05-06 11:37:28',NULL),(27,'VERROU DE SURETE A BOUTON (U)',1,2,1,'2021-05-06 11:37:28',NULL),(28,'VIS A BOIS VBA 4X60',1,2,1,'2021-05-06 11:37:28',NULL),(29,'VIS A BOIS VBA 5X30 (U)',1,2,1,'2021-05-06 11:37:28',NULL),(30,'VIS AUTOPERC.  3,5X9,5 (U)',1,2,1,'2021-05-06 11:37:28',NULL),(31,'VIS PLAQUE DE PLATRE 3,5x25 (U)',1,2,1,'2021-05-06 11:37:28',NULL),(32,'VIS PLAQUE DE PLATRE 3,5X35 (U)',1,2,1,'2021-05-06 11:37:28',NULL),(33,'CHAINE DE BALISAGE ROUGE-BLANC (Ml)',1,1,1,'2021-05-06 11:37:28',NULL),(34,'CHEVILLE A EXPANSION + VIS (U)',1,1,1,'2021-05-06 11:37:28',NULL),(35,'CHEVILLE A FRAPPER DIAM 6 (U)',1,1,1,'2021-05-06 11:37:28',NULL),(36,'CHIFFONS (U)',1,1,1,'2021-05-06 11:37:28',NULL),(37,'CRAYON DE CHARPENTIER (U)',1,1,1,'2021-05-06 11:37:28',NULL),(38,'FILM POLYANE (M²)',1,1,1,'2021-05-06 11:37:28',NULL),(39,'LAME SCIE A METAUX (U)',1,1,1,'2021-05-06 11:37:28',NULL),(40,'PANNEAU FLECHAGE (U)',1,1,1,'2021-05-06 11:37:28',NULL),(41,'PAPIER DE VERRE 120 (U)',1,1,1,'2021-05-06 11:37:28',NULL),(42,'PAPIER DE VERRE 80 (U)',1,1,1,'2021-05-06 11:37:28',NULL),(43,'RUBAN SIGNALISATION (Ml)',1,1,1,'2021-05-06 11:37:28',NULL),(44,'RUBAN SIGNALISATION ROUGE-BLANC (Ml)',1,1,1,'2021-05-06 11:37:28',NULL),(45,'CARRELAGE (M²)',1,3,1,'2021-05-06 11:37:28',NULL),(46,'CARTON ONDULE PROTECTION SOL LARG 1 M (Ml)',1,3,1,'2021-05-06 11:37:28',NULL),(47,'COLLE A PAPIER PEINT LOURD ET VINYL (paquet)',1,3,1,'2021-05-06 11:37:28',NULL),(48,'COLLE A PAPIER PEINT UNIVERSELLE (paquet)',1,3,1,'2021-05-06 11:37:28',NULL),(49,'COLLE EMULSION TYPE ACRYLIQUE (Kg)',1,3,1,'2021-05-06 11:37:28',NULL),(50,'COLLE MASTIC CARTOUCHE (U)',1,3,1,'2021-05-06 11:37:28',NULL),(51,'COLLE POUR REVÊTEMENT INTISSÉ (paquet)',1,3,1,'2021-05-06 11:37:28',NULL),(52,'COLLE VINYLIQUE POUR TOILE DE VERRE  (Kg)',1,3,1,'2021-05-06 11:37:28',NULL),(53,'COLORANT  NOIR (U)',1,3,1,'2021-05-06 11:37:28',NULL),(54,'COLORANT BLEU (U)',1,3,1,'2021-05-06 11:37:28',NULL),(55,'COLORANT JAUNE (U)',1,3,1,'2021-05-06 11:37:28',NULL),(56,'COLORANT ROUGE (U)',1,3,1,'2021-05-06 11:37:28',NULL),(57,'COLORANT VERT (U)',1,3,1,'2021-05-06 11:37:28',NULL),(58,'COULSSEAU PORTEUR PLAFOND(U)',1,3,1,'2021-05-06 11:37:28',NULL),(59,'CROISILLON JOINT 2 MM (U)',1,3,1,'2021-05-06 11:37:28',NULL),(60,'CROISILLON JOINT 4 MM (U)',1,3,1,'2021-05-06 11:37:28',NULL),(61,'DALLE POUR PLAFOND DEMONTABLE 60X60 CM (U)',1,3,1,'2021-05-06 11:37:28',NULL),(62,'DALLE SOUPLE PVC (M²)',1,3,1,'2021-05-06 11:37:28',NULL),(63,'ENDUIT DE REBOUCHAGE EN POUDRE (Kg)',1,3,1,'2021-05-06 11:37:28',NULL),(64,'ENTRETOISE POUR PLAFOND DEMONTABLE 120 CM (U)',1,3,1,'2021-05-06 11:37:28',NULL),(65,'ENTRETOISE POUR PLAFOND DEMONTABLE60 CM (U)',1,3,1,'2021-05-06 11:37:28',NULL),(66,'FAIENCE (M²)',1,3,1,'2021-05-06 11:37:28',NULL),(67,'LESSIVE DE NETTOYAGE (paquet)',1,3,1,'2021-05-06 11:37:28',NULL),(68,'MANCHON PATTE DE LAPIN (U)',1,3,1,'2021-05-06 11:37:28',NULL),(69,'MANCHON POLYAMIDE PHASE AQUEUSE (U)',1,3,1,'2021-05-06 11:37:28',NULL),(70,'MASTIC ACRYLIQUE BLANC (U)',1,3,1,'2021-05-06 11:37:28',NULL),(71,'MASTIC ACRYLIQUE TRANSLUCIDE (U)',1,3,1,'2021-05-06 11:37:28',NULL),(72,'MORTIER COLLE (Kg)',1,3,1,'2021-05-06 11:37:28',NULL),(73,'MORTIER JOINT BLANC (Kg)',1,3,1,'2021-05-06 11:37:28',NULL),(74,'MORTIER JOINT GRIS (Kg)',1,3,1,'2021-05-06 11:37:28',NULL),(75,'PANNEAU PEINTURE FRAICHE (U)',1,3,1,'2021-05-06 11:37:28',NULL),(76,'PAPIER INTISSÉ À PEINDRE EN 1M (Ml)',1,3,1,'2021-05-06 11:37:28',NULL),(77,'PEINTURE IMPRESSION (L)',1,3,1,'2021-05-06 11:37:28',NULL),(78,'PEINTURE LAQUE ACRYLIQUE BRILLANTE (L)',1,3,1,'2021-05-06 11:37:28',NULL),(79,'PEINTURE LAQUE ACRYLIQUE SATINEE (L)',1,3,1,'2021-05-06 11:37:28',NULL),(80,'PEINTURE MAT INTERIEUR (L)',1,3,1,'2021-05-06 11:37:28',NULL),(81,'PORTEUR PLAFOND DEMONTABLE (U)',1,3,1,'2021-05-06 11:37:28',NULL),(82,'PRIMAIRE D\'ACCROCHAGE (L)',1,3,1,'2021-05-06 11:37:28',NULL),(83,'REVETEMENT MURAL TOILE DE VERRE (Ml)',1,3,1,'2021-05-06 11:37:28',NULL),(84,'RUBAN ADHESIF DE MASQUAGE POUR PEINTURE LARG 25 MM (U)',1,3,1,'2021-05-06 11:37:28',NULL),(85,'SUSPENTE REGLABLE TIGE ET RESSORT (U)',1,3,1,'2021-05-06 11:37:28',NULL),(86,'AMPOULE (U)',1,4,1,'2021-05-06 11:37:28',NULL),(87,'APPLIQUE FLUORESCENTE (U)',1,4,1,'2021-05-06 11:37:28',NULL),(88,'BAES AMBIANCE (U)',1,4,1,'2021-05-06 11:37:28',NULL),(89,'BAES EVACUATION (U)',1,4,1,'2021-05-06 11:37:28',NULL),(90,'BARRETTE DE CONNEXION (U)',1,4,1,'2021-05-06 11:37:28',NULL),(91,'BOITE DERIVATION CLOISON SECHE (U)',1,4,1,'2021-05-06 11:37:28',NULL),(92,'BOITE DERIVATION SAILLIE (U)',1,4,1,'2021-05-06 11:37:28',NULL),(93,'BOITE ENCASTREMENT 67MM CLOISON SECHE 1 POSTE (U)',1,4,1,'2021-05-06 11:37:28',NULL),(94,'BOITIER 1 POSTE SAILLI (U)',1,4,1,'2021-05-06 11:37:28',NULL),(95,'CABLE RJ45  (Ml)',1,4,1,'2021-05-06 11:37:28',NULL),(96,'COFFRET 13/18 MODULES (U)',1,4,1,'2021-05-06 11:37:28',NULL),(97,'COFFRET 18 MODULES (U)',1,4,1,'2021-05-06 11:37:28',NULL),(98,'COFFRET 8 MODULES (U)',1,4,1,'2021-05-06 11:37:28',NULL),(99,'CONDUIT ICTA 16 (Ml)',1,4,1,'2021-05-06 11:37:28',NULL),(100,'CONDUIT ICTA 20 (Ml)',1,4,1,'2021-05-06 11:37:28',NULL),(101,'CONDUIT IRL 16 (Ml)',1,4,1,'2021-05-06 11:37:28',NULL),(102,'CONDUIT IRL 20 (Ml)',1,4,1,'2021-05-06 11:37:28',NULL),(103,'CONNECTEURS RAPIDE - 2 ENTREES (U)',1,4,1,'2021-05-06 11:37:28',NULL),(104,'CONNECTEURS RAPIDE - 3 ENTREES (U)',1,4,1,'2021-05-06 11:37:28',NULL),(105,'CONTACTEUR MODULAIRE HEURES CREUSES BIPOLAIRE 20A 230 V (U)',1,4,1,'2021-05-06 11:37:28',NULL),(106,'CONVECTEUR 100W (U)',1,4,1,'2021-05-06 11:37:28',NULL),(107,'COUDE IRL 16 (U)',1,4,1,'2021-05-06 11:37:28',NULL),(108,'COUDE IRL 20 (U)',1,4,1,'2021-05-06 11:37:28',NULL),(109,'DERIVATION CONDUIT IRL 16 (U)',1,4,1,'2021-05-06 11:37:28',NULL),(110,'DERIVATION CONDUIT IRL 20 (U)',1,4,1,'2021-05-06 11:37:28',NULL),(111,'DETECTEUR DE MOUVEMENT (U)',1,4,1,'2021-05-06 11:37:28',NULL),(112,'DISJONCTEUR UNI + N 16 A (U)',1,4,1,'2021-05-06 11:37:28',NULL),(113,'DOUILLE CHANTIER E27 DCL + FICHE (U)',1,4,1,'2021-05-06 11:37:28',NULL),(114,'DOUILLE PATERE ETANCHE (U)',1,4,1,'2021-05-06 11:37:28',NULL),(115,'FICHE RJ45 (U)',1,4,1,'2021-05-06 11:37:28',NULL),(116,'FIL H07V-U 1.5 MM2 BLEU (Ml)',1,4,1,'2021-05-06 11:37:28',NULL),(117,'FIL H07V-U 1.5 MM2 NOIR (Ml)',1,4,1,'2021-05-06 11:37:28',NULL),(118,'FIL H07V-U 1.5 MM2 ORANGE (Ml)',1,4,1,'2021-05-06 11:37:28',NULL),(119,'FIL H07V-U 1.5 MM2 ROUGE (Ml)',1,4,1,'2021-05-06 11:37:28',NULL),(120,'FIL H07V-U 1.5 MM2 VERT/JAUNE (Ml)',1,4,1,'2021-05-06 11:37:28',NULL),(121,'FIL H07V-U 2.5 MM2 BLEU (Ml)',1,4,1,'2021-05-06 11:37:28',NULL),(122,'FIL H07V-U 2.5 MM2 ROUGE (Ml)',1,4,1,'2021-05-06 11:37:28',NULL),(123,'FIL H07V-U 2.5 MM2 VERT/JAUNE (Ml)',1,4,1,'2021-05-06 11:37:28',NULL),(124,'FIXATION CLIP CONDUIT ICTA / IRL 16 (U)',1,4,1,'2021-05-06 11:37:28',NULL),(125,'FIXATION CLIP CONDUIT ICTA / IRL 20 (U)',1,4,1,'2021-05-06 11:37:28',NULL),(126,'FIXATION REGLABLE CONDUIT ICTA / IRL 16 /32 (U)',1,4,1,'2021-05-06 11:37:28',NULL),(127,'GOULOTTE 134X55 (Ml)',1,4,1,'2021-05-06 11:37:28',NULL),(128,'HUBLOT (U)',1,4,1,'2021-05-06 11:37:28',NULL),(129,'INTER DIFF 30MA TYPE AC 40 A (U)',1,4,1,'2021-05-06 11:37:28',NULL),(130,'INTERRUPTEUR POUSSOIR A ENCASTRE (U)',1,4,1,'2021-05-06 11:37:28',NULL),(131,'INTERRUPTEUR POUSSOIR SAILLIE (U)',1,4,1,'2021-05-06 11:37:28',NULL),(132,'INTERRUPTEUR VA ET VIENT A ENCASTRE (U)',1,4,1,'2021-05-06 11:37:28',NULL),(133,'INTERRUPTEUR VA ET VIENT SAILLI (U)',1,4,1,'2021-05-06 11:37:28',NULL),(134,'KIT POINT APPLIQUE DCL CLOISONS SECHES (U)',1,4,1,'2021-05-06 11:37:28',NULL),(135,'LINOLITE (U)',1,4,1,'2021-05-06 11:37:28',NULL),(136,'MANCHON POUR RJ45 BLEU (U)',1,4,1,'2021-05-06 11:37:28',NULL),(137,'MANCHON POUR RJ45 JAUNE (U)',1,4,1,'2021-05-06 11:37:28',NULL),(138,'MINUTERIE 1P 16A (U)',1,4,1,'2021-05-06 11:37:28',NULL),(139,'PANNEAU FLECHAGE ACCES (U)',1,4,1,'2021-05-06 11:37:28',NULL),(140,'PAVE LUMINEUX FAUX PLAFOND 600X600 (U)',1,4,1,'2021-05-06 11:37:28',NULL),(141,'PEIGNE D\'ALIMENTATION ELECTRIQUE 13 MODULES (U)',1,4,1,'2021-05-06 11:37:28',NULL),(142,'PRISE DE C+A175:A185OURANT 16A 2P+T PLEXO (U)',1,4,1,'2021-05-06 11:37:28',NULL),(143,'PRISE DE COURANT A ENCASTRE (U)',1,4,1,'2021-05-06 11:37:28',NULL),(144,'PRISE DE COURANT SAILLI (U)',1,4,1,'2021-05-06 11:37:28',NULL),(145,'PROLONGATEUR RJ45 F/F (U)',1,4,1,'2021-05-06 11:37:28',NULL),(146,'RUBAN D_ISOLATION 19 MM X 10 M - BLEU (U)',1,4,1,'2021-05-06 11:37:28',NULL),(147,'RUBAN D_ISOLATION 19 MM X 10 M - ROUGE (U)',1,4,1,'2021-05-06 11:37:28',NULL),(148,'RUBAN D_ISOLATION 19 MM X 10 M - VERT/JAUNE (U)',1,4,1,'2021-05-06 11:37:28',NULL),(149,'TÉLÉCOMMANDE M/A POUR BAAS (U)',1,4,1,'2021-05-06 11:37:28',NULL),(150,'TELERUPTEUR MODULAIRE (U)',1,4,1,'2021-05-06 11:37:28',NULL),(151,'ALIMENTATION URINOIR (U)',1,5,1,'2021-05-06 11:37:28',NULL),(152,'BARRE DE DOUCHE MURALE AVEC DOUCHETTE ET FLEXIBLE (U)',1,5,1,'2021-05-06 11:37:28',NULL),(153,'BATI-SUPPORT POUR WC (U)',1,5,1,'2021-05-06 11:37:28',NULL),(154,'BOBINE ETAIN (Ml)',1,5,1,'2021-05-06 11:37:28',NULL),(155,'BONDE INOX (U)',1,5,1,'2021-05-06 11:37:28',NULL),(156,'BOUCHON LAITON F 15/21 (U)',1,5,1,'2021-05-06 11:37:28',NULL),(157,'BOUCHON LAITON M 15/21 (U)',1,5,1,'2021-05-06 11:37:28',NULL),(158,'BOUCHON POUR RADIATEUR ACIER 1/2 (U)',1,5,1,'2021-05-06 11:37:28',NULL),(159,'BOUCHON PURGEUR POUR RADIATEUR ACIER 1/2 (U)',1,5,1,'2021-05-06 11:37:28',NULL),(160,'BOUCHON PVC DIAM 100 (U)',1,5,1,'2021-05-06 11:37:28',NULL),(161,'BOUCHON PVC DIAM 32 (U)',1,5,1,'2021-05-06 11:37:28',NULL),(162,'BOUCHON PVC DIAM 40 (U)',1,5,1,'2021-05-06 11:37:28',NULL),(163,'BOUCLIER THERMIQUE PROTECTION FLAMME (U)',1,5,1,'2021-05-06 11:37:28',NULL),(164,'CLARINETTE CUIVRE A SOUDER MALE FEMELLE DIAM 12 (U)',1,5,1,'2021-05-06 11:37:28',NULL),(165,'COLLE PVC EN GEL (U)',1,5,1,'2021-05-06 11:37:28',NULL),(166,'COLLIER DOUBLE DIAM 12 (U)',1,5,1,'2021-05-06 11:37:28',NULL),(167,'COLLIER PVC DIAM 100 (U)',1,5,1,'2021-05-06 11:37:28',NULL),(168,'COLLIER PVC LYRE DIAM 32 (U)',1,5,1,'2021-05-06 11:37:28',NULL),(169,'COLLIER PVC TYPE DIAM 40 (U)',1,5,1,'2021-05-06 11:37:28',NULL),(170,'COLLIER SIMPLE DIAM 12 (U)',1,5,1,'2021-05-06 11:37:28',NULL),(171,'CONSOLE RADIATEUR ACIER (U)',1,5,1,'2021-05-06 11:37:28',NULL),(172,'COUDE CUIVRE 90 DEG FF DIAM 12 (U)',1,5,1,'2021-05-06 11:37:28',NULL),(173,'COUDE PVC 45 DEG FF DIAM 40 (U)',1,5,1,'2021-05-06 11:37:28',NULL),(174,'COUDE PVC 87.30 DEG FF DIAM 100 (U)',1,5,1,'2021-05-06 11:37:28',NULL),(175,'COUDE PVC 87.30 DEG FF DIAM 32 (U)',1,5,1,'2021-05-06 11:37:28',NULL),(176,'COUDE PVC 87.30 DEG FF DIAM 40 (U)',1,5,1,'2021-05-06 11:37:28',NULL),(177,'CUVETTE DE WC SUSPENDUE (U)',1,5,1,'2021-05-06 11:37:28',NULL),(178,'DECAPANT BRASURE ETAIN EN PATE (U)',1,5,1,'2021-05-06 11:37:28',NULL),(179,'ECROU LAITON 12-1/2 (U)',1,5,1,'2021-05-06 11:37:28',NULL),(180,'ECROU LAITON 12-3/8 (U)',1,5,1,'2021-05-06 11:37:28',NULL),(181,'FIXATION POUR LAVABO (U)',1,5,1,'2021-05-06 11:37:28',NULL),(182,'FIXATION POUR WC (U)',1,5,1,'2021-05-06 11:37:28',NULL),(183,'JOINT 1-1/2 (U)',1,5,1,'2021-05-06 11:37:28',NULL),(184,'JOINT 1-1/4 (U)',1,5,1,'2021-05-06 11:37:28',NULL),(185,'LAVABO (U)',1,5,1,'2021-05-06 11:37:28',NULL),(186,'LAVE-MAINS (U)',1,5,1,'2021-05-06 11:37:28',NULL),(187,'MANCHON CUIVRE 3/8 FF A BRASER (U)',1,5,1,'2021-05-06 11:37:28',NULL),(188,'MANCHON DE DILATATION PVC DIAM 100 (U)',1,5,1,'2021-05-06 11:37:28',NULL),(189,'MANCHON PVC DIAM 100 (U)',1,5,1,'2021-05-06 11:37:28',NULL),(190,'MANCHON PVC DIAM 32 (U)',1,5,1,'2021-05-06 11:37:28',NULL),(191,'MANCHON PVC DIAM 40 (U)',1,5,1,'2021-05-06 11:37:28',NULL),(192,'NOURRICE LAITON 2 CIRCUITS ALIM F 3/4 SORTIES M 1/2 (U)',1,5,1,'2021-05-06 11:37:28',NULL),(193,'PANNEAU FLECHAGE ACCES (U)',1,5,1,'2021-05-06 11:37:28',NULL),(194,'PATTE A VIS BOIS (U)',1,5,1,'2021-05-06 11:37:28',NULL),(195,'PATTE A VIS METAUX (U)',1,5,1,'2021-05-06 11:37:28',NULL),(196,'PIEDS DE RECEVEUR DE DOUCHE LOT DE 4 (U)',1,5,1,'2021-05-06 11:37:28',NULL),(197,'PIPE DE WC COUDEE (U)',1,5,1,'2021-05-06 11:37:28',NULL),(198,'PIPE DE WC DROITE (U)',1,5,1,'2021-05-06 11:37:28',NULL),(199,'PURGEUR AUTOMATIQUE DIAM 3/8 (U)',1,5,1,'2021-05-06 11:37:28',NULL),(200,'RACCORD LAITON GCU NUM 243 DIAM 12-1/2 (U)',1,5,1,'2021-05-06 11:37:28',NULL),(201,'RACCORD LAITON GCU NUM 243 DIAM 12-3/8 (U)',1,5,1,'2021-05-06 11:37:28',NULL),(202,'RACCORD MULTICOUCHE A COMPRESSION ECROU TOURNANT DIAM 1/2-16 (U)',1,5,1,'2021-05-06 11:37:28',NULL),(203,'RACCORD MULTICOUCHE A COMPRESSION ECROU TOURNANT DIAM 3/8-16 (U)',1,5,1,'2021-05-06 11:37:28',NULL),(204,'RACCORD MULTICOUCHE A SERTIR ECROU LIBRE F DIAM 16-1/2 (U)',1,5,1,'2021-05-06 11:37:28',NULL),(205,'RACCORD MULTICOUCHE A SERTIR ECROU TOURNANT DIAM 3/8-16 (U)',1,5,1,'2021-05-06 11:37:28',NULL),(206,'RACCORD PER A GLISSEMENT A ECROU LIBRE F DIAM 12-1/2 (U)',1,5,1,'2021-05-06 11:37:28',NULL),(207,'RACCORD PER A GLISSEMENT A ECROU LIBRE F DIAM 12-3/8 (U)',1,5,1,'2021-05-06 11:37:28',NULL),(208,'RACCORDS EXCENTRES AVEC ROSACES MALE/MALE 1/2 - 3/4 (U)',1,5,1,'2021-05-06 11:37:28',NULL),(209,'RECEVEUR DE DOUCHE DIM 70X70CM ET BONDE (U)',1,5,1,'2021-05-06 11:37:28',NULL),(210,'REDUCTION GAUCHE POUR RADIATEUR FONTE ALU MF 1-3/8 (U)',1,5,1,'2021-05-06 11:37:28',NULL),(211,'REDUCTION PVC EXCENTREE DIAM 40 x 32 (U)',1,5,1,'2021-05-06 11:37:28',NULL),(212,'REDUCTION PVC MF DIAM 100.40 (U)',1,5,1,'2021-05-06 11:37:28',NULL),(213,'REDUCTION PVC MF DIAM 40-32 (U)',1,5,1,'2021-05-06 11:37:28',NULL),(214,'ROBINET D\'ARRET WC EQUERRE 3/8 (U)',1,5,1,'2021-05-06 11:37:28',NULL),(215,'ROBINET DE PUISAGE RACCORD A NEZ (U)',1,5,1,'2021-05-06 11:37:28',NULL),(216,'ROBINET DE RADIATEUR DROIT SIMPLE REGLAGE DIAM 1/2 (U)',1,5,1,'2021-05-06 11:37:28',NULL),(217,'ROBINET DE RADIATEUR DROIT SIMPLE REGLAGE DIAM 3/8 (U)',1,5,1,'2021-05-06 11:37:28',NULL),(218,'ROBINET DE RADIATEUR EQUERRE THERMOSTATIQUE DIAM 1/2 (U)',1,5,1,'2021-05-06 11:37:28',NULL),(219,'ROBINET DE RADIATEUR SIMPLE REGLAGE EQUERRE DIAM 1/2 (U)',1,5,1,'2021-05-06 11:37:28',NULL),(220,'ROBINET DE RADIATEUR SIMPLE REGLAGE EQUERRE DIAM 3/8 (U)',1,5,1,'2021-05-06 11:37:28',NULL),(221,'ROBINET LAVE MAINS (U)',1,5,1,'2021-05-06 11:37:28',NULL),(222,'ROBINET MACHINE A LAVER (U)',1,5,1,'2021-05-06 11:37:28',NULL),(223,'ROBINET MELANGEUR DOUCHE (U)',1,5,1,'2021-05-06 11:37:28',NULL),(224,'ROBINET MELANGEUR LAVABO (U)',1,5,1,'2021-05-06 11:37:28',NULL),(225,'ROSACE CONIQUE HAUT 19 MM (U)',1,5,1,'2021-05-06 11:37:28',NULL),(226,'ROSACE CONIQUE HAUT 9 MM (U)',1,5,1,'2021-05-06 11:37:28',NULL),(227,'ROULEAU TEFLON POUR SANITAIRE (U)',1,5,1,'2021-05-06 11:37:28',NULL),(228,'SELLE DE BRANCHEMENT 90 DEG DIAM 100-40 (U)',1,5,1,'2021-05-06 11:37:28',NULL),(229,'SIPHON PVC LAVABO 1 1/4 SORTIE HORIZONTALE DIAM 32 (U)',1,5,1,'2021-05-06 11:37:28',NULL),(230,'SIPHON PVC MACHINE A LAVER SORTIE HORIZONTALE DIAM 40 MM (U)',1,5,1,'2021-05-06 11:37:28',NULL),(231,'TE CUIVRE DIAM 12 (U)',1,5,1,'2021-05-06 11:37:28',NULL),(232,'TE PIED DE BICHE PVC 87.30 DEG FF DIAM 100 (U)',1,5,1,'2021-05-06 11:37:28',NULL),(233,'TE PIED DE BICHE PVC 87.30 DEG FF DIAM 32 (U)',1,5,1,'2021-05-06 11:37:28',NULL),(234,'TE PIED DE BICHE PVC 87.30 DEG FF DIAM 40 (U)',1,5,1,'2021-05-06 11:37:28',NULL),(235,'TUBE CUIVRE ECROUI DIAM 12 (Ml)',1,5,1,'2021-05-06 11:37:28',NULL),(236,'TUBE MULTICOUCHE DIAM 16 (Ml)',1,5,1,'2021-05-06 11:37:28',NULL),(237,'TUBE PER GAINE 13X16 BLEU (Ml)',1,5,1,'2021-05-06 11:37:28',NULL),(238,'TUBE PER GAINE 13X16 ROUGE (Ml)',1,5,1,'2021-05-06 11:37:28',NULL),(239,'TUBE PVC DIAM 100 (Ml)',1,5,1,'2021-05-06 11:37:28',NULL),(240,'TUBE PVC DIAM 32 (Ml)',1,5,1,'2021-05-06 11:37:28',NULL),(241,'TUBE PVC DIAM 40 (Ml)',1,5,1,'2021-05-06 11:37:28',NULL),(242,'URINOIR COQUILLE PACK (U)',1,5,1,'2021-05-06 11:37:28',NULL),(243,'VANNE BOISSEAU SPHERIQUE AVEC PURGE FF DIAM 3/4 (U)',1,5,1,'2021-05-06 11:37:28',NULL),(244,'VANNE BOISSEAU SPHERIQUE FF DIAM 3/8 (U)',1,5,1,'2021-05-06 11:37:28',NULL),(245,'WC PACK (U)',1,5,1,'2021-05-06 11:37:28',NULL),(246,'CHEVILLE NYLON DIAMETRE 8 a l unite',0,1,2,'2021-06-10 16:16:20',NULL),(247,'RAGREAGE',1,3,5,'2021-09-13 09:28:53',NULL),(248,'Serrure a larder condamnation',1,2,5,'2021-09-21 13:54:04',NULL),(249,'MANCHON MECHE 18MM',1,3,5,'2021-09-22 10:23:40',NULL),(250,'Colle PVC',1,5,6,'2021-09-29 13:50:50',NULL),(251,'Silicone sanitaire blanc',1,5,6,'2021-09-29 13:52:22',NULL),(252,'PEINTURE SATINEE PHASE AQUEUSE',20,3,5,'2021-10-04 08:25:58',NULL),(253,'Joint 3.8 ',50,5,5,'2021-10-06 10:57:00',NULL),(254,'Joint 1.2',50,5,5,'2021-10-06 10:57:23',NULL);
/*!40000 ALTER TABLE `amb_materiaux` ENABLE KEYS */;
UNLOCK TABLES;

--
-- Table structure for table `amb_materiauxutilises`
--

DROP TABLE IF EXISTS `amb_materiauxutilises`;
/*!40101 SET @saved_cs_client     = @@character_set_client */;
/*!40101 SET character_set_client = utf8 */;
CREATE TABLE `amb_materiauxutilises` (
  `idMateriauxUtilises` int(11) NOT NULL AUTO_INCREMENT,
  `idActivite` int(11) NOT NULL,
  `idMateriau` int(11) NOT NULL,
  `quantiteMat` int(11) NOT NULL,
  `dateCreation` datetime NOT NULL DEFAULT CURRENT_TIMESTAMP,
  `dateModification` datetime DEFAULT NULL ON UPDATE CURRENT_TIMESTAMP,
  PRIMARY KEY (`idMateriauxUtilises`),
  KEY `FK_materiauxUtilises__activites` (`idActivite`),
  KEY `FK_materiauxUtilises__materiaux0` (`idMateriau`)
) ENGINE=InnoDB AUTO_INCREMENT=1430 DEFAULT CHARSET=utf8;
/*!40101 SET character_set_client = @saved_cs_client */;

--
-- Dumping data for table `amb_materiauxutilises`
--

LOCK TABLES `amb_materiauxutilises` WRITE;
/*!40000 ALTER TABLE `amb_materiauxutilises` DISABLE KEYS */;
INSERT INTO `amb_materiauxutilises` VALUES (1,3,11,1,'2021-05-18 15:12:55',NULL),(2,3,36,1,'2021-05-18 15:12:55',NULL),(3,4,15,6,'2021-06-01 13:11:26',NULL),(4,4,35,25,'2021-06-01 13:11:26',NULL),(5,5,35,30,'2021-06-03 20:01:14',NULL),(6,5,28,50,'2021-06-03 20:01:14',NULL),(7,5,37,1,'2021-06-03 20:01:14',NULL),(8,5,21,24,'2021-06-03 20:01:14',NULL),(9,5,14,60,'2021-06-03 20:01:14',NULL),(10,6,35,0,'2021-06-03 20:09:15','2021-06-08 21:18:01'),(11,6,28,0,'2021-06-03 20:09:15','2021-06-08 21:18:01'),(12,6,37,0,'2021-06-03 20:09:15','2021-06-08 21:18:01'),(13,6,21,0,'2021-06-03 20:09:15','2021-06-08 21:18:01'),(14,6,14,0,'2021-06-03 20:09:15','2021-06-08 21:18:01'),(15,8,16,8,'2021-06-07 10:42:34',NULL),(16,8,37,1,'2021-06-07 10:42:34',NULL),(17,8,14,64,'2021-06-07 10:42:34',NULL),(18,8,21,16,'2021-06-07 10:42:34',NULL),(19,8,29,250,'2021-06-07 10:42:34',NULL),(20,8,31,220,'2021-06-07 10:42:34',NULL),(21,8,15,25,'2021-06-07 10:43:46','2021-06-07 14:58:50'),(22,8,35,25,'2021-06-07 10:43:46',NULL),(23,11,15,6,'2021-06-07 11:07:34',NULL),(24,11,35,25,'2021-06-07 11:07:34',NULL),(25,4,37,1,'2021-06-07 14:49:15',NULL),(26,4,43,1,'2021-06-07 14:52:25',NULL),(27,4,14,64,'2021-06-07 14:58:51',NULL),(28,4,16,8,'2021-06-07 14:58:51',NULL),(29,4,21,16,'2021-06-07 14:58:51',NULL),(30,4,29,250,'2021-06-07 14:58:51',NULL),(31,4,31,219,'2021-06-07 14:58:51','2021-06-07 15:06:14'),(32,17,14,64,'2021-06-07 17:47:55',NULL),(33,17,35,25,'2021-06-07 18:03:16',NULL),(34,17,44,12,'2021-06-07 18:36:42',NULL),(35,17,15,25,'2021-06-07 18:36:42',NULL),(36,17,16,8,'2021-06-07 18:36:42',NULL),(37,17,21,16,'2021-06-07 18:36:42',NULL),(38,17,29,250,'2021-06-07 18:36:42',NULL),(39,17,31,216,'2021-06-07 18:36:42',NULL),(40,19,37,1,'2021-06-08 19:00:58',NULL),(41,19,44,12,'2021-06-08 19:00:58',NULL),(42,19,14,12,'2021-06-08 19:00:58','2021-06-10 22:58:13'),(43,19,16,3,'2021-06-08 19:00:58','2021-06-10 22:58:13'),(44,19,21,4,'2021-06-08 19:00:58',NULL),(45,19,29,32,'2021-06-08 19:00:58',NULL),(46,19,31,77,'2021-06-08 19:00:58','2021-06-10 22:58:13'),(47,20,35,10,'2021-06-08 19:17:22',NULL),(48,20,14,6,'2021-06-08 19:17:22',NULL),(49,20,16,2,'2021-06-08 19:17:22',NULL),(50,20,21,2,'2021-06-08 19:17:22',NULL),(51,20,29,10,'2021-06-08 19:17:22',NULL),(52,20,30,10,'2021-06-08 19:17:22',NULL),(53,20,31,45,'2021-06-08 19:17:22','2021-06-16 12:31:57'),(61,22,37,1,'2021-06-08 19:30:47',NULL),(62,22,44,12,'2021-06-08 19:30:47',NULL),(63,22,29,32,'2021-06-08 19:30:47',NULL),(64,25,35,6,'2021-06-09 08:47:09',NULL),(65,25,14,6,'2021-06-09 08:47:09',NULL),(66,25,16,2,'2021-06-09 08:47:09',NULL),(67,25,21,2,'2021-06-09 08:47:09',NULL),(68,25,29,8,'2021-06-09 08:47:09',NULL),(69,25,31,45,'2021-06-09 08:47:09',NULL),(70,26,35,6,'2021-06-09 08:47:56',NULL),(71,26,14,6,'2021-06-09 08:47:56',NULL),(72,26,16,2,'2021-06-09 08:47:56',NULL),(73,26,21,42,'2021-06-09 08:47:56','2021-06-09 13:08:43'),(74,26,31,40,'2021-06-09 08:47:56',NULL),(80,28,4,1,'2021-06-09 11:03:03',NULL),(86,29,37,1,'2021-06-10 11:20:57',NULL),(87,29,44,4,'2021-06-10 11:20:57',NULL),(88,30,37,1,'2021-06-10 11:22:07',NULL),(89,30,44,3,'2021-06-10 11:22:07',NULL),(90,31,44,3,'2021-06-10 11:24:24',NULL),(91,31,37,1,'2021-06-10 11:24:24',NULL),(92,32,37,1,'2021-06-10 14:12:30',NULL),(93,33,37,1,'2021-06-10 14:15:07',NULL),(94,34,44,3,'2021-06-10 14:19:43',NULL),(95,36,37,1,'2021-06-10 14:48:19',NULL),(96,36,44,3,'2021-06-10 14:48:19',NULL),(97,37,35,6,'2021-06-14 14:20:08',NULL),(98,37,37,1,'2021-06-14 14:20:08',NULL),(99,37,16,2,'2021-06-14 14:20:08',NULL),(100,37,14,12,'2021-06-14 14:20:08',NULL),(101,37,21,4,'2021-06-14 14:20:08','2021-06-14 14:20:53'),(102,37,31,45,'2021-06-14 14:20:08','2021-06-14 14:20:53'),(103,37,32,6,'2021-06-14 14:20:08','2021-06-14 14:20:53'),(104,38,35,8,'2021-06-14 14:29:01',NULL),(105,38,37,1,'2021-06-14 14:34:27',NULL),(106,38,14,12,'2021-06-14 14:34:27',NULL),(107,38,16,3,'2021-06-14 14:34:27',NULL),(108,38,21,4,'2021-06-14 14:34:27',NULL),(109,38,30,20,'2021-06-14 14:34:27',NULL),(110,38,31,120,'2021-06-14 14:34:27',NULL),(111,22,35,11,'2021-06-14 16:21:34',NULL),(112,22,14,12,'2021-06-14 16:21:34',NULL),(113,22,16,3,'2021-06-14 16:21:34',NULL),(114,22,21,4,'2021-06-14 16:21:34',NULL),(115,22,30,16,'2021-06-14 16:21:34',NULL),(116,39,35,11,'2021-06-14 18:58:51',NULL),(117,39,37,1,'2021-06-14 18:58:51',NULL),(118,39,14,12,'2021-06-14 18:58:51',NULL),(119,39,21,4,'2021-06-14 18:58:51',NULL),(120,39,30,17,'2021-06-14 18:58:51',NULL),(121,39,31,84,'2021-06-14 18:58:51',NULL),(122,39,29,32,'2021-06-14 18:58:51',NULL),(123,39,44,12,'2021-06-14 18:58:51',NULL),(124,41,35,2,'2021-06-15 11:01:45',NULL),(125,41,14,2,'2021-06-15 11:02:21',NULL),(126,41,16,1,'2021-06-15 11:03:09',NULL),(127,41,21,2,'2021-06-15 11:03:09',NULL),(128,41,31,20,'2021-06-15 11:03:09',NULL),(129,41,30,3,'2021-06-15 11:03:46',NULL),(130,42,35,2,'2021-06-15 15:31:32',NULL),(131,42,31,80,'2021-06-15 15:43:05',NULL),(132,42,14,2,'2021-06-15 15:43:05',NULL),(133,42,21,2,'2021-06-15 15:43:05',NULL),(134,42,16,2,'2021-06-15 15:43:05',NULL),(135,42,30,4,'2021-06-15 15:43:05',NULL),(136,44,35,2,'2021-06-15 18:41:50',NULL),(137,44,37,1,'2021-06-15 18:41:50',NULL),(138,44,44,12,'2021-06-15 18:41:50',NULL),(139,44,14,3,'2021-06-15 18:41:50',NULL),(140,44,16,2,'2021-06-15 18:41:50',NULL),(141,44,21,2,'2021-06-15 18:41:50',NULL),(142,44,30,2,'2021-06-15 18:41:50',NULL),(143,44,31,80,'2021-06-15 18:41:50',NULL),(144,43,33,12,'2021-06-16 12:14:53',NULL),(145,43,35,2,'2021-06-16 12:14:53',NULL),(146,43,37,1,'2021-06-16 12:14:53',NULL),(147,43,14,3,'2021-06-16 12:14:53',NULL),(148,43,16,2,'2021-06-16 12:14:53',NULL),(149,43,21,2,'2021-06-16 12:14:53',NULL),(150,43,31,86,'2021-06-16 12:14:53',NULL),(151,45,44,3,'2021-06-16 13:28:02',NULL),(152,45,14,2,'2021-06-16 13:28:02',NULL),(153,45,16,1,'2021-06-16 13:28:02',NULL),(154,45,21,2,'2021-06-16 13:29:48',NULL),(155,45,31,20,'2021-06-16 13:29:48',NULL),(156,46,16,1,'2021-06-16 14:26:38',NULL),(157,46,21,2,'2021-06-16 14:26:38',NULL),(158,46,14,2,'2021-06-16 14:26:38',NULL),(159,47,44,3,'2021-06-16 14:29:35',NULL),(160,47,37,1,'2021-06-16 14:29:35',NULL),(161,47,14,2,'2021-06-16 14:29:35',NULL),(162,47,21,2,'2021-06-16 14:29:35',NULL),(163,47,16,1,'2021-06-16 14:29:35',NULL),(164,47,31,20,'2021-06-16 14:29:35',NULL),(165,47,32,8,'2021-06-16 14:29:35',NULL),(166,48,37,1,'2021-06-16 14:57:12',NULL),(167,48,44,12,'2021-06-16 14:57:12',NULL),(168,48,14,2,'2021-06-16 14:57:12',NULL),(169,48,16,1,'2021-06-16 14:57:12',NULL),(170,48,21,2,'2021-06-16 14:57:12',NULL),(171,48,32,28,'2021-06-16 14:57:12',NULL),(172,49,37,1,'2021-06-17 09:11:50',NULL),(173,49,35,4,'2021-06-17 09:11:50',NULL),(174,49,44,3,'2021-06-17 09:11:50',NULL),(175,49,14,4,'2021-06-17 09:11:50',NULL),(176,49,32,10,'2021-06-17 09:11:50',NULL),(177,49,31,30,'2021-06-17 09:11:50',NULL),(178,50,34,10,'2021-06-17 14:17:19',NULL),(179,50,35,3,'2021-06-17 14:17:19',NULL),(180,50,14,4,'2021-06-17 14:17:19',NULL),(181,50,16,1,'2021-06-17 14:17:19',NULL),(182,50,21,1,'2021-06-17 14:17:19',NULL),(183,51,35,4,'2021-06-17 14:20:45',NULL),(184,51,14,4,'2021-06-17 14:20:45',NULL),(185,51,16,1,'2021-06-17 14:20:45',NULL),(186,50,32,2,'2021-06-17 14:20:46',NULL),(187,50,31,32,'2021-06-17 14:20:46',NULL),(188,51,21,1,'2021-06-17 14:23:03',NULL),(189,51,31,30,'2021-06-17 14:23:03',NULL),(190,51,30,4,'2021-06-17 14:23:03',NULL),(191,51,34,8,'2021-06-17 14:26:13',NULL),(192,52,34,10,'2021-06-17 20:10:58',NULL),(193,52,35,4,'2021-06-17 20:10:58',NULL),(194,52,37,1,'2021-06-17 20:10:58',NULL),(195,52,44,3,'2021-06-17 20:10:58',NULL),(196,52,14,4,'2021-06-17 20:10:58',NULL),(197,52,16,1,'2021-06-17 20:10:58',NULL),(198,52,21,1,'2021-06-17 20:10:58',NULL),(199,52,30,4,'2021-06-17 20:10:58',NULL),(200,52,31,36,'2021-06-17 20:10:58',NULL),(201,53,37,1,'2021-06-18 13:59:50',NULL),(202,53,44,12,'2021-06-18 13:59:50',NULL),(203,53,14,1,'2021-06-18 13:59:50',NULL),(204,53,16,1,'2021-06-18 13:59:50',NULL),(205,53,21,2,'2021-06-18 13:59:50',NULL),(206,53,28,8,'2021-06-18 13:59:50',NULL),(207,53,30,2,'2021-06-18 13:59:50','2021-06-21 18:50:55'),(208,53,31,24,'2021-06-18 13:59:50','2021-06-21 18:50:55'),(209,55,14,1,'2021-06-21 13:00:42',NULL),(210,55,16,1,'2021-06-21 13:00:42',NULL),(211,55,21,2,'2021-06-21 13:00:42',NULL),(212,55,31,20,'2021-06-21 13:00:42',NULL),(213,54,44,3,'2021-06-21 13:03:50',NULL),(214,54,37,1,'2021-06-21 13:03:50',NULL),(215,54,14,1,'2021-06-21 13:03:50',NULL),(216,54,16,1,'2021-06-21 13:03:50',NULL),(217,54,21,2,'2021-06-21 13:03:50',NULL),(218,54,31,60,'2021-06-21 13:03:50',NULL),(219,56,14,1,'2021-06-21 13:33:30',NULL),(220,56,16,1,'2021-06-21 13:33:30',NULL),(221,56,21,2,'2021-06-21 13:33:30',NULL),(222,56,31,30,'2021-06-21 13:33:30',NULL),(223,57,44,3,'2021-06-22 15:52:15',NULL),(224,57,41,2,'2021-06-22 15:52:15',NULL),(225,57,1,20,'2021-06-22 15:52:15',NULL),(226,57,2,3,'2021-06-22 15:52:15',NULL),(227,57,10,2,'2021-06-22 15:52:15',NULL),(230,59,44,2,'2021-06-23 12:36:42',NULL),(231,59,1,10,'2021-06-23 12:36:42',NULL),(232,59,2,3,'2021-06-23 12:36:42',NULL),(233,59,10,2,'2021-06-23 12:37:56',NULL),(234,59,73,1,'2021-06-23 12:37:56',NULL),(235,60,1,10,'2021-06-23 12:40:13',NULL),(236,60,44,2,'2021-06-23 12:40:13',NULL),(237,60,2,3,'2021-06-23 12:40:13',NULL),(238,60,10,2,'2021-06-23 12:40:13',NULL),(239,60,73,1,'2021-06-23 12:40:13',NULL),(240,58,36,1,'2021-06-23 22:24:54',NULL),(241,58,41,1,'2021-06-23 22:24:54',NULL),(242,58,44,5,'2021-06-23 22:24:54',NULL),(243,58,1,10,'2021-06-23 22:24:54',NULL),(244,58,2,3,'2021-06-23 22:24:54',NULL),(245,58,10,1,'2021-06-23 22:24:54',NULL),(246,61,8,2,'2021-06-24 16:25:37',NULL),(247,61,65,6,'2021-06-24 16:25:37',NULL),(248,61,58,2,'2021-06-24 16:29:21',NULL),(249,61,81,2,'2021-06-24 16:29:21',NULL),(250,61,61,5,'2021-06-24 16:29:21',NULL),(251,62,34,8,'2021-06-24 16:29:37',NULL),(252,62,37,1,'2021-06-24 16:29:37',NULL),(253,62,8,2,'2021-06-24 16:29:37',NULL),(254,62,65,6,'2021-06-24 16:29:37',NULL),(255,61,34,8,'2021-06-24 16:30:30',NULL),(256,62,58,2,'2021-06-24 16:32:26',NULL),(257,62,81,2,'2021-06-24 16:32:26',NULL),(258,62,61,5,'2021-06-24 16:32:26',NULL),(259,63,37,1,'2021-06-28 11:10:40',NULL),(260,63,44,3,'2021-06-28 11:10:40',NULL),(261,63,29,29,'2021-06-28 11:10:40',NULL),(262,63,61,5,'2021-06-28 11:10:40',NULL),(263,63,65,6,'2021-06-28 11:10:40',NULL),(264,63,81,1,'2021-06-28 11:10:40',NULL),(265,63,85,2,'2021-06-28 11:10:40',NULL),(266,64,34,12,'2021-06-28 15:30:02',NULL),(267,64,36,1,'2021-06-28 15:30:26',NULL),(268,64,37,1,'2021-06-28 15:30:26',NULL),(269,64,44,5,'2021-06-28 15:31:12',NULL),(270,64,8,2,'2021-06-28 15:31:12',NULL),(271,64,29,8,'2021-06-28 16:23:58',NULL),(272,65,66,1,'2021-06-29 15:07:25',NULL),(273,65,59,45,'2021-06-29 15:07:25',NULL),(275,66,36,1,'2021-06-29 19:04:17',NULL),(276,66,37,1,'2021-06-29 19:04:17',NULL),(277,66,44,5,'2021-06-29 19:09:41',NULL),(278,66,31,5,'2021-06-29 19:09:41',NULL),(279,66,59,45,'2021-06-29 19:09:41',NULL),(280,66,66,1,'2021-06-29 19:09:41',NULL),(281,66,72,3,'2021-06-29 19:09:41',NULL),(282,66,73,1,'2021-06-29 19:09:41',NULL),(283,67,66,1,'2021-06-30 10:14:11',NULL),(284,67,59,30,'2021-06-30 10:14:11',NULL),(285,68,45,1,'2021-06-30 16:06:09',NULL),(286,68,36,1,'2021-06-30 16:06:09',NULL),(287,68,60,50,'2021-06-30 16:06:09',NULL),(288,68,72,4,'2021-06-30 16:06:09',NULL),(290,70,36,1,'2021-07-01 20:29:08',NULL),(291,70,37,1,'2021-07-01 20:29:08',NULL),(292,70,41,1,'2021-07-01 21:59:03',NULL),(293,70,44,5,'2021-07-01 21:59:03',NULL),(294,70,45,2,'2021-07-01 22:00:48',NULL),(295,70,60,58,'2021-07-01 22:00:48',NULL),(296,70,72,4,'2021-07-01 22:01:58',NULL),(297,70,74,1,'2021-07-01 22:01:58',NULL),(298,71,36,1,'2021-07-02 10:39:13',NULL),(299,71,41,1,'2021-07-02 10:39:13',NULL),(300,71,44,3,'2021-07-02 10:39:13',NULL),(301,71,45,2,'2021-07-02 10:39:13',NULL),(302,71,60,30,'2021-07-02 10:39:13',NULL),(303,71,66,1,'2021-07-02 10:39:13',NULL),(304,71,72,3,'2021-07-02 10:39:13',NULL),(305,71,74,1,'2021-07-02 10:41:19',NULL),(306,72,36,1,'2021-07-02 18:17:09',NULL),(307,72,37,1,'2021-07-02 18:17:09',NULL),(308,72,44,5,'2021-07-02 18:18:05',NULL),(309,72,10,1,'2021-07-02 18:18:05',NULL),(310,72,31,3,'2021-07-02 18:21:14',NULL),(311,72,14,1,'2021-07-02 18:21:14',NULL),(312,72,46,1,'2021-07-02 18:23:25',NULL),(313,72,59,62,'2021-07-02 18:23:25',NULL),(314,72,66,1,'2021-07-02 18:26:01',NULL),(315,72,72,1,'2021-07-02 18:26:01',NULL),(316,73,62,1,'2021-07-05 15:21:58',NULL),(317,73,52,1,'2021-07-05 15:21:58',NULL),(318,74,36,1,'2021-07-05 20:58:19',NULL),(319,74,37,1,'2021-07-05 20:58:19',NULL),(320,74,44,5,'2021-07-05 21:08:03',NULL),(321,74,52,1,'2021-07-05 21:08:03',NULL),(322,74,62,2,'2021-07-05 21:08:34',NULL),(323,76,44,2,'2021-07-07 15:21:52',NULL),(324,76,41,1,'2021-07-07 15:21:52',NULL),(325,76,36,1,'2021-07-07 15:21:52',NULL),(326,76,77,3,'2021-07-07 15:21:52',NULL),(327,77,44,2,'2021-07-07 15:33:45',NULL),(328,77,52,2,'2021-07-07 15:33:45',NULL),(329,77,62,10,'2021-07-07 15:33:45',NULL),(330,78,77,15,'2021-07-08 11:08:37',NULL),(331,78,69,1,'2021-07-08 11:12:38',NULL),(332,79,10,2,'2021-07-08 11:29:21',NULL),(333,79,75,2,'2021-07-08 11:29:21',NULL),(334,79,79,15,'2021-07-08 11:29:21',NULL),(335,80,36,1,'2021-07-08 20:06:49',NULL),(336,80,41,1,'2021-07-08 20:06:49',NULL),(337,80,44,7,'2021-07-08 20:08:20',NULL),(338,80,63,1,'2021-07-08 20:08:20',NULL),(339,80,75,2,'2021-07-08 20:09:42',NULL),(340,80,80,1,'2021-07-08 20:09:42',NULL),(341,80,69,1,'2021-07-08 20:24:21',NULL),(342,75,36,1,'2021-07-08 20:32:03',NULL),(343,75,44,3,'2021-07-08 20:32:03',NULL),(344,75,69,1,'2021-07-08 20:33:54',NULL),(345,75,75,1,'2021-07-08 20:33:54',NULL),(346,75,77,1,'2021-07-08 20:42:47',NULL),(347,75,80,1,'2021-07-08 20:42:47',NULL),(348,81,36,1,'2021-07-08 20:54:06',NULL),(349,81,44,3,'2021-07-08 20:54:06',NULL),(350,81,69,1,'2021-07-08 20:55:32',NULL),(351,81,77,1,'2021-07-08 20:55:32',NULL),(352,81,80,1,'2021-07-08 20:55:32',NULL),(353,82,80,15,'2021-07-09 11:35:01',NULL),(354,82,75,1,'2021-07-09 11:35:01',NULL),(355,82,69,1,'2021-07-09 11:37:04',NULL),(356,69,74,1,'2021-07-12 13:22:29',NULL),(357,69,37,1,'2021-07-12 13:22:29',NULL),(358,69,45,1,'2021-07-12 13:22:29',NULL),(359,69,59,60,'2021-07-12 13:22:29',NULL),(360,69,72,4,'2021-07-12 13:22:29',NULL),(361,69,36,1,'2021-07-12 13:22:29',NULL),(362,83,44,2,'2021-07-12 16:22:40',NULL),(363,83,75,1,'2021-07-12 16:22:40',NULL),(364,83,79,1,'2021-07-12 16:22:40',NULL),(365,83,69,1,'2021-07-12 16:27:44',NULL),(366,84,6,1,'2021-07-13 13:23:27',NULL),(367,84,37,1,'2021-07-13 13:23:27',NULL),(368,84,50,1,'2021-07-13 13:25:11',NULL),(369,85,83,2,'2021-07-13 13:25:29',NULL),(370,85,52,1,'2021-07-13 13:25:29',NULL),(371,85,43,3,'2021-07-13 13:25:29',NULL),(372,85,36,1,'2021-07-13 13:25:29',NULL),(373,86,36,1,'2021-07-13 13:37:12',NULL),(374,86,62,1,'2021-07-13 13:37:12',NULL),(375,86,52,1,'2021-07-13 13:37:12',NULL),(376,87,52,1,'2021-07-13 13:39:36',NULL),(377,87,83,3,'2021-07-13 13:39:36',NULL),(378,88,80,1,'2021-07-13 13:54:03',NULL),(379,88,69,1,'2021-07-13 13:54:03',NULL),(380,88,75,1,'2021-07-13 13:54:03',NULL),(382,89,50,1,'2021-07-13 14:02:12',NULL),(383,89,6,1,'2021-07-13 14:02:12',NULL),(384,91,68,1,'2021-07-13 14:28:33',NULL),(385,91,69,1,'2021-07-13 14:28:33',NULL),(386,91,77,5,'2021-07-13 14:28:33',NULL),(387,92,52,1,'2021-07-13 14:42:28',NULL),(388,92,83,3,'2021-07-13 14:42:28',NULL),(389,93,37,1,'2021-07-13 20:12:41',NULL),(390,93,41,1,'2021-07-13 20:12:41',NULL),(391,93,44,4,'2021-07-13 20:13:56',NULL),(392,93,6,2,'2021-07-13 20:13:56',NULL),(393,93,50,1,'2021-07-13 20:17:25',NULL),(394,94,37,1,'2021-07-13 21:14:36',NULL),(395,94,44,4,'2021-07-13 21:14:36',NULL),(396,94,52,1,'2021-07-13 21:18:55',NULL),(397,94,83,3,'2021-07-13 21:18:55',NULL),(398,94,69,1,'2021-07-13 21:32:25',NULL),(399,95,36,1,'2021-07-13 22:21:39',NULL),(400,95,41,1,'2021-07-13 22:21:39',NULL),(401,95,44,5,'2021-07-13 22:22:54',NULL),(402,95,46,3,'2021-07-13 22:22:54',NULL),(403,95,69,1,'2021-07-13 22:23:42',NULL),(404,95,75,1,'2021-07-13 22:23:42',NULL),(406,96,36,1,'2021-07-14 21:32:53',NULL),(407,96,41,1,'2021-07-14 21:32:53',NULL),(408,96,46,3,'2021-07-14 21:34:06',NULL),(409,96,75,1,'2021-07-14 21:34:06',NULL),(410,96,44,3,'2021-07-14 21:37:33',NULL),(411,96,80,1,'2021-07-14 21:37:33',NULL),(412,97,79,4,'2021-07-15 16:06:07',NULL),(413,97,75,1,'2021-07-15 16:06:07',NULL),(414,97,44,3,'2021-07-15 16:06:07',NULL),(415,97,69,1,'2021-07-15 16:07:17',NULL),(416,98,79,1,'2021-07-15 16:11:49',NULL),(417,98,75,1,'2021-07-15 16:11:49',NULL),(418,98,44,3,'2021-07-15 16:11:49',NULL),(419,90,36,1,'2021-07-16 09:51:46',NULL),(420,90,54,1,'2021-07-16 09:51:46',NULL),(421,90,56,1,'2021-07-16 09:52:54',NULL),(422,90,80,3,'2021-07-16 09:52:54',NULL),(423,99,80,1,'2021-07-16 10:00:53',NULL),(424,100,50,1,'2021-07-16 10:13:14',NULL),(425,100,6,1,'2021-07-16 10:13:14',NULL),(426,95,79,4,'2021-07-16 13:30:14','2021-07-16 13:32:43'),(427,13,36,2,'2021-09-07 10:33:25',NULL),(428,13,2,1,'2021-09-07 10:33:25',NULL),(429,13,5,1,'2021-09-07 10:33:25',NULL),(430,101,66,1,'2021-09-08 11:37:21','2021-09-08 11:50:26'),(431,102,37,1,'2021-09-08 15:28:05',NULL),(432,102,44,1,'2021-09-08 15:28:05',NULL),(433,103,38,1,'2021-09-08 15:59:56',NULL),(434,104,59,20,'2021-09-09 14:27:21',NULL),(435,104,66,1,'2021-09-09 14:27:21',NULL),(436,104,73,1,'2021-09-09 14:27:21',NULL),(437,104,72,1,'2021-09-09 14:27:21',NULL),(438,105,37,1,'2021-09-13 08:52:34',NULL),(439,105,49,1,'2021-09-13 08:52:34',NULL),(440,105,62,1,'2021-09-13 08:52:34',NULL),(441,106,59,20,'2021-09-13 09:02:42',NULL),(442,106,72,1,'2021-09-13 09:02:42',NULL),(443,106,73,1,'2021-09-13 09:02:42',NULL),(444,107,37,1,'2021-09-13 09:06:35',NULL),(445,107,6,5,'2021-09-13 09:06:35',NULL),(446,107,17,3,'2021-09-13 09:06:35',NULL),(447,108,14,4,'2021-09-13 09:18:20',NULL),(448,108,21,2,'2021-09-13 09:18:20',NULL),(449,108,16,1,'2021-09-13 09:18:20',NULL),(450,108,1,6,'2021-09-13 09:18:20',NULL),(451,108,10,3,'2021-09-13 09:18:20',NULL),(452,108,31,40,'2021-09-13 09:18:20',NULL),(453,108,30,20,'2021-09-13 09:18:20',NULL),(454,109,37,1,'2021-09-13 10:51:37',NULL),(455,109,43,1,'2021-09-13 10:51:37',NULL),(456,109,49,1,'2021-09-13 10:51:37',NULL),(457,109,62,2,'2021-09-13 10:51:37',NULL),(458,110,1,1,'2021-09-13 11:21:27',NULL),(459,110,3,1,'2021-09-13 11:21:27',NULL),(460,110,10,1,'2021-09-13 11:21:27',NULL),(461,110,21,6,'2021-09-13 11:21:27',NULL),(462,110,14,8,'2021-09-13 11:21:28',NULL),(463,110,31,1,'2021-09-13 11:21:28',NULL),(464,110,32,1,'2021-09-13 11:21:28',NULL),(465,110,16,5,'2021-09-13 11:21:28',NULL),(466,111,45,1,'2021-09-13 11:29:29',NULL),(467,111,60,40,'2021-09-13 11:29:29',NULL),(468,111,74,1,'2021-09-13 11:29:29',NULL),(469,111,247,13,'2021-09-13 11:29:29',NULL),(470,112,66,1,'2021-09-13 11:34:10',NULL),(471,112,59,1,'2021-09-13 11:34:10',NULL),(472,112,73,1,'2021-09-13 11:34:10',NULL),(473,112,72,1,'2021-09-13 11:34:10',NULL),(474,113,1,1,'2021-09-13 11:34:58',NULL),(476,113,14,2,'2021-09-13 11:34:58',NULL),(477,113,16,1,'2021-09-13 11:34:58',NULL),(478,114,37,1,'2021-09-13 11:46:58',NULL),(480,114,32,1,'2021-09-13 11:46:58',NULL),(481,114,9,1,'2021-09-13 11:46:58',NULL),(482,114,58,1,'2021-09-13 11:46:58',NULL),(483,115,37,1,'2021-09-13 13:17:35',NULL),(484,115,45,1,'2021-09-13 13:17:35',NULL),(485,116,37,1,'2021-09-13 13:30:30',NULL),(486,116,59,1,'2021-09-13 13:30:30',NULL),(487,116,72,1,'2021-09-13 13:30:30',NULL),(488,116,66,1,'2021-09-13 13:30:30',NULL),(489,118,21,1,'2021-09-13 13:57:11',NULL),(490,118,31,2,'2021-09-13 13:57:11',NULL),(491,118,66,1,'2021-09-13 13:57:11',NULL),(492,118,60,100,'2021-09-13 13:57:11',NULL),(493,118,72,1,'2021-09-13 13:57:11',NULL),(494,118,73,1,'2021-09-13 13:57:11',NULL),(495,119,33,1,'2021-09-13 14:03:08',NULL),(496,119,37,1,'2021-09-13 14:03:08',NULL),(497,119,49,1,'2021-09-13 14:03:08',NULL),(498,119,247,11,'2021-09-13 14:03:08',NULL),(499,119,62,1,'2021-09-13 14:03:08',NULL),(500,120,33,1,'2021-09-13 14:03:21',NULL),(501,120,37,1,'2021-09-13 14:03:21',NULL),(502,120,49,1,'2021-09-13 14:03:21',NULL),(503,120,247,11,'2021-09-13 14:03:21',NULL),(504,120,62,1,'2021-09-13 14:03:21',NULL),(505,121,75,1,'2021-09-13 14:53:37',NULL),(507,122,75,1,'2021-09-13 15:28:55',NULL),(509,123,62,1,'2021-09-13 15:51:07',NULL),(510,123,49,1,'2021-09-13 15:51:07',NULL),(511,123,247,1,'2021-09-13 15:51:07',NULL),(512,123,37,1,'2021-09-13 15:51:07',NULL),(513,124,21,1,'2021-09-13 15:52:08',NULL),(515,124,31,3,'2021-09-13 15:52:08',NULL),(516,124,66,1,'2021-09-13 15:52:08',NULL),(517,124,73,1,'2021-09-13 15:52:08',NULL),(518,124,72,1,'2021-09-13 15:52:08',NULL),(519,125,20,1,'2021-09-13 16:09:09',NULL),(520,125,6,2,'2021-09-13 16:09:09',NULL),(521,125,17,2,'2021-09-13 16:09:09',NULL),(522,126,17,2,'2021-09-13 16:09:13',NULL),(523,126,37,1,'2021-09-13 16:09:13',NULL),(524,126,20,20,'2021-09-13 16:09:13',NULL),(525,126,6,2,'2021-09-13 16:09:13',NULL),(526,127,18,1,'2021-09-13 16:24:33',NULL),(527,127,22,1,'2021-09-13 16:24:33',NULL),(529,128,75,1,'2021-09-13 16:31:40',NULL),(530,129,62,1,'2021-09-13 16:35:50',NULL),(534,131,37,1,'2021-09-13 16:48:30',NULL),(535,130,72,1,'2021-09-13 18:05:08',NULL),(536,130,59,1,'2021-09-13 18:05:08',NULL),(537,130,25,1,'2021-09-13 18:05:08',NULL),(538,130,66,1,'2021-09-13 18:05:08',NULL),(539,130,73,1,'2021-09-13 18:05:08',NULL),(540,129,49,1,'2021-09-13 18:07:53',NULL),(541,132,18,1,'2021-09-13 18:17:37',NULL),(542,132,9,1,'2021-09-13 18:17:37',NULL),(543,133,80,1,'2021-09-13 18:39:20',NULL),(544,133,38,1,'2021-09-13 18:39:20',NULL),(545,138,112,2,'2021-09-15 08:27:05',NULL),(546,139,45,1,'2021-09-15 08:29:12',NULL),(547,139,60,20,'2021-09-15 08:29:12',NULL),(548,139,72,1,'2021-09-15 08:29:12',NULL),(549,139,74,1,'2021-09-15 08:29:12',NULL),(550,140,49,1,'2021-09-15 08:38:02',NULL),(551,140,62,1,'2021-09-15 08:38:02',NULL),(555,141,58,1,'2021-09-15 08:49:15',NULL),(556,141,61,9,'2021-09-15 08:49:15',NULL),(557,141,64,3,'2021-09-15 08:49:15',NULL),(558,141,65,4,'2021-09-15 08:49:15',NULL),(559,141,81,1,'2021-09-15 08:49:15',NULL),(560,141,85,1,'2021-09-15 08:49:15',NULL),(561,141,8,2,'2021-09-15 08:49:15',NULL),(562,142,22,1,'2021-09-15 09:07:41',NULL),(563,142,18,1,'2021-09-15 09:07:41',NULL),(564,143,9,1,'2021-09-15 10:21:35',NULL),(565,143,22,1,'2021-09-15 10:21:35',NULL),(566,144,6,6,'2021-09-15 10:30:44',NULL),(567,144,17,2,'2021-09-15 10:30:44',NULL),(568,144,20,30,'2021-09-15 10:30:44',NULL),(569,144,50,1,'2021-09-15 10:30:44',NULL),(570,145,1,1,'2021-09-15 10:50:56',NULL),(571,147,143,1,'2021-09-15 11:24:06',NULL),(572,146,86,2,'2021-09-15 11:44:23',NULL),(573,146,91,1,'2021-09-15 11:44:23',NULL),(574,146,100,4,'2021-09-15 11:44:23',NULL),(575,146,99,8,'2021-09-15 11:44:23',NULL),(576,146,134,2,'2021-09-15 11:44:23',NULL),(577,146,104,4,'2021-09-15 11:44:23',NULL),(578,146,103,6,'2021-09-15 11:44:23',NULL),(579,146,116,5,'2021-09-15 11:44:23',NULL),(580,146,119,5,'2021-09-15 11:44:23',NULL),(581,146,120,5,'2021-09-15 11:44:23',NULL),(582,146,118,5,'2021-09-15 11:44:23',NULL),(583,146,121,5,'2021-09-15 11:44:23',NULL),(584,146,122,5,'2021-09-15 11:44:23',NULL),(585,146,123,5,'2021-09-15 11:44:23',NULL),(586,146,113,2,'2021-09-15 11:44:23',NULL),(587,146,143,1,'2021-09-15 11:44:23',NULL),(588,146,132,1,'2021-09-15 11:44:23',NULL),(589,131,6,3,'2021-09-15 12:30:54',NULL),(590,131,17,2,'2021-09-15 12:30:54',NULL),(591,131,20,1,'2021-09-15 12:30:54',NULL),(592,134,51,1,'2021-09-15 12:41:13',NULL),(593,134,52,1,'2021-09-15 12:41:13',NULL),(594,134,83,1,'2021-09-15 12:41:13',NULL),(595,134,76,1,'2021-09-15 12:41:13',NULL),(596,151,9,1,'2021-09-15 14:18:30',NULL),(597,151,18,1,'2021-09-15 14:18:30',NULL),(598,151,22,1,'2021-09-15 14:18:30',NULL),(599,152,9,1,'2021-09-15 14:57:46',NULL),(600,152,22,1,'2021-09-15 14:57:46',NULL),(601,153,38,5,'2021-09-15 15:25:16',NULL),(602,153,37,1,'2021-09-15 15:25:16',NULL),(603,153,52,3,'2021-09-15 15:25:16',NULL),(604,153,51,3,'2021-09-15 15:25:16',NULL),(606,153,76,3,'2021-09-15 15:25:16',NULL),(607,153,83,5,'2021-09-15 15:25:16',NULL),(608,154,37,1,'2021-09-15 16:09:54',NULL),(609,154,6,3,'2021-09-15 16:09:54',NULL),(610,154,17,2,'2021-09-15 16:09:54',NULL),(611,154,50,1,'2021-09-15 16:09:54',NULL),(612,154,20,13,'2021-09-15 16:09:54',NULL),(615,155,9,1,'2021-09-15 16:24:28',NULL),(616,155,18,1,'2021-09-15 16:24:28',NULL),(617,155,22,1,'2021-09-15 16:24:28',NULL),(619,156,44,1,'2021-09-15 16:43:31',NULL),(620,156,31,1,'2021-09-15 16:43:31',NULL),(621,156,86,4,'2021-09-15 16:43:31',NULL),(622,156,91,1,'2021-09-15 16:43:31',NULL),(623,156,93,1,'2021-09-15 16:43:31',NULL),(624,156,98,1,'2021-09-15 16:43:31',NULL),(625,156,99,1,'2021-09-15 16:43:31',NULL),(626,156,100,5,'2021-09-15 16:43:31',NULL),(627,157,36,1,'2021-09-15 20:36:50',NULL),(628,157,38,4,'2021-09-15 20:42:17',NULL),(629,157,68,1,'2021-09-15 20:42:17',NULL),(630,157,69,1,'2021-09-15 20:42:17',NULL),(631,157,80,3,'2021-09-15 20:42:17',NULL),(633,158,86,2,'2021-09-15 21:02:38','2021-09-15 21:20:06'),(634,158,91,1,'2021-09-15 21:02:38',NULL),(635,158,93,2,'2021-09-15 21:02:38','2021-09-15 21:20:06'),(636,158,99,5,'2021-09-15 21:02:38','2021-09-15 21:20:06'),(637,158,100,3,'2021-09-15 21:02:38','2021-09-15 21:20:06'),(638,158,103,6,'2021-09-15 21:02:38','2021-09-15 21:20:06'),(639,158,104,1,'2021-09-15 21:02:38',NULL),(641,158,118,4,'2021-09-15 21:02:38','2021-09-15 21:20:06'),(642,158,119,6,'2021-09-15 21:02:38','2021-09-15 21:20:06'),(643,158,116,5,'2021-09-15 21:02:38','2021-09-15 21:20:06'),(644,158,117,5,'2021-09-15 21:02:38','2021-09-15 21:20:06'),(645,158,120,5,'2021-09-15 21:02:38','2021-09-15 21:20:06'),(646,158,121,3,'2021-09-15 21:02:38','2021-09-15 21:20:06'),(647,158,122,3,'2021-09-15 21:02:38','2021-09-15 21:20:06'),(648,158,123,3,'2021-09-15 21:02:38','2021-09-15 21:20:06'),(649,158,129,1,'2021-09-15 21:02:38',NULL),(650,158,132,1,'2021-09-15 21:02:38',NULL),(651,158,134,2,'2021-09-15 21:02:38','2021-09-15 21:20:06'),(652,158,143,1,'2021-09-15 21:02:38',NULL),(653,158,130,2,'2021-09-15 21:20:06',NULL),(656,160,116,1,'2021-09-15 21:33:00',NULL),(657,160,118,1,'2021-09-15 21:33:00','2021-09-15 21:41:47'),(658,160,119,1,'2021-09-15 21:33:00','2021-09-15 21:41:47'),(659,160,120,1,'2021-09-15 21:33:00','2021-09-15 21:41:47'),(660,160,121,1,'2021-09-15 21:33:00','2021-09-15 21:41:47'),(661,160,122,1,'2021-09-15 21:33:00','2021-09-15 21:41:47'),(662,160,123,1,'2021-09-15 21:33:00','2021-09-15 21:41:47'),(663,160,117,2,'2021-09-15 21:41:47',NULL),(664,161,38,5,'2021-09-15 22:35:54',NULL),(665,161,55,1,'2021-09-15 22:35:54',NULL),(666,161,69,1,'2021-09-15 22:54:02',NULL),(667,161,79,5,'2021-09-15 22:54:02',NULL),(669,162,14,2,'2021-09-16 08:31:27',NULL),(670,162,21,2,'2021-09-16 08:31:27',NULL),(671,162,16,2,'2021-09-16 08:31:27',NULL),(673,165,44,2,'2021-09-16 08:39:54',NULL),(674,165,77,1,'2021-09-16 08:42:53',NULL),(676,167,32,80,'2021-09-16 09:23:17',NULL),(677,168,5,1,'2021-09-16 09:28:57',NULL),(678,168,44,10,'2021-09-16 09:35:33',NULL),(679,169,18,1,'2021-09-16 11:34:38',NULL),(680,169,9,1,'2021-09-16 11:34:38',NULL),(681,170,41,1,'2021-09-16 11:40:14',NULL),(682,170,18,1,'2021-09-16 11:46:32',NULL),(683,170,9,1,'2021-09-16 11:46:32',NULL),(689,156,118,5,'2021-09-16 19:26:09',NULL),(690,156,119,5,'2021-09-16 19:26:09',NULL),(691,156,116,5,'2021-09-16 19:26:09',NULL),(692,156,120,5,'2021-09-16 19:26:09',NULL),(693,156,121,2,'2021-09-16 19:26:09',NULL),(694,135,86,1,'2021-09-18 10:42:15',NULL),(695,176,76,1,'2021-09-18 13:33:51',NULL),(696,176,77,1,'2021-09-18 13:33:51',NULL),(697,176,75,1,'2021-09-18 13:33:51',NULL),(698,176,83,1,'2021-09-18 13:33:51',NULL),(699,177,76,1,'2021-09-18 13:34:41',NULL),(700,177,77,1,'2021-09-18 13:34:41',NULL),(701,177,75,1,'2021-09-18 13:34:41',NULL),(702,177,83,1,'2021-09-18 13:34:41',NULL),(704,178,76,1,'2021-09-19 09:26:51',NULL),(705,178,52,1,'2021-09-19 09:26:51',NULL),(707,179,86,1,'2021-09-19 09:45:01',NULL),(708,179,143,1,'2021-09-19 09:45:01',NULL),(709,179,33,1,'2021-09-19 09:45:01',NULL),(710,180,16,3,'2021-09-19 19:45:59',NULL),(711,180,14,5,'2021-09-19 19:45:59',NULL),(712,180,21,4,'2021-09-19 19:45:59',NULL),(713,180,1,1,'2021-09-19 19:45:59',NULL),(714,180,2,1,'2021-09-19 19:45:59',NULL),(715,180,31,1,'2021-09-19 19:45:59',NULL),(716,180,30,1,'2021-09-19 19:45:59',NULL),(717,180,10,1,'2021-09-19 19:45:59',NULL),(718,171,9,1,'2021-09-20 11:50:20',NULL),(719,171,18,1,'2021-09-20 11:50:20',NULL),(721,181,18,1,'2021-09-20 19:56:41',NULL),(722,181,22,1,'2021-09-20 19:56:41',NULL),(725,182,16,2,'2021-09-20 20:30:39',NULL),(726,182,8,2,'2021-09-20 20:30:39',NULL),(727,182,81,1,'2021-09-20 20:30:39',NULL),(728,182,64,3,'2021-09-20 20:30:39',NULL),(729,182,65,4,'2021-09-20 20:30:39',NULL),(733,173,8,2,'2021-09-21 09:29:44',NULL),(734,183,49,1,'2021-09-21 09:31:06',NULL),(735,183,62,12,'2021-09-21 09:31:06',NULL),(738,186,33,1,'2021-09-21 14:08:13',NULL),(739,185,33,1,'2021-09-21 14:43:40',NULL),(740,185,247,1,'2021-09-21 14:43:40',NULL),(741,185,60,12,'2021-09-21 14:43:40','2021-09-21 14:43:50'),(742,185,45,12,'2021-09-21 14:43:40',NULL),(743,185,72,1,'2021-09-21 14:43:40',NULL),(744,185,74,1,'2021-09-21 14:43:40',NULL),(747,186,37,1,'2021-09-21 15:04:52',NULL),(748,186,51,1,'2021-09-21 15:04:52',NULL),(749,186,52,1,'2021-09-21 15:04:52',NULL),(750,186,83,1,'2021-09-21 15:04:52',NULL),(751,186,76,1,'2021-09-21 15:04:52',NULL),(752,187,44,1,'2021-09-21 15:39:43',NULL),(753,187,59,1,'2021-09-21 15:39:43',NULL),(754,187,66,9,'2021-09-21 15:39:43',NULL),(755,187,73,1,'2021-09-21 15:39:43',NULL),(756,187,21,1,'2021-09-21 15:39:43',NULL),(758,187,72,1,'2021-09-21 15:43:28',NULL),(760,188,44,1,'2021-09-21 16:25:06',NULL),(761,188,6,3,'2021-09-21 16:25:06',NULL),(762,188,17,2,'2021-09-21 16:25:06',NULL),(765,188,20,15,'2021-09-21 16:25:06',NULL),(766,189,17,1,'2021-09-21 18:21:20',NULL),(767,189,62,6,'2021-09-21 18:21:20',NULL),(768,189,51,1,'2021-09-21 18:21:20',NULL),(769,189,50,1,'2021-09-21 18:22:01',NULL),(771,190,21,5,'2021-09-21 19:38:24','2021-09-26 08:01:46'),(772,190,14,4,'2021-09-21 19:38:24','2021-09-26 08:01:46'),(773,190,31,45,'2021-09-21 19:38:24','2021-09-26 08:01:46'),(774,190,30,25,'2021-09-21 19:38:24','2021-09-26 08:01:46'),(775,190,16,2,'2021-09-21 19:38:24','2021-09-26 08:01:46'),(776,190,1,18,'2021-09-21 19:38:24','2021-09-26 08:01:46'),(777,190,10,1,'2021-09-21 19:38:24','2021-09-26 08:01:46'),(781,192,1,1,'2021-09-22 18:12:31',NULL),(783,193,44,1,'2021-09-22 19:07:49',NULL),(784,193,62,6,'2021-09-22 19:07:49',NULL),(786,194,36,1,'2021-09-22 20:56:02',NULL),(787,194,60,1,'2021-09-22 20:56:02',NULL),(788,194,45,1,'2021-09-22 20:56:02',NULL),(789,194,247,1,'2021-09-22 20:56:02',NULL),(790,194,72,1,'2021-09-22 20:56:02',NULL),(791,194,74,1,'2021-09-22 20:56:02',NULL),(792,191,116,8,'2021-09-23 06:34:50',NULL),(793,191,119,2,'2021-09-23 06:34:50',NULL),(794,191,120,8,'2021-09-23 06:34:50',NULL),(795,191,118,12,'2021-09-23 06:34:50',NULL),(796,191,121,5,'2021-09-23 06:34:50',NULL),(797,191,122,5,'2021-09-23 06:34:50',NULL),(798,191,123,5,'2021-09-23 06:34:50',NULL),(799,191,100,5,'2021-09-23 06:34:50',NULL),(800,191,99,8,'2021-09-23 06:34:50',NULL),(801,191,91,1,'2021-09-23 06:34:50',NULL),(802,191,93,2,'2021-09-23 06:34:50',NULL),(803,191,113,2,'2021-09-23 06:34:50',NULL),(804,191,134,2,'2021-09-23 06:34:50',NULL),(805,191,143,1,'2021-09-23 06:34:50',NULL),(806,191,132,2,'2021-09-23 06:34:50',NULL),(807,191,103,6,'2021-09-23 06:34:50',NULL),(808,191,104,2,'2021-09-23 06:34:50',NULL),(809,142,9,1,'2021-09-23 09:12:31',NULL),(810,195,246,1,'2021-09-23 11:18:06',NULL),(811,195,34,1,'2021-09-23 11:18:06',NULL),(812,195,35,3,'2021-09-23 11:19:06',NULL),(813,171,22,0,'2021-09-23 20:18:32',NULL),(814,167,1,0,'2021-09-23 20:21:27',NULL),(815,167,2,0,'2021-09-23 20:21:27',NULL),(816,167,10,0,'2021-09-23 20:21:27',NULL),(817,143,18,1,'2021-09-26 07:24:45',NULL),(818,190,41,2,'2021-09-26 08:01:46',NULL),(819,196,100,2,'2021-09-26 08:17:56',NULL),(820,196,99,3,'2021-09-26 08:17:56',NULL),(821,196,119,2,'2021-09-26 08:43:02',NULL),(822,196,116,2,'2021-09-26 08:43:02',NULL),(823,196,120,2,'2021-09-26 08:43:02',NULL),(824,196,118,3,'2021-09-26 08:43:02',NULL),(825,196,122,2,'2021-09-26 08:43:02',NULL),(826,196,121,2,'2021-09-26 08:43:02',NULL),(827,196,123,2,'2021-09-26 08:43:02',NULL),(828,196,93,2,'2021-09-26 08:43:02',NULL),(829,196,113,1,'2021-09-26 08:43:02',NULL),(830,196,134,1,'2021-09-26 08:43:02',NULL),(831,196,86,1,'2021-09-26 08:43:02',NULL),(832,196,143,1,'2021-09-26 08:43:02',NULL),(833,196,132,1,'2021-09-26 08:43:02',NULL),(834,196,96,1,'2021-09-26 08:43:02',NULL),(835,196,129,1,'2021-09-26 08:43:02',NULL),(837,196,112,4,'2021-09-26 18:39:42',NULL),(838,196,141,1,'2021-09-26 18:39:42',NULL),(839,196,103,1,'2021-09-26 18:39:42',NULL),(840,131,50,0,'2021-09-26 18:58:45',NULL),(841,134,249,1,'2021-09-26 19:02:36',NULL),(842,133,69,1,'2021-09-26 19:08:28',NULL),(843,197,83,1,'2021-09-26 19:13:36',NULL),(844,197,49,1,'2021-09-26 19:18:14',NULL),(845,197,249,0,'2021-09-26 19:18:14',NULL),(846,175,186,1,'2021-09-26 19:34:03',NULL),(847,175,221,1,'2021-09-26 19:34:03',NULL),(848,175,155,1,'2021-09-26 19:34:03',NULL),(849,175,229,1,'2021-09-26 19:34:03',NULL),(850,132,22,1,'2021-09-27 14:06:06',NULL),(851,178,51,1,'2021-09-27 14:39:17',NULL),(852,178,83,0,'2021-09-27 14:39:17',NULL),(853,156,123,2,'2021-09-27 14:43:04',NULL),(854,156,122,2,'2021-09-27 14:43:04',NULL),(855,198,33,1,'2021-09-27 14:49:47',NULL),(856,121,68,1,'2021-09-27 15:46:18',NULL),(857,121,69,1,'2021-09-27 15:47:59',NULL),(858,121,80,1,'2021-09-27 15:47:59',NULL),(859,122,79,1,'2021-09-27 15:50:46',NULL),(860,122,68,1,'2021-09-27 15:50:46',NULL),(861,122,69,1,'2021-09-27 15:50:46',NULL),(862,199,37,1,'2021-09-27 16:27:14',NULL),(863,199,33,1,'2021-09-27 16:27:14',NULL),(864,199,52,1,'2021-09-27 16:27:14',NULL),(865,199,83,1,'2021-09-27 16:27:14',NULL),(866,172,21,4,'2021-09-27 19:24:39',NULL),(867,172,14,14,'2021-09-27 19:24:39',NULL),(868,172,3,1,'2021-09-27 20:18:41',NULL),(869,172,16,4,'2021-09-27 20:18:41',NULL),(870,172,31,200,'2021-09-28 06:10:14',NULL),(871,172,30,70,'2021-09-28 06:10:14',NULL),(872,172,1,15,'2021-09-28 06:10:14',NULL),(873,172,2,5,'2021-09-28 06:10:14',NULL),(874,172,10,1,'2021-09-28 06:10:14',NULL),(876,113,2,0,'2021-09-28 13:57:03',NULL),(877,113,21,0,'2021-09-28 13:57:03',NULL),(878,113,30,0,'2021-09-28 13:57:03',NULL),(879,114,31,0,'2021-09-28 14:04:19',NULL),(880,114,61,0,'2021-09-28 14:04:19',NULL),(881,114,81,0,'2021-09-28 14:04:19',NULL),(882,114,65,0,'2021-09-28 14:04:19',NULL),(883,115,44,0,'2021-09-28 14:13:01',NULL),(884,115,60,0,'2021-09-28 14:13:01',NULL),(885,115,72,0,'2021-09-28 14:13:01',NULL),(886,115,247,0,'2021-09-28 14:13:01',NULL),(887,200,33,5,'2021-09-28 14:17:28',NULL),(888,200,59,10,'2021-09-28 14:17:28',NULL),(889,200,66,9,'2021-09-28 14:17:28',NULL),(890,200,73,1,'2021-09-28 14:17:28',NULL),(891,200,72,1,'2021-09-28 14:17:28',NULL),(893,116,73,0,'2021-09-28 14:21:06',NULL),(895,202,17,3,'2021-09-28 14:34:48',NULL),(896,202,50,1,'2021-09-28 14:34:48',NULL),(898,205,37,1,'2021-09-28 14:37:04',NULL),(899,205,6,1,'2021-09-28 14:37:04',NULL),(900,205,17,1,'2021-09-28 14:37:04',NULL),(901,205,50,1,'2021-09-28 14:37:04',NULL),(902,205,70,1,'2021-09-28 14:37:04',NULL),(903,205,20,1,'2021-09-28 14:37:04',NULL),(904,204,33,5,'2021-09-28 14:52:19',NULL),(905,204,42,5,'2021-09-28 14:52:19','2021-09-28 14:54:04'),(906,204,45,1,'2021-09-28 14:52:19','2021-09-28 14:54:04'),(907,204,60,4,'2021-09-28 14:52:19','2021-09-28 14:54:04'),(908,204,72,16,'2021-09-28 14:52:19','2021-09-28 14:54:04'),(909,204,74,2,'2021-09-28 14:52:19','2021-09-28 14:54:04'),(910,206,35,10,'2021-09-28 14:54:06',NULL),(911,206,14,15,'2021-09-28 14:54:06',NULL),(912,206,31,150,'2021-09-28 14:54:06',NULL),(913,206,21,4,'2021-09-28 14:54:06',NULL),(914,206,16,4,'2021-09-28 14:54:06',NULL),(915,206,3,1,'2021-09-28 14:54:06',NULL),(916,206,30,30,'2021-09-28 14:54:06',NULL),(917,152,18,1,'2021-09-28 15:09:51',NULL),(918,152,63,1,'2021-09-28 15:11:14',NULL),(919,107,20,20,'2021-09-28 15:13:46',NULL),(920,107,50,1,'2021-09-28 15:14:35',NULL),(921,208,35,11,'2021-09-28 15:22:13',NULL),(922,209,35,11,'2021-09-28 15:28:36',NULL),(923,209,3,1,'2021-09-28 15:28:36',NULL),(924,209,14,14,'2021-09-28 15:28:36',NULL),(925,209,16,4,'2021-09-28 15:28:36',NULL),(926,209,31,138,'2021-09-28 15:28:36',NULL),(927,209,30,20,'2021-09-28 15:28:36',NULL),(928,209,37,1,'2021-09-28 15:28:36',NULL),(945,153,249,1,'2021-09-28 15:38:59',NULL),(946,203,44,1,'2021-09-28 15:55:15',NULL),(947,203,45,9,'2021-09-28 15:55:15',NULL),(948,203,60,1,'2021-09-28 15:55:15',NULL),(949,203,247,8,'2021-09-28 15:55:15',NULL),(950,203,72,5,'2021-09-28 15:55:15',NULL),(951,203,74,1,'2021-09-28 15:55:15',NULL),(952,214,33,5,'2021-09-28 16:07:20','2021-09-28 19:57:37'),(953,214,37,1,'2021-09-28 16:07:20','2021-09-28 19:57:37'),(954,214,83,5,'2021-09-28 16:07:20','2021-09-28 19:57:37'),(955,214,52,1,'2021-09-28 16:07:20','2021-09-28 19:57:37'),(956,213,45,1,'2021-09-28 16:08:37',NULL),(957,213,37,1,'2021-09-28 16:08:37',NULL),(958,213,60,1,'2021-09-28 16:08:37',NULL),(959,213,74,1,'2021-09-28 16:08:37',NULL),(960,213,72,1,'2021-09-28 16:08:37',NULL),(961,213,247,1,'2021-09-28 16:08:37',NULL),(962,203,26,2,'2021-09-28 16:12:53',NULL),(964,210,35,2,'2021-09-28 16:15:56',NULL),(965,210,16,1,'2021-09-28 16:15:56',NULL),(966,210,37,1,'2021-09-28 16:15:56',NULL),(967,210,14,3,'2021-09-28 16:15:56',NULL),(968,210,21,2,'2021-09-28 16:15:56',NULL),(969,210,31,70,'2021-09-28 16:15:56',NULL),(970,218,33,1,'2021-09-28 16:16:38',NULL),(971,219,35,11,'2021-09-28 16:21:48','2021-09-28 16:22:24'),(972,216,33,1,'2021-09-28 16:26:02',NULL),(973,216,35,2,'2021-09-28 16:26:02',NULL),(974,216,37,1,'2021-09-28 16:26:02',NULL),(975,216,14,2,'2021-09-28 16:26:02',NULL),(976,216,16,1,'2021-09-28 16:26:02',NULL),(977,216,21,2,'2021-09-28 16:26:02',NULL),(978,216,29,5,'2021-09-28 16:26:02',NULL),(979,216,31,65,'2021-09-28 16:26:02',NULL),(980,181,9,1,'2021-09-28 16:30:06',NULL),(981,218,66,9,'2021-09-28 16:33:00',NULL),(982,218,59,1,'2021-09-28 16:33:00',NULL),(983,218,72,1,'2021-09-28 16:33:00',NULL),(984,218,73,1,'2021-09-28 16:33:00',NULL),(985,218,26,1,'2021-09-28 16:33:00',NULL),(986,221,246,1,'2021-09-28 16:40:15',NULL),(987,217,10,1,'2021-09-28 16:45:01',NULL),(988,217,41,1,'2021-09-28 16:45:01',NULL),(989,217,80,1,'2021-09-28 16:45:01',NULL),(990,223,6,2,'2021-09-28 16:53:57',NULL),(991,223,17,2,'2021-09-28 16:53:57',NULL),(992,223,41,2,'2021-09-28 16:53:57',NULL),(993,223,37,1,'2021-09-28 16:53:57',NULL),(994,223,20,1,'2021-09-28 16:53:57',NULL),(995,223,50,1,'2021-09-28 16:53:57',NULL),(997,188,50,1,'2021-09-28 19:28:56',NULL),(998,187,70,1,'2021-09-28 19:34:56',NULL),(999,187,31,3,'2021-09-28 19:34:56',NULL),(1000,193,49,1,'2021-09-28 19:39:29',NULL),(1002,226,37,1,'2021-09-28 20:19:52',NULL),(1003,227,38,1,'2021-09-28 20:22:44',NULL),(1004,224,37,1,'2021-09-28 21:01:38',NULL),(1005,224,14,1,'2021-09-28 21:01:38',NULL),(1006,224,16,1,'2021-09-28 21:01:38',NULL),(1007,224,21,2,'2021-09-28 21:01:38',NULL),(1008,224,29,5,'2021-09-28 21:01:38',NULL),(1009,224,31,20,'2021-09-28 21:01:38',NULL),(1010,225,33,0,'2021-09-28 21:27:09',NULL),(1011,228,37,1,'2021-09-28 21:45:46',NULL),(1012,228,14,3,'2021-09-28 21:45:46',NULL),(1013,228,16,1,'2021-09-28 22:10:22',NULL),(1014,228,21,2,'2021-09-28 22:10:23',NULL),(1015,228,30,6,'2021-09-28 22:10:23',NULL),(1016,228,31,37,'2021-09-28 22:10:23',NULL),(1017,228,32,1,'2021-09-28 22:10:23',NULL),(1019,172,41,0,'2021-09-29 06:00:22',NULL),(1020,230,186,1,'2021-09-29 09:21:00',NULL),(1021,220,37,1,'2021-09-29 09:23:40',NULL),(1022,220,14,1,'2021-09-29 09:23:40',NULL),(1023,220,31,35,'2021-09-29 09:23:40',NULL),(1024,220,21,2,'2021-09-29 09:23:40',NULL),(1025,220,16,1,'2021-09-29 09:23:40',NULL),(1026,231,245,1,'2021-09-29 09:24:05',NULL),(1027,232,52,2,'2021-09-29 09:26:31',NULL),(1028,233,80,2,'2021-09-29 09:28:57',NULL),(1029,234,79,2,'2021-09-29 09:32:50',NULL),(1030,235,78,3,'2021-09-29 09:34:51',NULL),(1031,236,34,11,'2021-09-29 09:39:22',NULL),(1032,237,21,2,'2021-09-29 09:46:31',NULL),(1033,237,14,3,'2021-09-29 09:46:31',NULL),(1034,237,16,1,'2021-09-29 09:46:31',NULL),(1035,237,31,50,'2021-09-29 09:46:31',NULL),(1036,238,34,11,'2021-09-29 10:21:35',NULL),(1037,239,62,8,'2021-09-29 11:33:20','2021-09-29 11:43:09'),(1038,239,49,1,'2021-09-29 11:33:20',NULL),(1040,241,38,2,'2021-09-29 13:41:13',NULL),(1041,241,78,2,'2021-09-29 13:41:13',NULL),(1042,126,50,1,'2021-09-29 13:48:58',NULL),(1043,240,61,6,'2021-09-29 13:55:37',NULL),(1044,240,85,1,'2021-09-29 13:55:37',NULL),(1045,240,81,1,'2021-09-29 13:55:37',NULL),(1046,240,58,4,'2021-09-29 13:55:37',NULL),(1047,240,8,2,'2021-09-29 13:55:37',NULL),(1048,240,32,1,'2021-09-29 13:55:37',NULL),(1050,246,51,1,'2021-09-29 14:07:46',NULL),(1051,246,249,1,'2021-09-29 14:07:46',NULL),(1052,247,240,1,'2021-09-29 14:09:22',NULL),(1053,247,229,1,'2021-09-29 14:09:22',NULL),(1054,247,184,2,'2021-09-29 14:09:22',NULL),(1055,247,165,1,'2021-09-29 14:09:22',NULL),(1056,247,175,1,'2021-09-29 14:09:22',NULL),(1057,247,70,1,'2021-09-29 14:09:22',NULL),(1059,248,116,5,'2021-09-29 14:20:18',NULL),(1060,248,119,5,'2021-09-29 14:20:18',NULL),(1061,248,117,5,'2021-09-29 14:20:18',NULL),(1062,248,121,5,'2021-09-29 14:20:18',NULL),(1063,248,122,5,'2021-09-29 14:20:18',NULL),(1064,248,123,5,'2021-09-29 14:20:18',NULL),(1065,250,37,1,'2021-09-29 14:34:27',NULL),(1066,250,36,1,'2021-09-29 14:34:27',NULL),(1067,250,39,1,'2021-09-29 14:34:27',NULL),(1068,250,33,1,'2021-09-29 14:34:27',NULL),(1069,250,165,1,'2021-09-29 14:34:27',NULL),(1070,250,240,1,'2021-09-29 14:34:27',NULL),(1071,250,229,1,'2021-09-29 14:34:27',NULL),(1072,250,175,1,'2021-09-29 14:34:27',NULL),(1073,250,70,1,'2021-09-29 14:34:27',NULL),(1074,251,245,1,'2021-09-29 15:15:19',NULL),(1075,251,197,1,'2021-09-29 15:15:19',NULL),(1076,252,197,1,'2021-09-29 15:22:49',NULL),(1077,252,245,1,'2021-09-29 15:22:49',NULL),(1078,253,245,1,'2021-09-29 15:28:19',NULL),(1079,253,197,1,'2021-09-29 15:28:19',NULL),(1080,254,251,1,'2021-09-29 15:32:52',NULL),(1081,254,245,1,'2021-09-29 15:32:52',NULL),(1082,254,197,1,'2021-09-29 15:32:52',NULL),(1086,255,14,4,'2021-09-29 15:44:27',NULL),(1087,255,21,1,'2021-09-29 15:44:27',NULL),(1088,255,31,32,'2021-09-29 15:44:27',NULL),(1089,255,34,10,'2021-09-29 15:44:27',NULL),(1090,255,35,4,'2021-09-29 15:44:27',NULL),(1092,258,6,6,'2021-09-29 16:07:28',NULL),(1093,258,17,6,'2021-09-29 16:07:28','2021-09-29 16:08:13'),(1094,258,20,5,'2021-09-29 16:07:28','2021-09-29 16:08:13'),(1095,258,50,20,'2021-09-29 16:07:28','2021-09-29 16:08:13'),(1096,259,229,1,'2021-09-29 16:10:05',NULL),(1097,260,229,1,'2021-09-29 16:25:00',NULL),(1098,229,35,4,'2021-09-29 16:41:09',NULL),(1099,229,37,1,'2021-09-29 16:41:09',NULL),(1100,229,14,4,'2021-09-29 16:41:09',NULL),(1101,229,21,1,'2021-09-29 16:41:09',NULL),(1102,229,30,3,'2021-09-29 16:41:09',NULL),(1103,229,31,36,'2021-09-29 16:41:09',NULL),(1104,127,9,1,'2021-09-29 21:24:34',NULL),(1105,214,76,7,'2021-09-29 21:26:32',NULL),(1106,170,22,1,'2021-09-30 13:21:06',NULL),(1107,124,59,20,'2021-09-30 13:24:13',NULL),(1109,128,80,1,'2021-09-30 13:33:00',NULL),(1110,262,33,1,'2021-09-30 15:55:09',NULL),(1111,262,36,1,'2021-09-30 16:03:24',NULL),(1112,262,75,1,'2021-09-30 16:03:24',NULL),(1113,262,68,1,'2021-09-30 16:03:24',NULL),(1114,262,79,1,'2021-09-30 16:03:24',NULL),(1116,263,31,12,'2021-10-01 09:21:06',NULL),(1117,263,8,2,'2021-10-01 09:21:06',NULL),(1118,263,81,1,'2021-10-01 09:21:06',NULL),(1119,263,64,2,'2021-10-01 09:21:06',NULL),(1120,263,65,6,'2021-10-01 09:21:06',NULL),(1121,263,61,10,'2021-10-01 09:21:06',NULL),(1122,265,3,1,'2021-10-01 09:27:51',NULL),(1123,265,34,0,'2021-10-01 09:27:51',NULL),(1124,241,69,0,'2021-10-01 23:42:01',NULL),(1127,266,66,1,'2021-10-03 12:02:21',NULL),(1128,266,59,14,'2021-10-03 12:02:21',NULL),(1129,266,72,1,'2021-10-03 12:02:21',NULL),(1130,266,73,1,'2021-10-03 12:02:21',NULL),(1131,246,76,1,'2021-10-03 18:07:09',NULL),(1132,268,49,1,'2021-10-03 18:28:24',NULL),(1133,268,34,1,'2021-10-03 18:28:24',NULL),(1134,268,70,1,'2021-10-03 18:28:24',NULL),(1135,268,161,1,'2021-10-03 18:28:24',NULL),(1136,268,155,1,'2021-10-03 18:28:24',NULL),(1137,268,165,1,'2021-10-03 18:28:24',NULL),(1138,268,166,1,'2021-10-03 18:28:24',NULL),(1139,268,175,1,'2021-10-03 18:28:24',NULL),(1140,268,178,1,'2021-10-03 18:28:24',NULL),(1141,268,181,1,'2021-10-03 18:28:24',NULL),(1142,268,192,1,'2021-10-03 18:28:24',NULL),(1143,268,163,1,'2021-10-03 18:28:24',NULL),(1144,268,195,1,'2021-10-03 18:28:24',NULL),(1145,268,200,1,'2021-10-03 18:28:24',NULL),(1146,268,183,1,'2021-10-03 18:28:24',NULL),(1147,268,186,1,'2021-10-03 18:28:24',NULL),(1148,268,190,1,'2021-10-03 18:28:24',NULL),(1149,268,212,1,'2021-10-03 18:28:24',NULL),(1150,268,221,1,'2021-10-03 18:28:24',NULL),(1151,268,225,1,'2021-10-03 18:28:24',NULL),(1152,268,231,1,'2021-10-03 18:28:24',NULL),(1153,268,235,1,'2021-10-03 18:28:24',NULL),(1154,268,240,1,'2021-10-03 18:28:24',NULL),(1155,268,244,1,'2021-10-03 18:28:24',NULL),(1156,267,61,6,'2021-10-04 06:15:29',NULL),(1157,267,64,3,'2021-10-04 06:15:29',NULL),(1158,267,65,5,'2021-10-04 06:15:29',NULL),(1159,267,81,1,'2021-10-04 06:15:29',NULL),(1160,267,8,2,'2021-10-04 06:15:29',NULL),(1161,267,85,1,'2021-10-04 06:15:29',NULL),(1162,267,31,20,'2021-10-04 06:15:29',NULL),(1163,184,9,1,'2021-10-04 08:19:14',NULL),(1164,184,22,1,'2021-10-04 08:19:14',NULL),(1165,184,248,1,'2021-10-04 08:19:14',NULL),(1166,167,16,3,'2021-10-04 08:25:12',NULL),(1167,121,38,1,'2021-10-04 08:27:05',NULL),(1168,149,36,1,'2021-10-04 08:27:40',NULL),(1169,149,38,1,'2021-10-04 08:27:40',NULL),(1170,149,249,1,'2021-10-04 08:27:40',NULL),(1171,258,41,1,'2021-10-04 08:31:18',NULL),(1172,149,252,1,'2021-10-04 08:34:41',NULL),(1173,269,33,1,'2021-10-04 09:35:52',NULL),(1174,170,194,1,'2021-10-04 13:25:44',NULL),(1175,125,49,1,'2021-10-04 13:35:59',NULL),(1176,176,52,1,'2021-10-04 13:40:59',NULL),(1178,128,68,1,'2021-10-04 13:52:09',NULL),(1180,270,36,1,'2021-10-04 14:27:04',NULL),(1181,270,38,1,'2021-10-04 14:27:04',NULL),(1182,270,44,1,'2021-10-04 14:36:26',NULL),(1183,270,79,1,'2021-10-04 14:36:26',NULL),(1185,271,37,1,'2021-10-04 19:46:34',NULL),(1186,271,44,1,'2021-10-04 19:46:34',NULL),(1187,271,51,1,'2021-10-04 19:46:34',NULL),(1188,271,52,1,'2021-10-04 19:46:34',NULL),(1189,271,252,1,'2021-10-04 19:46:34',NULL),(1190,271,83,1,'2021-10-04 19:46:34',NULL),(1191,271,76,1,'2021-10-04 19:46:34',NULL),(1193,272,41,1,'2021-10-04 20:13:52',NULL),(1194,272,10,1,'2021-10-04 20:13:52',NULL),(1195,272,80,1,'2021-10-04 20:13:52',NULL),(1196,273,45,2,'2021-10-05 06:35:40','2021-10-05 06:43:20'),(1197,273,60,16,'2021-10-05 06:37:38',NULL),(1198,273,72,1,'2021-10-05 06:37:38',NULL),(1199,273,74,1,'2021-10-05 06:37:38',NULL),(1200,275,1,1,'2021-10-06 08:39:21',NULL),(1201,275,10,1,'2021-10-06 08:39:21',NULL),(1202,275,31,1,'2021-10-06 08:39:21',NULL),(1203,275,14,5,'2021-10-06 08:39:21',NULL),(1204,275,21,2,'2021-10-06 08:39:21',NULL),(1205,275,58,1,'2021-10-06 08:39:21',NULL),(1206,275,82,1,'2021-10-06 08:39:21',NULL),(1207,276,8,2,'2021-10-06 08:54:38',NULL),(1208,276,58,1,'2021-10-06 08:54:38',NULL),(1209,276,32,1,'2021-10-06 08:54:38',NULL),(1210,276,64,2,'2021-10-06 08:54:38',NULL),(1211,276,65,8,'2021-10-06 08:54:38',NULL),(1212,276,61,7,'2021-10-06 08:54:38',NULL),(1213,277,66,1,'2021-10-06 09:14:22',NULL),(1214,277,25,1,'2021-10-06 09:25:46',NULL),(1215,277,73,1,'2021-10-06 09:25:46',NULL),(1216,277,72,1,'2021-10-06 09:25:46',NULL),(1217,277,59,1,'2021-10-06 09:25:46',NULL),(1218,201,22,1,'2021-10-06 14:38:03',NULL),(1219,164,248,1,'2021-10-06 14:56:20',NULL),(1220,278,37,1,'2021-10-06 15:13:21',NULL),(1221,278,43,1,'2021-10-06 15:13:21',NULL),(1222,278,49,1,'2021-10-06 15:13:21',NULL),(1223,278,62,2,'2021-10-06 15:13:21',NULL),(1224,128,69,1,'2021-10-06 15:32:39',NULL),(1226,279,247,1,'2021-10-06 15:56:42',NULL),(1227,279,45,1,'2021-10-06 15:56:42',NULL),(1228,279,74,1,'2021-10-06 15:56:42',NULL),(1229,279,72,1,'2021-10-06 15:56:42',NULL),(1230,279,60,1,'2021-10-06 15:56:42',NULL),(1231,279,25,1,'2021-10-06 16:02:48',NULL),(1232,280,33,1,'2021-10-06 18:12:53',NULL),(1233,281,49,1,'2021-10-06 19:51:11',NULL),(1234,281,62,2,'2021-10-06 19:51:11',NULL),(1235,281,41,1,'2021-10-07 05:12:13',NULL),(1237,282,14,8,'2021-10-07 08:46:59',NULL),(1238,282,21,2,'2021-10-07 08:46:59',NULL),(1239,282,30,1,'2021-10-07 08:46:59',NULL),(1240,282,31,1,'2021-10-07 08:46:59',NULL),(1241,282,3,1,'2021-10-07 08:46:59',NULL),(1243,284,77,1,'2021-10-07 09:45:32',NULL),(1244,284,80,1,'2021-10-07 10:38:15',NULL),(1245,284,75,1,'2021-10-07 10:40:43',NULL),(1246,284,69,1,'2021-10-07 10:40:43',NULL),(1247,284,68,1,'2021-10-07 10:40:43',NULL),(1249,286,36,1,'2021-10-07 10:52:20',NULL),(1250,285,75,1,'2021-10-07 10:53:37',NULL),(1251,285,252,1,'2021-10-07 10:53:37',NULL),(1252,285,77,1,'2021-10-07 10:53:37',NULL),(1253,285,68,1,'2021-10-07 10:53:37',NULL),(1254,285,69,1,'2021-10-07 10:53:37',NULL),(1255,283,16,2,'2021-10-07 11:04:45',NULL),(1256,283,14,5,'2021-10-07 11:04:45',NULL),(1257,283,21,2,'2021-10-07 11:04:45',NULL),(1258,283,1,1,'2021-10-07 11:04:45',NULL),(1259,283,31,1,'2021-10-07 11:04:45',NULL),(1260,283,30,1,'2021-10-07 11:04:45',NULL),(1261,283,10,1,'2021-10-07 11:04:45',NULL),(1262,286,68,1,'2021-10-07 11:06:06',NULL),(1264,286,75,1,'2021-10-07 11:06:06',NULL),(1265,286,77,1,'2021-10-07 11:06:06',NULL),(1266,286,252,1,'2021-10-07 11:06:06',NULL),(1269,288,75,1,'2021-10-07 11:25:14',NULL),(1270,288,38,1,'2021-10-07 11:25:14',NULL),(1271,288,79,1,'2021-10-07 11:25:14',NULL),(1272,288,68,1,'2021-10-07 11:25:14',NULL),(1273,288,69,1,'2021-10-07 11:25:14',NULL),(1274,288,194,1,'2021-10-07 11:27:13',NULL),(1275,287,44,1,'2021-10-07 11:30:06',NULL),(1276,287,31,1,'2021-10-07 11:30:06',NULL),(1277,287,86,3,'2021-10-07 11:30:06',NULL),(1278,287,91,1,'2021-10-07 11:30:06',NULL),(1279,287,98,1,'2021-10-07 11:30:06',NULL),(1280,287,101,1,'2021-10-07 11:30:06',NULL),(1281,287,100,1,'2021-10-07 11:30:06',NULL),(1282,287,116,1,'2021-10-07 11:30:06',NULL),(1283,287,119,1,'2021-10-07 11:30:06',NULL),(1284,287,120,1,'2021-10-07 11:30:06',NULL),(1285,287,117,1,'2021-10-07 11:30:06',NULL),(1286,287,121,1,'2021-10-07 11:30:06',NULL),(1287,287,122,1,'2021-10-07 11:30:06',NULL),(1288,287,123,1,'2021-10-07 11:30:06',NULL),(1290,289,33,1,'2021-10-07 13:21:02',NULL),(1292,290,116,1,'2021-10-07 13:40:20',NULL),(1293,290,119,1,'2021-10-07 13:40:20',NULL),(1294,290,120,1,'2021-10-07 13:40:20',NULL),(1295,290,118,1,'2021-10-07 13:40:20',NULL),(1296,290,117,1,'2021-10-07 13:40:20',NULL),(1297,290,84,1,'2021-10-07 13:40:20',NULL),(1298,290,33,1,'2021-10-07 13:40:20',NULL),(1300,291,33,1,'2021-10-07 16:08:39',NULL),(1301,291,37,1,'2021-10-07 16:08:39',NULL),(1302,291,35,7,'2021-10-07 16:08:39',NULL),(1303,291,39,1,'2021-10-07 16:08:39',NULL),(1304,291,42,1,'2021-10-07 16:08:39',NULL),(1305,291,154,1,'2021-10-07 16:08:39',NULL),(1306,291,155,1,'2021-10-07 16:08:39',NULL),(1307,291,160,1,'2021-10-07 16:08:39',NULL),(1308,291,161,1,'2021-10-07 16:08:39',NULL),(1309,291,164,3,'2021-10-07 16:08:39',NULL),(1310,291,165,1,'2021-10-07 16:08:39',NULL),(1311,291,166,4,'2021-10-07 16:08:39',NULL),(1312,291,168,4,'2021-10-07 16:08:39',NULL),(1313,291,170,2,'2021-10-07 16:08:39',NULL),(1314,291,175,2,'2021-10-07 16:08:39',NULL),(1315,291,180,2,'2021-10-07 16:08:39',NULL),(1316,291,181,1,'2021-10-07 16:08:39',NULL),(1317,291,184,1,'2021-10-07 16:08:39',NULL),(1318,291,185,1,'2021-10-07 16:08:39',NULL),(1319,291,201,2,'2021-10-07 16:08:39',NULL),(1320,291,213,1,'2021-10-07 16:08:39',NULL),(1321,291,224,1,'2021-10-07 16:08:39',NULL),(1322,291,229,1,'2021-10-07 16:08:39',NULL),(1323,291,243,1,'2021-10-07 16:08:39',NULL),(1324,121,84,0,'2021-10-07 19:52:58',NULL),(1325,262,70,1,'2021-10-07 19:56:24',NULL),(1326,217,38,1,'2021-10-07 20:10:18','2021-10-07 20:14:40'),(1327,217,68,1,'2021-10-07 20:10:18','2021-10-07 20:14:40'),(1328,217,69,1,'2021-10-07 20:10:18','2021-10-07 20:14:40'),(1329,217,84,1,'2021-10-07 20:10:18','2021-10-07 20:14:40'),(1330,175,161,1,'2021-10-08 08:34:19',NULL),(1331,175,172,1,'2021-10-08 08:34:19',NULL),(1332,175,166,1,'2021-10-08 08:34:19',NULL),(1333,175,240,1,'2021-10-08 08:34:19',NULL),(1334,175,178,1,'2021-10-08 08:34:19',NULL),(1335,175,154,1,'2021-10-08 08:34:19',NULL),(1336,175,163,1,'2021-10-08 08:34:19',NULL),(1339,292,33,1,'2021-10-08 09:12:38',NULL),(1340,292,34,1,'2021-10-08 09:12:38',NULL),(1341,292,36,1,'2021-10-08 09:12:38',NULL),(1342,292,37,1,'2021-10-08 09:12:38',NULL),(1343,292,42,1,'2021-10-08 09:12:38',NULL),(1344,292,39,1,'2021-10-08 09:12:38',NULL),(1345,292,151,1,'2021-10-08 09:12:38',NULL),(1346,292,154,1,'2021-10-08 09:12:38',NULL),(1347,292,160,1,'2021-10-08 09:12:38',NULL),(1348,292,163,1,'2021-10-08 09:12:38',NULL),(1349,292,165,1,'2021-10-08 09:12:38',NULL),(1350,292,167,1,'2021-10-08 09:12:38',NULL),(1351,292,170,1,'2021-10-08 09:12:38',NULL),(1352,292,173,1,'2021-10-08 09:12:38',NULL),(1353,292,177,1,'2021-10-08 09:12:38',NULL),(1354,292,180,1,'2021-10-08 09:12:38',NULL),(1355,292,182,1,'2021-10-08 09:12:38',NULL),(1356,292,192,1,'2021-10-08 09:12:38',NULL),(1357,292,196,1,'2021-10-08 09:12:38',NULL),(1358,292,214,1,'2021-10-08 09:12:38',NULL),(1359,292,222,1,'2021-10-08 09:12:38',NULL),(1360,292,231,1,'2021-10-08 09:12:38',NULL),(1361,292,232,1,'2021-10-08 09:12:38',NULL),(1362,292,239,1,'2021-10-08 09:12:38',NULL),(1363,293,76,6,'2021-10-08 09:22:46','2021-10-11 09:54:42'),(1364,293,83,6,'2021-10-08 09:22:46','2021-10-11 09:54:42'),(1365,293,51,1,'2021-10-08 09:22:46','2021-10-11 09:54:42'),(1366,293,52,1,'2021-10-08 09:22:46','2021-10-11 09:54:42'),(1371,298,41,1,'2021-10-09 06:37:08',NULL),(1372,299,39,1,'2021-10-09 06:51:09',NULL),(1373,300,37,1,'2021-10-09 06:54:41',NULL),(1374,294,38,1,'2021-10-09 07:08:26',NULL),(1375,294,44,1,'2021-10-09 07:08:26',NULL),(1376,294,80,1,'2021-10-09 07:08:26',NULL),(1377,301,6,5,'2021-10-10 05:03:56',NULL),(1378,295,44,1,'2021-10-10 11:59:07',NULL),(1379,295,252,1,'2021-10-10 11:59:07',NULL),(1380,295,38,1,'2021-10-10 11:59:07',NULL),(1381,296,33,1,'2021-10-10 12:24:54',NULL),(1382,297,100,1,'2021-10-10 20:18:45',NULL),(1383,297,116,1,'2021-10-10 20:18:45',NULL),(1384,297,119,1,'2021-10-10 20:18:45',NULL),(1385,297,120,1,'2021-10-10 20:18:45',NULL),(1387,297,121,1,'2021-10-10 20:18:45',NULL),(1388,297,91,1,'2021-10-10 20:18:45',NULL),(1389,297,98,1,'2021-10-10 20:18:45',NULL),(1390,297,118,1,'2021-10-10 20:18:45',NULL),(1391,297,117,1,'2021-10-10 20:18:45',NULL),(1392,297,99,1,'2021-10-10 20:18:45',NULL),(1393,297,130,1,'2021-10-10 20:18:45',NULL),(1394,297,143,2,'2021-10-10 20:18:45',NULL),(1395,301,17,3,'2021-10-11 04:47:53',NULL),(1396,301,20,20,'2021-10-11 04:47:53',NULL),(1397,301,50,1,'2021-10-11 04:47:53',NULL),(1398,213,33,1,'2021-10-11 09:04:12',NULL),(1399,293,36,1,'2021-10-11 09:47:08',NULL),(1400,293,46,3,'2021-10-11 09:47:08',NULL),(1401,293,249,1,'2021-10-11 09:47:08',NULL),(1403,302,121,1,'2021-10-11 11:06:50',NULL),(1404,302,122,1,'2021-10-11 11:06:50',NULL),(1405,302,123,1,'2021-10-11 11:06:50',NULL),(1406,302,116,1,'2021-10-11 11:06:50',NULL),(1407,302,119,1,'2021-10-11 11:06:50',NULL),(1408,302,117,1,'2021-10-11 11:06:50',NULL),(1409,302,118,1,'2021-10-11 11:06:50',NULL),(1410,303,36,3,'2021-10-11 12:11:35',NULL),(1411,304,5,2,'2021-10-12 09:18:53',NULL),(1412,305,36,2,'2021-10-12 11:56:10',NULL),(1413,308,42,1,'2021-10-12 12:15:47',NULL),(1414,309,43,1,'2021-10-12 13:10:14',NULL),(1415,309,38,1,'2021-10-12 13:11:13',NULL),(1416,309,40,131,'2021-10-12 13:11:13',NULL),(1417,309,36,176,'2021-10-12 13:13:14',NULL),(1418,310,34,213,'2021-10-12 13:18:44',NULL),(1419,310,43,1,'2021-10-12 13:18:44',NULL),(1420,310,4,445,'2021-10-12 13:18:44',NULL),(1421,310,41,1,'2021-10-12 13:18:44',NULL),(1423,313,1,1,'2021-10-12 14:10:10',NULL),(1424,313,35,1,'2021-10-12 14:10:10',NULL),(1425,314,22,1,'2021-10-12 14:41:49',NULL),(1426,314,9,1,'2021-10-12 14:41:49',NULL),(1427,315,9,1,'2021-10-12 14:45:41',NULL),(1428,315,18,1,'2021-10-12 14:45:41',NULL),(1429,315,22,1,'2021-10-12 14:45:41',NULL);
/*!40000 ALTER TABLE `amb_materiauxutilises` ENABLE KEYS */;
UNLOCK TABLES;

--
-- Table structure for table `amb_mesm`
--

DROP TABLE IF EXISTS `amb_mesm`;
/*!40101 SET @saved_cs_client     = @@character_set_client */;
/*!40101 SET character_set_client = utf8 */;
CREATE TABLE `amb_mesm` (
  `idMesm` int(11) NOT NULL AUTO_INCREMENT,
  `numeroMesm` varchar(50) NOT NULL,
  `libelleMesm` varchar(200) NOT NULL,
  `idBlocComp` int(11) NOT NULL,
  `dateCreation` datetime NOT NULL DEFAULT CURRENT_TIMESTAMP,
  `dateModification` datetime DEFAULT NULL ON UPDATE CURRENT_TIMESTAMP,
  PRIMARY KEY (`idMesm`),
  KEY `FK_mesm__blocsCompetences` (`idBlocComp`)
) ENGINE=InnoDB AUTO_INCREMENT=11 DEFAULT CHARSET=utf8;
/*!40101 SET character_set_client = @saved_cs_client */;

--
-- Dumping data for table `amb_mesm`
--

LOCK TABLES `amb_mesm` WRITE;
/*!40000 ALTER TABLE `amb_mesm` DISABLE KEYS */;
INSERT INTO `amb_mesm` VALUES (1,'1.1','Maint. Améliorative des aménagements intérieurs',1,'2021-05-06 11:37:28',NULL),(2,'1.2','Maint. Améliorative des revêtements intérieurs',1,'2021-05-06 11:37:28',NULL),(3,'1.3','Maint. préventive des menuiseries et fermetures',1,'2021-05-06 11:37:28',NULL),(4,'1.4','Maint. corrective des aménagements intérieurs',1,'2021-05-06 11:37:28',NULL),(5,'2.1','Maint. améliorative installation électrique monophasée',2,'2021-05-06 11:37:28',NULL),(6,'2.2','Maint. préventive  installation électrique ',2,'2021-05-06 11:37:28',NULL),(7,'2.3','Maint. corrective installation électrique',2,'2021-05-06 11:37:28',NULL),(8,'3.1','Maint. améliorative Iinstallation sanitaire',3,'2021-05-06 11:37:28',NULL),(9,'3.2','Maint. préventive installation thermique et sanitaire',3,'2021-05-06 11:37:28',NULL),(10,'3.3','Maint. corrective installation thermique et sanitaire',3,'2021-05-06 11:37:28',NULL);
/*!40000 ALTER TABLE `amb_mesm` ENABLE KEYS */;
UNLOCK TABLES;

--
-- Table structure for table `amb_offres`
--

DROP TABLE IF EXISTS `amb_offres`;
/*!40101 SET @saved_cs_client     = @@character_set_client */;
/*!40101 SET character_set_client = utf8 */;
CREATE TABLE `amb_offres` (
  `idOffre` int(11) NOT NULL AUTO_INCREMENT,
  `numeroOffre` varchar(50) NOT NULL,
  `dateDebutOffre` date NOT NULL,
  `dateFinOffre` date NOT NULL,
  `idCentre` int(11) NOT NULL,
  `dateCreation` datetime NOT NULL DEFAULT CURRENT_TIMESTAMP,
  `dateModification` datetime DEFAULT NULL ON UPDATE CURRENT_TIMESTAMP,
  PRIMARY KEY (`idOffre`),
  KEY `FK_offres_centre` (`idCentre`)
) ENGINE=InnoDB AUTO_INCREMENT=14 DEFAULT CHARSET=utf8;
/*!40101 SET character_set_client = @saved_cs_client */;

--
-- Dumping data for table `amb_offres`
--

LOCK TABLES `amb_offres` WRITE;
/*!40000 ALTER TABLE `amb_offres` DISABLE KEYS */;
INSERT INTO `amb_offres` VALUES (1,'20112','2021-02-15','2021-10-22',2,'2021-05-06 11:37:28',NULL),(2,'21131','2021-05-17','2021-11-16',2,'2021-05-25 13:49:49',NULL),(3,'123','2021-06-01','2021-06-30',3,'2021-06-09 10:56:53',NULL),(4,'21154','2021-06-14','2021-12-10',2,'2021-06-15 15:21:31',NULL),(5,'21132','2021-04-26','2021-12-03',5,'2021-09-07 09:29:54','2021-09-13 09:44:13'),(6,'21102','2021-05-03','2021-10-29',4,'2021-09-07 09:34:47',NULL),(7,'21153','2021-06-14','2021-12-10',2,'2021-09-07 09:36:22',NULL),(8,'21434','2021-08-30','2022-04-01',5,'2021-09-07 09:36:35','2021-09-07 11:05:48'),(9,'21110','2021-06-28','2022-03-04',6,'2021-09-07 09:45:56','2021-09-23 09:10:54'),(10,'21131','2021-04-26','2021-12-03',5,'2021-09-07 10:39:12','2021-09-07 11:06:06'),(12,'21183','2021-09-20','2022-04-29',2,'2021-09-21 10:12:14',NULL),(13,'21264','2021-09-13','2022-07-08',6,'2021-09-23 08:30:59',NULL);
/*!40000 ALTER TABLE `amb_offres` ENABLE KEYS */;
UNLOCK TABLES;

--
-- Table structure for table `amb_operations`
--

DROP TABLE IF EXISTS `amb_operations`;
/*!40101 SET @saved_cs_client     = @@character_set_client */;
/*!40101 SET character_set_client = utf8 */;
CREATE TABLE `amb_operations` (
  `idOperation` int(11) NOT NULL AUTO_INCREMENT,
  `numeroOperation` varchar(50) NOT NULL,
  `intituleOperation` varchar(200) NOT NULL,
  `schemaOperation` varchar(50) DEFAULT NULL,
  `idMesm` int(11) NOT NULL,
  `dateCreation` datetime NOT NULL DEFAULT CURRENT_TIMESTAMP,
  `dateModification` datetime DEFAULT NULL ON UPDATE CURRENT_TIMESTAMP,
  PRIMARY KEY (`idOperation`),
  KEY `FK_operations__mesm` (`idMesm`)
) ENGINE=InnoDB AUTO_INCREMENT=53 DEFAULT CHARSET=utf8;
/*!40101 SET character_set_client = @saved_cs_client */;

--
-- Dumping data for table `amb_operations`
--

LOCK TABLES `amb_operations` WRITE;
/*!40000 ALTER TABLE `amb_operations` DISABLE KEYS */;
INSERT INTO `amb_operations` VALUES (1,'1.1.1','Préparer une intervention','',1,'2021-05-06 11:37:28',NULL),(2,'1.1.2','Déconstruire de menus ouvrages ','',1,'2021-05-06 11:37:28',NULL),(3,'1.1.3','Construire une cloison de distribution','',1,'2021-05-06 11:37:28',NULL),(4,'1.1.4','Construire un faux plafond de petite surface','',1,'2021-05-06 11:37:28',NULL),(5,'1.1.5','Réaliser des ouvrages simples ','',1,'2021-05-06 11:37:28',NULL),(6,'1.1.6','Poser des éléments menuisés','',1,'2021-05-06 11:37:28',NULL),(7,'1.1.7','Monter et démonter du mobiliers tertiaires ','',1,'2021-05-06 11:37:28',NULL),(8,'1.1.8','Remplacer une serrure sur une menuiserie intér.','',1,'2021-05-06 11:37:28',NULL),(9,'1.2.1','Poser un plafond démontable en dalles','',2,'2021-05-06 11:37:28',NULL),(10,'1.2.2','Poser au sol des carreaux céramiques','',2,'2021-05-06 11:37:28',NULL),(11,'1.2.3','Poser sur un mur des carreaux céramiques','',2,'2021-05-06 11:37:28',NULL),(12,'1.2.4','Poser un revêtement décoratif','',2,'2021-05-06 11:37:28',NULL),(13,'1.2.5','Mettre en peinture (Finition B) un plafond','',2,'2021-05-06 11:37:28',NULL),(14,'1.2.6','Mettre en peinture (Finition B) un mur','',2,'2021-05-06 11:37:28',NULL),(15,'1.2.7','Mettre en peinture (Finition B) une menuiserie bois','',2,'2021-05-06 11:37:28',NULL),(16,'1.2.8','Poser au sol un revêtement PVC en dalles','',2,'2021-05-06 11:37:28',NULL),(17,'1.3.1','Maintenir en état une menuiserie intérieure','',3,'2021-05-06 11:37:28',NULL),(18,'1.3.2','Maintenir en état une menuiserie extérieure','',3,'2021-05-06 11:37:28',NULL),(19,'1.3.3','Maintenir en état des stores/volets','',3,'2021-05-06 11:37:28',NULL),(20,'1.3.4','Maintenir en état une serrure','',3,'2021-05-06 11:37:28',NULL),(21,'1.4.1','Restaurer un revêtement de sol dégradé','',4,'2021-05-06 11:37:28',NULL),(22,'1.4.2','Restaurer un plafond peint','',4,'2021-05-06 11:37:28',NULL),(23,'1.4.3','Restaurer un plafond démontable dégradé','',4,'2021-05-06 11:37:28',NULL),(24,'1.4.4','Restaurer en état une cloison dégradée','',4,'2021-05-06 11:37:28',NULL),(25,'1.4.5','Restaurer un mur dégradé faïencé','',4,'2021-05-06 11:37:28',NULL),(26,'1.4.6','Restaurer un mur dégradé revêtu d\'un revêtement déco','',4,'2021-05-06 11:37:28',NULL),(27,'1.4.7','Restaurer un mur dégradé peint','',4,'2021-05-06 11:37:28',NULL),(28,'1.4.8','Restaurer une menuiserie bois peinte dégradée','',4,'2021-05-06 11:37:28',NULL),(29,'1.4.9','Restaurer une serrure dégradée ','',4,'2021-05-06 11:37:28',NULL),(30,'2.1.1','Modifier une installation électrique monophasée','',5,'2021-05-06 11:37:28',NULL),(31,'2.1.2','Appréhender les risques électriques','',5,'2021-05-06 11:37:28',NULL),(32,'2.2.1','Vérifier un équipement termiminal courant fort','',6,'2021-05-06 11:37:28',NULL),(33,'2.2.2','Vérifier une installation Téléphonie','',6,'2021-05-06 11:37:28',NULL),(34,'2.2.3','Vérifier un équipement terminal de signalétique','',6,'2021-05-06 11:37:28',NULL),(35,'2.2.4','Vérifier équipement terminal Domotique','',6,'2021-05-06 11:37:28',NULL),(36,'2.3.1','Diagnostiquer un dysfonctionnement électrique CF','',7,'2021-05-06 11:37:28',NULL),(37,'2.3.2','Diagnostiquer un dysfonctionnement Téléphonie','',7,'2021-05-06 11:37:28',NULL),(38,'2.3.3','Diagnostiquer un dysfonctionnement SSI','',7,'2021-05-06 11:37:28',NULL),(39,'2.3.4','Diagnostiquer un dysfonctionnement Domotique','',7,'2021-05-06 11:37:28',NULL),(40,'3.1.1','Ajouter un équipement à une installation sanitaire','',8,'2021-05-06 11:37:28',NULL),(41,'3.1.2','Modifier une installation sanitaire','',8,'2021-05-06 11:37:28',NULL),(42,'3.2.1','Vérifier un réseau d\'évacuation','',9,'2021-05-06 11:37:28',NULL),(43,'3.2.2','Vérifier un réseau d\'alimentation','',9,'2021-05-06 11:37:28',NULL),(44,'3.2.3','Vérifier un appareil sanitaire','',9,'2021-05-06 11:37:28',NULL),(45,'3.2.4','Vérifier l\'équipement terminal CVC','',9,'2021-05-06 11:37:28',NULL),(46,'3.3.1','Diagnostiquer un dysfonctionnement EU/EV','',10,'2021-05-06 11:37:28',NULL),(47,'3.3.2','Diagnostiquer un dysfonctionnement EF/EC','',10,'2021-05-06 11:37:28',NULL),(48,'3.3.3','Diagnostiquer un dysf. équipement sanitaire','',10,'2021-05-06 11:37:28',NULL),(49,'3.3.4','Diagnostiquer un dysf. équipement CVC','',10,'2021-05-06 11:37:28',NULL),(50,'1.4.10','Restaurer du petit mobilier dégradé','',4,'2021-05-06 11:37:28',NULL),(51,'1.4.11','Poser et déposer des accessoires d\'agencement','',4,'2021-05-06 11:37:28',NULL),(52,'1.4.12','Restaurer des stores et volets dégradés','',4,'2021-05-06 11:37:28',NULL);
/*!40000 ALTER TABLE `amb_operations` ENABLE KEYS */;
UNLOCK TABLES;

--
-- Table structure for table `amb_outilscaisse`
--

DROP TABLE IF EXISTS `amb_outilscaisse`;
/*!40101 SET @saved_cs_client     = @@character_set_client */;
/*!40101 SET character_set_client = utf8 */;
CREATE TABLE `amb_outilscaisse` (
  `idOutilCaisse` int(11) NOT NULL AUTO_INCREMENT,
  `nomOutilCaisse` varchar(100) NOT NULL,
  `nbOutilCaisse` int(11) NOT NULL DEFAULT '1',
  `idCentre` int(11) DEFAULT NULL,
  `dateCreation` datetime NOT NULL DEFAULT CURRENT_TIMESTAMP,
  `dateModification` datetime DEFAULT NULL ON UPDATE CURRENT_TIMESTAMP,
  PRIMARY KEY (`idOutilCaisse`),
  KEY `FK_OutilsCaisse_Centre` (`idCentre`)
) ENGINE=InnoDB AUTO_INCREMENT=50 DEFAULT CHARSET=utf8;
/*!40101 SET character_set_client = @saved_cs_client */;

--
-- Dumping data for table `amb_outilscaisse`
--

LOCK TABLES `amb_outilscaisse` WRITE;
/*!40000 ALTER TABLE `amb_outilscaisse` DISABLE KEYS */;
INSERT INTO `amb_outilscaisse` VALUES (1,'CADENAS (U)',1,1,'2021-05-06 11:37:28',NULL),(2,'CAISSE A OUTILS (U)',1,1,'2021-05-06 11:37:28',NULL),(3,'CHASSE CLOUS (U)',1,1,'2021-05-06 11:37:28',NULL),(4,'CISEAU A BOIS LARG 10 MM (U)',1,1,'2021-05-06 11:37:28',NULL),(5,'CLE A MOLETTE (U)',1,1,'2021-05-06 11:37:28',NULL),(6,'COUTEAU A ENDUIRE 100 MM (U)',1,1,'2021-05-06 11:37:28',NULL),(7,'CRAYON DE MACON (U)',1,1,'2021-05-06 11:37:28',NULL),(8,'CUTTER AUTOBLOQUANT (U)',1,1,'2021-05-06 11:37:28',NULL),(9,'EPONGE (U)',1,1,'2021-05-06 11:37:28',NULL),(10,'EQUERRE A TALON (U)',1,1,'2021-05-06 11:37:28',NULL),(11,'FIL A PLOMB (U)',1,1,'2021-05-06 11:37:28',NULL),(12,'GANTS DE PROTECTION (U)',1,1,'2021-05-06 11:37:28',NULL),(13,'LIME CARREE MI-DOUCE (U)',1,1,'2021-05-06 11:37:28',NULL),(14,'LIME QUEUE DE RAT (U)',1,1,'2021-05-06 11:37:28',NULL),(15,'MARTEAU DE MENUISIER (U)',1,1,'2021-05-06 11:37:28',NULL),(16,'METRE A RUBAN (U)',1,1,'2021-05-06 11:37:28',NULL),(17,'NIVEAU A BULLE (U)',1,1,'2021-05-06 11:37:28',NULL),(18,'PINCE A DENUDER (U)',1,1,'2021-05-06 11:37:28',NULL),(19,'PINCE COUPANTE ISOLEE (U)',1,1,'2021-05-06 11:37:28',NULL),(20,'PINCE MULTIPRISE (U)',1,1,'2021-05-06 11:37:28',NULL),(21,'PLATOIR INOX (U)',1,1,'2021-05-06 11:37:28',NULL),(22,'RAPE A BOIS MI-RONDE (U)',1,1,'2021-05-06 11:37:28',NULL),(23,'RIFLARD (U)',1,1,'2021-05-06 11:37:28',NULL),(24,'TENAILLE (U)',1,1,'2021-05-06 11:37:28',NULL),(25,'TOURNEVIS CRUCIFORME GROS (U)',1,1,'2021-05-06 11:37:28',NULL),(26,'TOURNEVIS CRUCIFORME PETIT (U)',1,1,'2021-05-06 11:37:28',NULL),(27,'TOURNEVIS PLAT LARGE (U)',1,1,'2021-05-06 11:37:28',NULL),(28,'TOURNEVIS PLAT PETIT (U)',1,1,'2021-05-06 11:37:28',NULL),(29,'TRUELLE LANGUE DE CHAT (U)',1,1,'2021-05-06 11:37:28',NULL),(30,'COUTEAU AMERICAIN 12CM',1,5,'2021-09-11 16:45:44',NULL),(31,'COUTEAU AMERICAIN 15CM',1,5,'2021-09-11 16:45:55',NULL),(32,'TRUELLE BOUT CARRE',1,5,'2021-09-11 16:46:37',NULL),(33,'TOURNEVIS ELECTRICIEN',1,5,'2021-09-11 16:47:23',NULL),(34,'PERCEUSE  VISSEUSE',1,5,'2021-09-11 16:48:44',NULL),(35,'MASSETTE',1,5,'2021-09-11 16:49:07',NULL),(36,'BURIN',1,5,'2021-09-11 16:49:20',NULL),(37,'CISAILLE AVIATION',1,5,'2021-09-11 16:52:23',NULL),(38,'CISEAU A BRIQUE',1,5,'2021-09-11 16:52:47',NULL),(39,'CORDEX',1,5,'2021-09-11 16:53:32',NULL),(40,'EQUERRE DE MACON',1,5,'2021-09-11 16:54:09',NULL),(41,'FAUSSE EQUERRE',1,5,'2021-09-11 16:54:27',NULL),(42,'JEU DE CLEFS PLATES',1,5,'2021-09-11 16:54:58',NULL),(43,'PINCE A BEC ISOLEE',1,5,'2021-09-11 16:55:36','2021-09-22 08:54:17'),(44,'RABOT SURFORM',1,5,'2021-09-11 16:56:00',NULL),(45,'SCIE A METAUX',1,5,'2021-09-11 16:56:22',NULL),(46,'SCIE A GUICHET',1,5,'2021-09-11 16:56:44',NULL),(47,'SURLUNETTE DE PROTECTION',1,5,'2021-09-11 16:57:22',NULL),(48,'TRUELLE D ANGLE INOX',1,5,'2021-09-11 16:58:04',NULL),(49,'PINCE A DENUDER ISOLEE',1,5,'2021-09-22 08:54:40',NULL);
/*!40000 ALTER TABLE `amb_outilscaisse` ENABLE KEYS */;
UNLOCK TABLES;

--
-- Table structure for table `amb_outilscaisseutilises`
--

DROP TABLE IF EXISTS `amb_outilscaisseutilises`;
/*!40101 SET @saved_cs_client     = @@character_set_client */;
/*!40101 SET character_set_client = utf8 */;
CREATE TABLE `amb_outilscaisseutilises` (
  `idOutilsCaisseUtilises` int(11) NOT NULL AUTO_INCREMENT,
  `idActivite` int(11) NOT NULL,
  `idOutilCaisse` int(11) NOT NULL,
  `quantiteOutilsCaisse` int(11) DEFAULT NULL,
  `dateCreation` datetime NOT NULL DEFAULT CURRENT_TIMESTAMP,
  `dateModification` datetime DEFAULT NULL ON UPDATE CURRENT_TIMESTAMP,
  PRIMARY KEY (`idOutilsCaisseUtilises`),
  KEY `FK_OutilsCaisseUtilises__activites` (`idActivite`),
  KEY `FK_OutilsCaisseUtilises__OutilsCaisse` (`idOutilCaisse`)
) ENGINE=InnoDB AUTO_INCREMENT=1210 DEFAULT CHARSET=utf8;
/*!40101 SET character_set_client = @saved_cs_client */;

--
-- Dumping data for table `amb_outilscaisseutilises`
--

LOCK TABLES `amb_outilscaisseutilises` WRITE;
/*!40000 ALTER TABLE `amb_outilscaisseutilises` DISABLE KEYS */;
INSERT INTO `amb_outilscaisseutilises` VALUES (1,4,10,NULL,'2021-06-01 13:11:26',NULL),(2,4,12,NULL,'2021-06-01 13:11:26',NULL),(3,5,7,NULL,'2021-06-03 20:01:14',NULL),(4,5,10,NULL,'2021-06-03 20:01:14',NULL),(5,5,11,NULL,'2021-06-03 20:01:14',NULL),(6,5,12,NULL,'2021-06-03 20:01:14',NULL),(7,5,15,NULL,'2021-06-03 20:01:14',NULL),(8,5,17,NULL,'2021-06-03 20:01:14',NULL),(9,5,25,NULL,'2021-06-03 20:01:14',NULL),(10,5,27,NULL,'2021-06-03 20:01:14',NULL),(11,6,12,NULL,'2021-06-03 20:07:52',NULL),(12,6,15,NULL,'2021-06-03 20:07:52',NULL),(13,6,25,NULL,'2021-06-03 20:07:52',NULL),(14,6,27,NULL,'2021-06-03 20:07:52',NULL),(15,6,20,NULL,'2021-06-03 20:07:52',NULL),(16,6,7,NULL,'2021-06-03 20:09:15',NULL),(17,6,10,NULL,'2021-06-03 20:09:15',NULL),(18,6,11,NULL,'2021-06-03 20:09:15',NULL),(19,6,17,NULL,'2021-06-03 20:09:15',NULL),(20,7,12,NULL,'2021-06-07 10:34:31',NULL),(21,7,15,NULL,'2021-06-07 10:34:31',NULL),(22,7,26,NULL,'2021-06-07 10:34:31',NULL),(23,7,28,NULL,'2021-06-07 10:34:31',NULL),(24,8,7,NULL,'2021-06-07 10:42:34',NULL),(25,8,16,NULL,'2021-06-07 10:42:34',NULL),(26,8,17,NULL,'2021-06-07 10:42:34',NULL),(27,8,3,NULL,'2021-06-07 10:43:46',NULL),(28,8,1,NULL,'2021-06-07 10:44:35',NULL),(29,8,10,NULL,'2021-06-07 10:47:01',NULL),(30,8,12,NULL,'2021-06-07 10:47:01',NULL),(31,11,1,NULL,'2021-06-07 11:07:34',NULL),(32,8,15,NULL,'2021-06-07 14:58:50',NULL),(33,4,7,NULL,'2021-06-07 14:58:51',NULL),(34,4,16,NULL,'2021-06-07 14:58:51',NULL),(35,4,17,NULL,'2021-06-07 14:58:51',NULL),(36,17,7,NULL,'2021-06-07 18:36:42',NULL),(37,17,10,NULL,'2021-06-07 18:36:42',NULL),(38,17,12,NULL,'2021-06-07 18:36:42',NULL),(39,17,17,NULL,'2021-06-07 18:36:42',NULL),(40,18,12,NULL,'2021-06-07 19:51:14',NULL),(41,18,15,NULL,'2021-06-07 19:51:14',NULL),(42,18,20,NULL,'2021-06-07 19:51:14',NULL),(43,18,25,NULL,'2021-06-07 19:51:14',NULL),(44,18,28,NULL,'2021-06-07 19:51:14',NULL),(45,19,8,NULL,'2021-06-08 19:00:58',NULL),(46,19,10,NULL,'2021-06-08 19:00:58',NULL),(47,19,12,NULL,'2021-06-08 19:00:58',NULL),(48,19,15,NULL,'2021-06-08 19:00:58',NULL),(49,19,17,NULL,'2021-06-08 19:00:58',NULL),(50,20,10,NULL,'2021-06-08 19:17:22',NULL),(51,20,12,NULL,'2021-06-08 19:17:22',NULL),(52,20,15,NULL,'2021-06-08 19:17:22',NULL),(53,20,17,NULL,'2021-06-08 19:17:22',NULL),(58,22,12,NULL,'2021-06-08 19:30:47',NULL),(59,22,10,NULL,'2021-06-08 19:30:47',NULL),(60,22,15,NULL,'2021-06-08 19:30:47',NULL),(61,22,17,NULL,'2021-06-08 19:30:47',NULL),(62,25,7,NULL,'2021-06-09 08:47:09',NULL),(63,25,10,NULL,'2021-06-09 08:47:09',NULL),(64,25,12,NULL,'2021-06-09 08:47:09',NULL),(65,25,16,NULL,'2021-06-09 08:47:09',NULL),(66,25,17,NULL,'2021-06-09 08:47:09',NULL),(67,26,7,NULL,'2021-06-09 08:47:56',NULL),(68,26,8,NULL,'2021-06-09 08:47:56',NULL),(69,26,10,NULL,'2021-06-09 08:47:56',NULL),(70,26,12,NULL,'2021-06-09 08:47:56',NULL),(71,26,15,NULL,'2021-06-09 08:47:56',NULL),(72,26,17,NULL,'2021-06-09 08:47:56',NULL),(79,25,28,NULL,'2021-06-09 09:13:21',NULL),(80,25,15,NULL,'2021-06-09 09:15:42',NULL),(81,25,8,NULL,'2021-06-09 09:38:11',NULL),(87,29,10,NULL,'2021-06-10 11:20:57',NULL),(88,29,12,NULL,'2021-06-10 11:20:57',NULL),(89,29,16,NULL,'2021-06-10 11:20:57',NULL),(90,30,2,NULL,'2021-06-10 11:22:07',NULL),(91,30,10,NULL,'2021-06-10 11:22:07',NULL),(92,30,12,NULL,'2021-06-10 11:22:07',NULL),(93,30,16,NULL,'2021-06-10 11:22:07',NULL),(94,31,2,NULL,'2021-06-10 11:24:24',NULL),(95,31,10,NULL,'2021-06-10 11:24:24',NULL),(96,31,12,NULL,'2021-06-10 11:24:24',NULL),(97,31,16,NULL,'2021-06-10 11:24:24',NULL),(98,31,17,NULL,'2021-06-10 11:24:24',NULL),(99,32,10,NULL,'2021-06-10 14:12:30',NULL),(100,32,12,NULL,'2021-06-10 14:12:30',NULL),(101,32,16,NULL,'2021-06-10 14:12:30',NULL),(102,32,17,NULL,'2021-06-10 14:12:30',NULL),(103,33,10,NULL,'2021-06-10 14:15:07',NULL),(104,33,12,NULL,'2021-06-10 14:15:07',NULL),(105,33,16,NULL,'2021-06-10 14:15:07',NULL),(106,33,17,NULL,'2021-06-10 14:15:07',NULL),(107,33,20,NULL,'2021-06-10 14:15:07',NULL),(108,34,7,NULL,'2021-06-10 14:19:43',NULL),(109,34,12,NULL,'2021-06-10 14:19:43',NULL),(110,34,13,NULL,'2021-06-10 14:19:43',NULL),(111,34,10,NULL,'2021-06-10 14:19:43',NULL),(112,35,7,NULL,'2021-06-10 14:42:39',NULL),(113,35,17,NULL,'2021-06-10 14:42:39',NULL),(114,36,12,NULL,'2021-06-10 14:48:19',NULL),(115,36,16,NULL,'2021-06-10 14:48:19',NULL),(116,36,17,NULL,'2021-06-10 14:48:19',NULL),(117,19,16,NULL,'2021-06-10 22:58:13',NULL),(118,37,2,NULL,'2021-06-14 14:25:09',NULL),(119,37,7,NULL,'2021-06-14 14:25:09',NULL),(120,37,8,NULL,'2021-06-14 14:25:09',NULL),(121,37,10,NULL,'2021-06-14 14:25:09',NULL),(122,37,12,NULL,'2021-06-14 14:25:09',NULL),(123,37,16,NULL,'2021-06-14 14:25:09',NULL),(124,37,17,NULL,'2021-06-14 14:25:09',NULL),(125,38,2,NULL,'2021-06-14 14:29:01',NULL),(126,38,8,NULL,'2021-06-14 14:34:27',NULL),(127,38,10,NULL,'2021-06-14 14:34:27',NULL),(128,38,12,NULL,'2021-06-14 14:34:27',NULL),(129,38,16,NULL,'2021-06-14 14:34:27',NULL),(130,38,17,NULL,'2021-06-14 14:34:27',NULL),(131,39,2,NULL,'2021-06-14 18:58:51',NULL),(132,39,7,NULL,'2021-06-14 18:58:51',NULL),(133,39,10,NULL,'2021-06-14 18:58:51',NULL),(134,39,12,NULL,'2021-06-14 18:58:51',NULL),(135,39,15,NULL,'2021-06-14 18:58:51',NULL),(136,39,17,NULL,'2021-06-14 18:58:51',NULL),(137,39,8,NULL,'2021-06-14 18:58:51',NULL),(138,39,16,NULL,'2021-06-14 18:58:51',NULL),(139,41,2,NULL,'2021-06-15 11:03:46',NULL),(140,41,7,NULL,'2021-06-15 11:03:46',NULL),(141,41,8,NULL,'2021-06-15 11:04:19',NULL),(142,41,10,NULL,'2021-06-15 11:04:19',NULL),(143,41,12,NULL,'2021-06-15 11:04:19',NULL),(144,41,16,NULL,'2021-06-15 11:04:19',NULL),(145,41,17,NULL,'2021-06-15 11:05:17',NULL),(146,42,2,NULL,'2021-06-15 15:31:32',NULL),(147,42,7,NULL,'2021-06-15 15:46:19',NULL),(148,42,8,NULL,'2021-06-15 15:46:19',NULL),(149,42,10,NULL,'2021-06-15 15:46:19',NULL),(150,42,12,NULL,'2021-06-15 15:46:19',NULL),(151,42,16,NULL,'2021-06-15 15:46:19',NULL),(152,42,17,NULL,'2021-06-15 15:46:19',NULL),(153,44,8,NULL,'2021-06-15 18:41:50',NULL),(154,44,10,NULL,'2021-06-15 18:41:50',NULL),(155,44,12,NULL,'2021-06-15 18:41:50',NULL),(156,44,15,NULL,'2021-06-15 18:41:50',NULL),(157,44,16,NULL,'2021-06-15 18:41:50',NULL),(158,44,17,NULL,'2021-06-15 18:41:50',NULL),(159,43,2,NULL,'2021-06-16 12:20:19',NULL),(160,43,7,NULL,'2021-06-16 12:20:19',NULL),(161,43,8,NULL,'2021-06-16 12:20:19',NULL),(162,43,10,NULL,'2021-06-16 12:20:19',NULL),(163,43,12,NULL,'2021-06-16 12:20:19',NULL),(164,43,15,NULL,'2021-06-16 12:20:19',NULL),(165,43,16,NULL,'2021-06-16 12:20:19',NULL),(166,43,17,NULL,'2021-06-16 12:20:19',NULL),(167,20,6,NULL,'2021-06-16 12:31:57',NULL),(168,20,7,NULL,'2021-06-16 12:31:57',NULL),(169,20,8,NULL,'2021-06-16 12:36:59',NULL),(170,20,16,NULL,'2021-06-16 12:36:59',NULL),(171,45,7,NULL,'2021-06-16 13:30:42',NULL),(172,45,8,NULL,'2021-06-16 13:30:42',NULL),(173,45,10,NULL,'2021-06-16 13:30:42',NULL),(174,45,12,NULL,'2021-06-16 13:30:42',NULL),(175,45,16,NULL,'2021-06-16 13:30:42',NULL),(176,45,17,NULL,'2021-06-16 13:30:42',NULL),(177,46,2,NULL,'2021-06-16 14:26:38',NULL),(178,46,7,NULL,'2021-06-16 14:26:38',NULL),(179,46,8,NULL,'2021-06-16 14:26:38',NULL),(180,46,10,NULL,'2021-06-16 14:26:38',NULL),(181,46,12,NULL,'2021-06-16 14:26:38',NULL),(182,46,16,NULL,'2021-06-16 14:27:52',NULL),(183,46,17,NULL,'2021-06-16 14:27:52',NULL),(184,47,2,NULL,'2021-06-16 14:31:58',NULL),(185,47,7,NULL,'2021-06-16 14:31:58',NULL),(186,47,8,NULL,'2021-06-16 14:31:58',NULL),(187,47,10,NULL,'2021-06-16 14:31:58',NULL),(188,47,12,NULL,'2021-06-16 14:31:58',NULL),(189,47,16,NULL,'2021-06-16 14:31:58',NULL),(190,47,17,NULL,'2021-06-16 14:31:58',NULL),(191,48,8,NULL,'2021-06-16 14:57:12',NULL),(192,48,10,NULL,'2021-06-16 14:57:12',NULL),(193,48,12,NULL,'2021-06-16 14:57:12',NULL),(194,48,16,NULL,'2021-06-16 14:57:12',NULL),(195,48,17,NULL,'2021-06-16 14:57:12',NULL),(196,49,2,NULL,'2021-06-17 09:11:50',NULL),(197,49,7,NULL,'2021-06-17 09:11:50',NULL),(198,49,8,NULL,'2021-06-17 09:11:50',NULL),(199,49,10,NULL,'2021-06-17 09:11:50',NULL),(200,49,17,NULL,'2021-06-17 09:11:50',NULL),(201,49,16,NULL,'2021-06-17 09:11:50',NULL),(202,49,12,NULL,'2021-06-17 09:11:50',NULL),(203,50,2,NULL,'2021-06-17 14:22:27',NULL),(204,50,7,NULL,'2021-06-17 14:22:27',NULL),(205,50,8,NULL,'2021-06-17 14:22:27',NULL),(206,50,10,NULL,'2021-06-17 14:22:27',NULL),(207,50,12,NULL,'2021-06-17 14:22:27',NULL),(208,50,16,NULL,'2021-06-17 14:22:27',NULL),(209,50,17,NULL,'2021-06-17 14:22:27',NULL),(210,51,2,NULL,'2021-06-17 14:24:25',NULL),(211,51,7,NULL,'2021-06-17 14:24:25',NULL),(212,51,8,NULL,'2021-06-17 14:24:25',NULL),(213,51,10,NULL,'2021-06-17 14:24:25',NULL),(214,51,12,NULL,'2021-06-17 14:24:25',NULL),(215,51,16,NULL,'2021-06-17 14:24:25',NULL),(216,51,17,NULL,'2021-06-17 14:24:25',NULL),(217,52,2,NULL,'2021-06-17 20:10:58',NULL),(218,52,8,NULL,'2021-06-17 20:10:58',NULL),(219,52,10,NULL,'2021-06-17 20:10:58',NULL),(220,52,12,NULL,'2021-06-17 20:10:58',NULL),(221,52,15,NULL,'2021-06-17 20:10:58',NULL),(222,52,16,NULL,'2021-06-17 20:10:58',NULL),(223,52,17,NULL,'2021-06-17 20:10:58',NULL),(224,53,2,NULL,'2021-06-18 13:59:50',NULL),(225,53,8,NULL,'2021-06-18 13:59:50',NULL),(226,53,10,NULL,'2021-06-18 13:59:50',NULL),(227,53,12,NULL,'2021-06-18 13:59:50',NULL),(228,53,15,NULL,'2021-06-18 13:59:50',NULL),(229,53,16,NULL,'2021-06-18 13:59:50',NULL),(230,53,17,NULL,'2021-06-18 13:59:50',NULL),(231,55,2,NULL,'2021-06-21 13:03:03',NULL),(232,55,7,NULL,'2021-06-21 13:03:03',NULL),(233,55,8,NULL,'2021-06-21 13:03:03',NULL),(234,55,10,NULL,'2021-06-21 13:03:42',NULL),(235,55,12,NULL,'2021-06-21 13:03:42',NULL),(236,55,16,NULL,'2021-06-21 13:03:42',NULL),(237,55,17,NULL,'2021-06-21 13:03:42',NULL),(238,54,2,NULL,'2021-06-21 13:07:11',NULL),(239,54,7,NULL,'2021-06-21 13:07:11',NULL),(240,54,8,NULL,'2021-06-21 13:07:11',NULL),(241,54,10,NULL,'2021-06-21 13:07:11',NULL),(242,54,12,NULL,'2021-06-21 13:07:11',NULL),(243,54,16,NULL,'2021-06-21 13:07:11',NULL),(244,56,2,NULL,'2021-06-21 13:33:30',NULL),(245,56,7,NULL,'2021-06-21 13:33:30',NULL),(246,56,8,NULL,'2021-06-21 13:33:30',NULL),(247,56,10,NULL,'2021-06-21 13:33:30',NULL),(248,56,12,NULL,'2021-06-21 13:33:30',NULL),(249,56,16,NULL,'2021-06-21 13:33:30',NULL),(250,56,17,NULL,'2021-06-21 13:33:30',NULL),(252,57,2,NULL,'2021-06-22 15:55:06',NULL),(253,57,6,NULL,'2021-06-22 15:55:06',NULL),(254,57,9,NULL,'2021-06-22 15:55:06',NULL),(255,58,2,NULL,'2021-06-23 12:07:14',NULL),(256,58,6,NULL,'2021-06-23 12:07:14',NULL),(257,58,8,NULL,'2021-06-23 12:07:14',NULL),(258,58,9,NULL,'2021-06-23 12:07:14',NULL),(259,58,12,NULL,'2021-06-23 12:07:14',NULL),(260,58,16,NULL,'2021-06-23 12:07:14',NULL),(261,58,21,NULL,'2021-06-23 12:07:14',NULL),(262,58,25,NULL,'2021-06-23 12:07:14',NULL),(263,59,6,NULL,'2021-06-23 12:39:28',NULL),(264,59,9,NULL,'2021-06-23 12:39:28',NULL),(265,59,12,NULL,'2021-06-23 12:39:28',NULL),(266,59,21,NULL,'2021-06-23 12:39:56',NULL),(267,60,2,NULL,'2021-06-23 12:41:28',NULL),(268,60,6,NULL,'2021-06-23 12:41:28',NULL),(269,60,9,NULL,'2021-06-23 12:41:28',NULL),(270,60,21,NULL,'2021-06-23 12:41:28',NULL),(271,60,25,NULL,'2021-06-23 12:41:28',NULL),(273,61,2,NULL,'2021-06-24 16:31:48',NULL),(274,61,7,NULL,'2021-06-24 16:31:48',NULL),(275,61,8,NULL,'2021-06-24 16:31:48',NULL),(276,61,10,NULL,'2021-06-24 16:31:48',NULL),(277,61,12,NULL,'2021-06-24 16:31:48',NULL),(278,61,16,NULL,'2021-06-24 16:31:48',NULL),(279,61,17,NULL,'2021-06-24 16:31:48',NULL),(280,61,26,NULL,'2021-06-24 16:31:48',NULL),(281,62,2,NULL,'2021-06-24 16:32:26',NULL),(282,62,7,NULL,'2021-06-24 16:32:26',NULL),(283,62,8,NULL,'2021-06-24 16:32:26',NULL),(284,62,12,NULL,'2021-06-24 16:32:26',NULL),(285,62,16,NULL,'2021-06-24 16:32:26',NULL),(286,62,17,NULL,'2021-06-24 16:32:26',NULL),(288,63,2,NULL,'2021-06-28 11:13:55',NULL),(289,63,7,NULL,'2021-06-28 11:13:55',NULL),(290,63,8,NULL,'2021-06-28 11:13:55',NULL),(291,63,16,NULL,'2021-06-28 11:13:55',NULL),(292,64,2,NULL,'2021-06-28 16:24:53',NULL),(293,64,8,NULL,'2021-06-28 16:25:13',NULL),(294,64,9,NULL,'2021-06-28 16:25:13',NULL),(295,64,10,NULL,'2021-06-28 16:25:44',NULL),(296,64,12,NULL,'2021-06-28 16:25:44',NULL),(297,64,16,NULL,'2021-06-28 16:25:44',NULL),(298,64,17,NULL,'2021-06-28 16:25:44',NULL),(299,65,2,NULL,'2021-06-29 16:16:30',NULL),(300,65,6,NULL,'2021-06-29 16:16:30',NULL),(301,65,9,NULL,'2021-06-29 16:16:30',NULL),(302,65,16,NULL,'2021-06-29 16:16:30',NULL),(303,65,17,NULL,'2021-06-29 16:16:30',NULL),(304,65,21,NULL,'2021-06-29 16:16:30',NULL),(306,66,12,NULL,'2021-06-29 19:10:41',NULL),(307,66,2,NULL,'2021-06-29 19:10:41',NULL),(308,66,7,NULL,'2021-06-29 19:10:41',NULL),(309,66,9,NULL,'2021-06-29 19:10:41',NULL),(310,66,16,NULL,'2021-06-29 19:10:41',NULL),(311,66,21,NULL,'2021-06-29 19:10:41',NULL),(312,67,2,NULL,'2021-06-30 10:14:11',NULL),(313,67,7,NULL,'2021-06-30 10:14:11',NULL),(314,67,16,NULL,'2021-06-30 10:14:11',NULL),(315,67,6,NULL,'2021-06-30 10:14:11',NULL),(316,67,12,NULL,'2021-06-30 10:14:11',NULL),(317,67,17,NULL,'2021-06-30 10:14:11',NULL),(318,68,2,NULL,'2021-06-30 16:07:22',NULL),(319,68,6,NULL,'2021-06-30 16:07:22',NULL),(320,68,7,NULL,'2021-06-30 16:07:22',NULL),(321,68,9,NULL,'2021-06-30 16:07:22',NULL),(322,68,10,NULL,'2021-06-30 16:07:22',NULL),(323,68,16,NULL,'2021-06-30 16:07:22',NULL),(324,68,17,NULL,'2021-06-30 16:07:22',NULL),(325,68,21,NULL,'2021-06-30 16:07:22',NULL),(327,70,2,NULL,'2021-07-01 22:05:34',NULL),(328,70,6,NULL,'2021-07-01 22:05:34',NULL),(329,70,9,NULL,'2021-07-01 22:06:26',NULL),(330,70,10,NULL,'2021-07-01 22:06:26',NULL),(331,70,12,NULL,'2021-07-01 22:07:02',NULL),(332,70,16,NULL,'2021-07-01 22:07:02',NULL),(333,70,17,NULL,'2021-07-01 22:08:02',NULL),(334,70,21,NULL,'2021-07-01 22:08:02',NULL),(335,70,29,NULL,'2021-07-01 22:09:05',NULL),(336,71,2,NULL,'2021-07-02 10:41:19',NULL),(337,71,6,NULL,'2021-07-02 10:41:19',NULL),(338,71,7,NULL,'2021-07-02 10:41:19',NULL),(339,71,9,NULL,'2021-07-02 10:41:19',NULL),(340,71,12,NULL,'2021-07-02 10:41:19',NULL),(341,71,16,NULL,'2021-07-02 10:41:19',NULL),(342,71,17,NULL,'2021-07-02 10:41:19',NULL),(343,71,21,NULL,'2021-07-02 10:41:19',NULL),(344,72,2,NULL,'2021-07-02 18:27:49',NULL),(345,72,6,NULL,'2021-07-02 18:27:49',NULL),(346,72,8,NULL,'2021-07-02 18:28:14',NULL),(347,72,9,NULL,'2021-07-02 18:28:14',NULL),(348,72,10,NULL,'2021-07-02 18:28:41',NULL),(349,72,11,NULL,'2021-07-02 18:28:41',NULL),(350,72,12,NULL,'2021-07-02 18:28:41',NULL),(351,72,16,NULL,'2021-07-02 18:29:05',NULL),(352,72,17,NULL,'2021-07-02 18:29:05',NULL),(353,72,21,NULL,'2021-07-02 18:29:47',NULL),(354,72,29,NULL,'2021-07-02 18:29:47',NULL),(355,73,2,NULL,'2021-07-05 15:21:58',NULL),(356,73,7,NULL,'2021-07-05 15:21:58',NULL),(357,73,8,NULL,'2021-07-05 15:21:58',NULL),(358,73,9,NULL,'2021-07-05 15:21:58',NULL),(359,73,10,NULL,'2021-07-05 15:21:58',NULL),(360,73,16,NULL,'2021-07-05 15:21:58',NULL),(361,73,21,NULL,'2021-07-05 15:21:58',NULL),(362,74,2,NULL,'2021-07-05 21:09:59',NULL),(363,74,8,NULL,'2021-07-05 21:09:59',NULL),(364,74,9,NULL,'2021-07-05 21:10:20',NULL),(365,74,10,NULL,'2021-07-05 21:10:20',NULL),(366,74,12,NULL,'2021-07-05 21:10:49',NULL),(367,74,16,NULL,'2021-07-05 21:10:49',NULL),(368,76,2,NULL,'2021-07-07 15:21:52',NULL),(369,76,9,NULL,'2021-07-07 15:21:52',NULL),(370,76,12,NULL,'2021-07-07 15:21:52',NULL),(371,77,2,NULL,'2021-07-07 15:37:02',NULL),(372,77,8,NULL,'2021-07-07 15:37:02',NULL),(373,77,9,NULL,'2021-07-07 15:37:02',NULL),(374,77,10,NULL,'2021-07-07 15:37:02',NULL),(375,77,12,NULL,'2021-07-07 15:37:02',NULL),(376,78,2,NULL,'2021-07-08 11:10:20',NULL),(377,78,9,NULL,'2021-07-08 11:10:20',NULL),(379,79,2,NULL,'2021-07-08 11:30:32',NULL),(380,79,6,NULL,'2021-07-08 11:30:32',NULL),(381,79,21,NULL,'2021-07-08 11:30:32',NULL),(383,80,2,NULL,'2021-07-08 20:11:24',NULL),(384,80,6,NULL,'2021-07-08 20:11:24',NULL),(385,80,8,NULL,'2021-07-08 20:11:49',NULL),(386,80,9,NULL,'2021-07-08 20:11:49',NULL),(387,80,21,NULL,'2021-07-08 20:12:45',NULL),(388,75,2,NULL,'2021-07-08 20:43:20',NULL),(389,75,9,NULL,'2021-07-08 20:43:20',NULL),(390,81,2,NULL,'2021-07-08 20:58:00',NULL),(391,81,9,NULL,'2021-07-08 20:58:00',NULL),(392,82,2,NULL,'2021-07-09 11:35:01',NULL),(393,82,9,NULL,'2021-07-09 11:35:01',NULL),(395,69,2,NULL,'2021-07-12 13:23:55',NULL),(396,69,6,NULL,'2021-07-12 13:23:55',NULL),(397,69,7,NULL,'2021-07-12 13:23:55',NULL),(398,69,9,NULL,'2021-07-12 13:23:55',NULL),(399,69,10,NULL,'2021-07-12 13:23:55',NULL),(400,69,16,NULL,'2021-07-12 13:23:55',NULL),(401,69,17,NULL,'2021-07-12 13:23:55',NULL),(402,83,12,NULL,'2021-07-12 16:25:32',NULL),(403,84,12,NULL,'2021-07-13 13:25:11',NULL),(404,84,16,NULL,'2021-07-13 13:25:11',NULL),(405,84,17,NULL,'2021-07-13 13:25:11',NULL),(406,85,2,NULL,'2021-07-13 13:25:29',NULL),(407,85,8,NULL,'2021-07-13 13:25:29',NULL),(408,85,9,NULL,'2021-07-13 13:25:29',NULL),(409,85,16,NULL,'2021-07-13 13:25:29',NULL),(410,85,17,NULL,'2021-07-13 13:25:29',NULL),(412,86,2,NULL,'2021-07-13 13:37:48',NULL),(413,86,8,NULL,'2021-07-13 13:37:48',NULL),(414,86,9,NULL,'2021-07-13 13:37:48',NULL),(415,87,8,NULL,'2021-07-13 13:40:40',NULL),(416,87,7,NULL,'2021-07-13 13:40:40',NULL),(417,87,9,NULL,'2021-07-13 13:40:40',NULL),(418,87,16,NULL,'2021-07-13 13:40:40',NULL),(419,87,12,NULL,'2021-07-13 13:40:40',NULL),(420,88,2,NULL,'2021-07-13 13:54:42',NULL),(421,88,9,NULL,'2021-07-13 13:54:42',NULL),(422,89,2,NULL,'2021-07-13 14:03:49',NULL),(423,89,7,NULL,'2021-07-13 14:03:49',NULL),(424,89,10,NULL,'2021-07-13 14:03:49',NULL),(427,89,16,NULL,'2021-07-13 14:04:24',NULL),(428,89,17,NULL,'2021-07-13 14:04:24',NULL),(430,91,2,NULL,'2021-07-13 14:29:36',NULL),(431,91,9,NULL,'2021-07-13 14:29:36',NULL),(432,91,23,NULL,'2021-07-13 14:29:36',NULL),(433,92,2,NULL,'2021-07-13 14:43:14',NULL),(434,92,8,NULL,'2021-07-13 14:43:14',NULL),(435,92,9,NULL,'2021-07-13 14:43:14',NULL),(436,92,17,NULL,'2021-07-13 14:43:14',NULL),(437,92,7,NULL,'2021-07-13 14:43:14',NULL),(438,93,12,NULL,'2021-07-13 20:19:22',NULL),(439,93,16,NULL,'2021-07-13 20:19:22',NULL),(440,93,17,NULL,'2021-07-13 20:19:22',NULL),(441,94,8,NULL,'2021-07-13 21:20:33',NULL),(442,94,9,NULL,'2021-07-13 21:20:33',NULL),(443,94,11,NULL,'2021-07-13 21:20:33',NULL),(444,94,16,NULL,'2021-07-13 21:21:29',NULL),(445,95,9,NULL,'2021-07-13 22:29:36',NULL),(446,95,12,NULL,'2021-07-13 22:29:36',NULL),(447,96,9,NULL,'2021-07-14 21:38:30',NULL),(449,97,2,NULL,'2021-07-15 16:06:07',NULL),(450,97,9,NULL,'2021-07-15 16:06:07',NULL),(452,98,2,NULL,'2021-07-15 16:11:49',NULL),(453,98,9,NULL,'2021-07-15 16:11:49',NULL),(454,90,9,NULL,'2021-07-16 09:53:30',NULL),(455,99,9,NULL,'2021-07-16 10:00:53',NULL),(456,100,2,NULL,'2021-07-16 10:13:58',NULL),(457,100,7,NULL,'2021-07-16 10:13:58',NULL),(458,100,10,NULL,'2021-07-16 10:13:58',NULL),(459,100,8,NULL,'2021-07-16 10:13:58',NULL),(460,100,16,NULL,'2021-07-16 10:13:58',NULL),(461,100,17,NULL,'2021-07-16 10:13:58',NULL),(462,13,20,NULL,'2021-09-07 10:33:25',NULL),(463,13,10,NULL,'2021-09-07 10:33:25',NULL),(464,101,7,NULL,'2021-09-08 11:37:21',NULL),(465,101,9,NULL,'2021-09-08 11:37:21',NULL),(466,101,16,NULL,'2021-09-08 11:37:21',NULL),(467,101,17,NULL,'2021-09-08 11:37:21',NULL),(468,101,21,NULL,'2021-09-08 11:50:26',NULL),(469,101,29,NULL,'2021-09-08 11:50:26',NULL),(470,102,8,NULL,'2021-09-08 15:28:05',NULL),(471,103,8,NULL,'2021-09-08 15:59:56',NULL),(472,104,7,NULL,'2021-09-09 14:27:21',NULL),(473,104,17,NULL,'2021-09-09 14:27:21',NULL),(474,104,16,NULL,'2021-09-09 14:27:21',NULL),(475,104,9,NULL,'2021-09-09 14:44:41',NULL),(476,104,29,NULL,'2021-09-09 14:44:41',NULL),(477,105,16,NULL,'2021-09-13 08:52:34',NULL),(478,106,7,NULL,'2021-09-13 09:02:42',NULL),(479,106,32,NULL,'2021-09-13 09:02:42',NULL),(480,106,9,NULL,'2021-09-13 09:02:42',NULL),(481,106,17,NULL,'2021-09-13 09:02:42',NULL),(482,106,16,NULL,'2021-09-13 09:02:42',NULL),(483,107,3,NULL,'2021-09-13 09:06:35',NULL),(484,107,15,NULL,'2021-09-13 09:06:35',NULL),(485,107,16,NULL,'2021-09-13 09:06:35',NULL),(486,107,17,NULL,'2021-09-13 09:06:35',NULL),(487,108,37,NULL,'2021-09-13 09:18:20',NULL),(488,108,8,NULL,'2021-09-13 09:18:20',NULL),(489,108,31,NULL,'2021-09-13 09:18:20',NULL),(490,108,7,NULL,'2021-09-13 09:18:20',NULL),(491,108,16,NULL,'2021-09-13 09:18:20',NULL),(492,108,34,NULL,'2021-09-13 09:18:20',NULL),(493,108,44,NULL,'2021-09-13 09:18:20',NULL),(494,108,6,NULL,'2021-09-13 09:18:20',NULL),(495,109,8,NULL,'2021-09-13 10:51:37',NULL),(496,109,7,NULL,'2021-09-13 10:51:37',NULL),(497,109,9,NULL,'2021-09-13 10:51:37',NULL),(498,110,37,NULL,'2021-09-13 11:21:28',NULL),(499,110,39,NULL,'2021-09-13 11:21:28',NULL),(500,110,6,NULL,'2021-09-13 11:21:28',NULL),(501,110,31,NULL,'2021-09-13 11:21:28',NULL),(502,110,7,NULL,'2021-09-13 11:21:28',NULL),(503,110,8,NULL,'2021-09-13 11:21:28',NULL),(504,110,40,NULL,'2021-09-13 11:21:28',NULL),(505,110,12,NULL,'2021-09-13 11:21:28',NULL),(506,110,11,NULL,'2021-09-13 11:21:28',NULL),(507,111,7,NULL,'2021-09-13 11:29:29',NULL),(508,111,16,NULL,'2021-09-13 11:29:29',NULL),(509,111,40,NULL,'2021-09-13 11:29:29',NULL),(510,111,32,NULL,'2021-09-13 11:29:29',NULL),(511,112,9,NULL,'2021-09-13 11:34:10',NULL),(512,112,29,NULL,'2021-09-13 11:34:10',NULL),(513,112,7,NULL,'2021-09-13 11:34:10',NULL),(514,112,17,NULL,'2021-09-13 11:34:10',NULL),(515,113,30,NULL,'2021-09-13 11:34:58',NULL),(516,113,31,NULL,'2021-09-13 11:34:58',NULL),(517,113,8,NULL,'2021-09-13 11:34:58',NULL),(518,113,7,NULL,'2021-09-13 11:34:58',NULL),(519,113,40,NULL,'2021-09-13 11:34:58',NULL),(520,113,12,NULL,'2021-09-13 11:34:58',NULL),(522,114,37,NULL,'2021-09-13 11:46:58',NULL),(523,114,39,NULL,'2021-09-13 11:46:58',NULL),(524,114,7,NULL,'2021-09-13 11:46:58',NULL),(525,114,8,NULL,'2021-09-13 11:46:58',NULL),(526,114,40,NULL,'2021-09-13 11:46:58',NULL),(527,114,16,NULL,'2021-09-13 11:46:58',NULL),(528,115,40,NULL,'2021-09-13 13:17:35',NULL),(529,115,12,NULL,'2021-09-13 13:17:35',NULL),(530,115,16,NULL,'2021-09-13 13:17:35',NULL),(531,115,24,NULL,'2021-09-13 13:17:35',NULL),(532,118,37,NULL,'2021-09-13 13:57:11',NULL),(533,118,7,NULL,'2021-09-13 13:57:11',NULL),(534,118,9,NULL,'2021-09-13 13:57:11',NULL),(535,118,17,NULL,'2021-09-13 13:57:11',NULL),(536,118,16,NULL,'2021-09-13 13:57:11',NULL),(537,118,34,NULL,'2021-09-13 13:57:11',NULL),(538,119,39,NULL,'2021-09-13 14:03:08',NULL),(539,119,8,NULL,'2021-09-13 14:03:08',NULL),(540,119,9,NULL,'2021-09-13 14:03:08',NULL),(541,119,10,NULL,'2021-09-13 14:03:08',NULL),(542,119,41,NULL,'2021-09-13 14:03:08',NULL),(543,120,39,NULL,'2021-09-13 14:03:21',NULL),(544,120,8,NULL,'2021-09-13 14:03:21',NULL),(545,120,9,NULL,'2021-09-13 14:03:21',NULL),(546,120,10,NULL,'2021-09-13 14:03:21',NULL),(547,120,41,NULL,'2021-09-13 14:03:21',NULL),(548,123,39,NULL,'2021-09-13 15:51:07',NULL),(549,123,8,NULL,'2021-09-13 15:51:07',NULL),(550,123,9,NULL,'2021-09-13 15:51:07',NULL),(551,123,10,NULL,'2021-09-13 15:51:07',NULL),(552,124,7,NULL,'2021-09-13 15:52:08',NULL),(553,124,37,NULL,'2021-09-13 15:52:08',NULL),(554,124,9,NULL,'2021-09-13 15:52:08',NULL),(555,124,17,NULL,'2021-09-13 15:52:08',NULL),(556,124,16,NULL,'2021-09-13 15:52:08',NULL),(557,125,3,NULL,'2021-09-13 16:09:09',NULL),(558,125,7,NULL,'2021-09-13 16:09:09',NULL),(559,125,16,NULL,'2021-09-13 16:09:09',NULL),(560,125,10,NULL,'2021-09-13 16:09:09',NULL),(561,125,41,NULL,'2021-09-13 16:09:09',NULL),(562,126,3,NULL,'2021-09-13 16:09:13',NULL),(563,127,25,NULL,'2021-09-13 16:24:33',NULL),(564,127,27,NULL,'2021-09-13 16:24:33',NULL),(565,127,22,NULL,'2021-09-13 16:24:33',NULL),(566,129,16,NULL,'2021-09-13 16:35:50',NULL),(570,130,7,NULL,'2021-09-13 18:05:08',NULL),(571,130,9,NULL,'2021-09-13 18:05:08',NULL),(572,130,17,NULL,'2021-09-13 18:05:08',NULL),(573,130,16,NULL,'2021-09-13 18:05:08',NULL),(574,130,29,NULL,'2021-09-13 18:05:08',NULL),(575,129,8,NULL,'2021-09-13 18:07:53',NULL),(576,129,7,NULL,'2021-09-13 18:07:53',NULL),(577,132,7,NULL,'2021-09-13 18:17:37',NULL),(578,132,17,NULL,'2021-09-13 18:17:37',NULL),(579,132,27,NULL,'2021-09-13 18:17:37',NULL),(580,132,45,NULL,'2021-09-13 18:17:37',NULL),(581,133,2,NULL,'2021-09-13 18:39:20',NULL),(582,138,26,NULL,'2021-09-15 08:27:05',NULL),(583,138,28,NULL,'2021-09-15 08:27:05',NULL),(584,138,18,NULL,'2021-09-15 08:27:05',NULL),(585,139,7,NULL,'2021-09-15 08:29:12',NULL),(586,139,9,NULL,'2021-09-15 08:29:12',NULL),(587,139,40,NULL,'2021-09-15 08:29:12',NULL),(588,139,16,NULL,'2021-09-15 08:29:12',NULL),(589,139,32,NULL,'2021-09-15 08:29:12',NULL),(590,140,7,NULL,'2021-09-15 08:38:02',NULL),(591,140,8,NULL,'2021-09-15 08:38:02',NULL),(592,140,9,NULL,'2021-09-15 08:38:02',NULL),(593,140,40,NULL,'2021-09-15 08:38:02',NULL),(595,140,16,NULL,'2021-09-15 08:38:02',NULL),(596,141,37,NULL,'2021-09-15 08:49:15',NULL),(597,141,8,NULL,'2021-09-15 08:49:15',NULL),(598,141,7,NULL,'2021-09-15 08:49:15',NULL),(599,141,12,NULL,'2021-09-15 08:49:15',NULL),(600,141,16,NULL,'2021-09-15 08:49:15',NULL),(601,141,34,NULL,'2021-09-15 08:49:15',NULL),(602,142,13,NULL,'2021-09-15 09:07:41',NULL),(603,142,34,NULL,'2021-09-15 09:07:41',NULL),(604,142,27,NULL,'2021-09-15 09:07:41',NULL),(605,142,28,NULL,'2021-09-15 09:07:41',NULL),(606,143,28,NULL,'2021-09-15 10:21:35',NULL),(607,144,7,NULL,'2021-09-15 10:30:44',NULL),(608,144,3,NULL,'2021-09-15 10:30:44',NULL),(609,144,15,NULL,'2021-09-15 10:30:44',NULL),(610,144,16,NULL,'2021-09-15 10:30:44',NULL),(611,147,33,NULL,'2021-09-15 11:24:06',NULL),(612,147,19,NULL,'2021-09-15 11:24:06',NULL),(613,147,43,NULL,'2021-09-15 11:24:06',NULL),(614,146,7,NULL,'2021-09-15 11:44:23',NULL),(615,146,8,NULL,'2021-09-15 11:44:23',NULL),(616,146,16,NULL,'2021-09-15 11:44:23',NULL),(617,146,18,NULL,'2021-09-15 11:44:23',NULL),(618,146,28,NULL,'2021-09-15 11:44:23',NULL),(619,146,27,NULL,'2021-09-15 11:44:23',NULL),(620,146,26,NULL,'2021-09-15 11:44:23',NULL),(621,146,46,NULL,'2021-09-15 11:44:23',NULL),(622,146,19,NULL,'2021-09-15 11:44:23',NULL),(623,131,7,NULL,'2021-09-15 12:31:23',NULL),(624,131,15,NULL,'2021-09-15 12:31:23',NULL),(625,134,7,NULL,'2021-09-15 12:41:13',NULL),(626,134,8,NULL,'2021-09-15 12:41:13',NULL),(627,140,15,NULL,'2021-09-15 13:45:58',NULL),(629,148,19,NULL,'2021-09-15 14:04:16',NULL),(630,148,33,NULL,'2021-09-15 14:04:16',NULL),(631,150,43,NULL,'2021-09-15 14:09:41',NULL),(632,150,18,NULL,'2021-09-15 14:09:41',NULL),(633,150,19,NULL,'2021-09-15 14:09:41',NULL),(634,150,33,NULL,'2021-09-15 14:09:41',NULL),(635,151,7,NULL,'2021-09-15 14:18:30',NULL),(636,151,27,NULL,'2021-09-15 14:18:30',NULL),(637,151,22,NULL,'2021-09-15 14:18:30',NULL),(638,151,34,NULL,'2021-09-15 14:21:54',NULL),(639,151,13,NULL,'2021-09-15 14:21:54',NULL),(640,154,15,NULL,'2021-09-15 16:09:54',NULL),(641,155,13,NULL,'2021-09-15 16:24:28',NULL),(642,155,25,NULL,'2021-09-15 16:24:28',NULL),(643,155,28,NULL,'2021-09-15 16:24:28',NULL),(644,153,7,NULL,'2021-09-15 16:27:23',NULL),(645,153,8,NULL,'2021-09-15 16:27:23',NULL),(646,153,16,NULL,'2021-09-15 16:27:23',NULL),(647,153,17,NULL,'2021-09-15 16:27:23',NULL),(648,157,9,NULL,'2021-09-15 20:36:50',NULL),(649,158,41,NULL,'2021-09-15 20:46:33',NULL),(650,158,7,NULL,'2021-09-15 21:05:58',NULL),(651,158,16,NULL,'2021-09-15 21:05:58',NULL),(652,158,17,NULL,'2021-09-15 21:05:58',NULL),(653,158,34,NULL,'2021-09-15 21:05:58',NULL),(654,158,18,NULL,'2021-09-15 21:05:58',NULL),(655,158,25,NULL,'2021-09-15 21:05:58',NULL),(656,158,26,NULL,'2021-09-15 21:05:58',NULL),(659,160,18,NULL,'2021-09-15 21:41:47',NULL),(660,160,19,NULL,'2021-09-15 21:41:47',NULL),(662,161,9,NULL,'2021-09-15 22:35:54',NULL),(663,162,17,NULL,'2021-09-16 08:31:27',NULL),(664,162,34,NULL,'2021-09-16 08:31:27',NULL),(665,162,44,NULL,'2021-09-16 08:31:27',NULL),(666,164,26,NULL,'2021-09-16 08:35:46',NULL),(667,164,25,NULL,'2021-09-16 08:35:46',NULL),(670,167,46,NULL,'2021-09-16 09:23:17',NULL),(671,168,40,NULL,'2021-09-16 09:28:57',NULL),(672,168,25,NULL,'2021-09-16 09:35:33',NULL),(673,169,4,NULL,'2021-09-16 11:34:38',NULL),(674,169,14,NULL,'2021-09-16 11:34:58',NULL),(676,170,4,NULL,'2021-09-16 11:46:32',NULL),(677,170,14,NULL,'2021-09-16 11:46:32',NULL),(680,156,17,NULL,'2021-09-16 19:35:28',NULL),(681,156,34,NULL,'2021-09-16 19:35:28',NULL),(682,156,43,NULL,'2021-09-16 19:35:28',NULL),(683,156,18,NULL,'2021-09-16 19:35:28',NULL),(684,156,19,NULL,'2021-09-16 19:35:28',NULL),(685,156,33,NULL,'2021-09-16 19:35:28',NULL),(686,135,43,NULL,'2021-09-18 10:46:22',NULL),(687,135,19,NULL,'2021-09-18 10:46:22',NULL),(688,135,33,NULL,'2021-09-18 10:46:22',NULL),(689,176,9,NULL,'2021-09-18 13:40:19',NULL),(690,176,8,NULL,'2021-09-18 13:40:19',NULL),(691,176,7,NULL,'2021-09-18 13:40:19',NULL),(692,176,16,NULL,'2021-09-18 13:40:19',NULL),(694,178,8,NULL,'2021-09-19 09:26:51',NULL),(695,178,17,NULL,'2021-09-19 09:26:51',NULL),(696,178,16,NULL,'2021-09-19 09:26:51',NULL),(698,179,12,NULL,'2021-09-19 09:45:01',NULL),(699,179,43,NULL,'2021-09-19 09:45:01',NULL),(700,179,18,NULL,'2021-09-19 09:45:01',NULL),(701,179,19,NULL,'2021-09-19 09:45:01',NULL),(702,179,33,NULL,'2021-09-19 09:45:01',NULL),(703,180,16,NULL,'2021-09-19 19:55:06',NULL),(704,180,7,NULL,'2021-09-19 19:55:06',NULL),(705,180,8,NULL,'2021-09-19 19:55:06',NULL),(706,180,17,NULL,'2021-09-19 19:55:06',NULL),(707,180,6,NULL,'2021-09-19 19:55:06',NULL),(708,180,21,NULL,'2021-09-19 19:55:06',NULL),(709,171,28,NULL,'2021-09-20 11:50:20',NULL),(711,181,7,NULL,'2021-09-20 19:56:41',NULL),(712,181,17,NULL,'2021-09-20 19:56:41',NULL),(713,181,14,NULL,'2021-09-20 19:56:41',NULL),(714,181,34,NULL,'2021-09-20 19:56:41',NULL),(715,181,28,NULL,'2021-09-20 19:56:41',NULL),(717,182,7,NULL,'2021-09-20 20:30:39',NULL),(718,182,8,NULL,'2021-09-20 20:30:39',NULL),(719,182,17,NULL,'2021-09-20 20:30:39',NULL),(720,182,34,NULL,'2021-09-20 20:30:39',NULL),(723,143,26,NULL,'2021-09-21 05:42:39',NULL),(725,173,17,NULL,'2021-09-21 09:29:44',NULL),(726,173,11,NULL,'2021-09-21 09:29:44',NULL),(727,183,8,NULL,'2021-09-21 09:31:06',NULL),(728,183,16,NULL,'2021-09-21 09:31:06',NULL),(729,183,7,NULL,'2021-09-21 09:31:06',NULL),(730,184,5,NULL,'2021-09-21 13:19:22',NULL),(735,186,7,NULL,'2021-09-21 15:37:58',NULL),(736,186,16,NULL,'2021-09-21 15:37:58',NULL),(737,186,17,NULL,'2021-09-21 15:37:58',NULL),(738,186,8,NULL,'2021-09-21 15:37:58',NULL),(740,187,7,NULL,'2021-09-21 15:43:16',NULL),(741,187,16,NULL,'2021-09-21 15:43:16',NULL),(742,187,17,NULL,'2021-09-21 15:43:16',NULL),(744,188,7,NULL,'2021-09-21 16:25:06',NULL),(745,188,8,NULL,'2021-09-21 16:25:06',NULL),(746,188,16,NULL,'2021-09-21 16:25:06',NULL),(747,188,15,NULL,'2021-09-21 16:30:48',NULL),(748,189,8,NULL,'2021-09-21 18:21:20',NULL),(749,189,40,NULL,'2021-09-21 18:21:20',NULL),(750,189,16,NULL,'2021-09-21 18:21:20',NULL),(752,190,37,NULL,'2021-09-21 19:38:24',NULL),(753,190,39,NULL,'2021-09-21 19:38:24',NULL),(754,190,30,NULL,'2021-09-21 19:38:24',NULL),(755,190,31,NULL,'2021-09-21 19:38:24',NULL),(756,190,16,NULL,'2021-09-21 19:38:24',NULL),(757,190,7,NULL,'2021-09-21 19:38:24',NULL),(758,190,8,NULL,'2021-09-21 19:38:24',NULL),(759,190,21,NULL,'2021-09-21 19:38:24',NULL),(761,192,40,NULL,'2021-09-22 18:12:31',NULL),(763,193,16,NULL,'2021-09-22 19:07:49',NULL),(764,193,8,NULL,'2021-09-22 19:07:49',NULL),(765,194,9,NULL,'2021-09-22 21:00:35',NULL),(766,194,21,NULL,'2021-09-22 21:00:35',NULL),(767,194,7,NULL,'2021-09-22 21:00:35',NULL),(768,194,12,NULL,'2021-09-22 21:00:35',NULL),(769,194,16,NULL,'2021-09-22 21:00:35',NULL),(770,191,8,NULL,'2021-09-23 06:34:50',NULL),(771,191,19,NULL,'2021-09-23 06:34:50',NULL),(772,191,18,NULL,'2021-09-23 06:34:50',NULL),(773,191,16,NULL,'2021-09-23 06:34:50',NULL),(774,191,33,NULL,'2021-09-23 06:34:50',NULL),(775,195,3,NULL,'2021-09-23 11:18:38',NULL),(776,171,34,NULL,'2021-09-23 20:18:32',NULL),(777,190,17,NULL,'2021-09-26 08:01:46',NULL),(778,190,44,NULL,'2021-09-26 08:01:46',NULL),(779,190,23,NULL,'2021-09-26 08:01:46',NULL),(780,190,48,NULL,'2021-09-26 08:01:46',NULL),(781,196,19,NULL,'2021-09-26 08:17:56',NULL),(782,130,34,NULL,'2021-09-26 18:53:23',NULL),(783,131,17,NULL,'2021-09-26 18:58:45',NULL),(784,197,8,NULL,'2021-09-26 19:18:14',NULL),(785,197,9,NULL,'2021-09-26 19:18:14',NULL),(786,197,7,NULL,'2021-09-26 19:18:14',NULL),(787,132,13,NULL,'2021-09-26 19:20:18',NULL),(788,175,7,NULL,'2021-09-26 19:34:03',NULL),(789,175,42,NULL,'2021-09-26 19:34:03',NULL),(790,196,49,NULL,'2021-09-27 05:09:32',NULL),(791,196,8,NULL,'2021-09-27 05:09:32',NULL),(792,196,33,NULL,'2021-09-27 05:09:32',NULL),(793,196,17,NULL,'2021-09-27 05:09:32',NULL),(794,196,16,NULL,'2021-09-27 05:11:42',NULL),(795,198,8,NULL,'2021-09-27 14:49:47',NULL),(797,199,16,NULL,'2021-09-27 16:27:14',NULL),(798,199,8,NULL,'2021-09-27 16:27:14',NULL),(799,172,37,NULL,'2021-09-27 19:24:39',NULL),(800,172,16,NULL,'2021-09-27 20:18:41',NULL),(801,172,17,NULL,'2021-09-27 20:18:41',NULL),(802,172,7,NULL,'2021-09-27 20:18:41',NULL),(803,172,8,NULL,'2021-09-27 20:18:41',NULL),(804,200,9,NULL,'2021-09-28 13:40:17',NULL),(805,113,21,NULL,'2021-09-28 13:57:03',NULL),(806,200,29,NULL,'2021-09-28 14:17:28',NULL),(807,200,32,NULL,'2021-09-28 14:17:28',NULL),(808,200,7,NULL,'2021-09-28 14:17:28',NULL),(809,200,17,NULL,'2021-09-28 14:17:28',NULL),(812,202,8,NULL,'2021-09-28 14:34:48',NULL),(813,202,16,NULL,'2021-09-28 14:34:48',NULL),(815,206,12,NULL,'2021-09-28 14:54:06',NULL),(816,206,8,NULL,'2021-09-28 14:54:06',NULL),(817,206,16,NULL,'2021-09-28 14:54:06',NULL),(818,206,17,NULL,'2021-09-28 14:54:06',NULL),(819,206,10,NULL,'2021-09-28 14:54:06',NULL),(820,206,7,NULL,'2021-09-28 14:54:06',NULL),(821,206,15,NULL,'2021-09-28 14:54:06',NULL),(822,206,25,NULL,'2021-09-28 14:54:06',NULL),(823,206,2,NULL,'2021-09-28 14:54:06',NULL),(824,152,7,NULL,'2021-09-28 15:09:51',NULL),(825,152,17,NULL,'2021-09-28 15:09:51',NULL),(826,152,34,NULL,'2021-09-28 15:09:51',NULL),(827,152,22,NULL,'2021-09-28 15:09:51',NULL),(828,152,25,NULL,'2021-09-28 15:09:51',NULL),(829,152,28,NULL,'2021-09-28 15:09:51',NULL),(830,208,6,NULL,'2021-09-28 15:22:13',NULL),(833,203,9,NULL,'2021-09-28 16:12:53',NULL),(834,203,11,NULL,'2021-09-28 16:12:53',NULL),(835,203,39,NULL,'2021-09-28 16:12:53',NULL),(836,203,16,NULL,'2021-09-28 16:12:53',NULL),(837,203,34,NULL,'2021-09-28 16:12:53',NULL),(838,203,32,NULL,'2021-09-28 16:12:53',NULL),(840,210,2,NULL,'2021-09-28 16:15:56',NULL),(841,210,10,NULL,'2021-09-28 16:15:56',NULL),(842,210,12,NULL,'2021-09-28 16:15:56',NULL),(843,210,15,NULL,'2021-09-28 16:15:56',NULL),(844,210,16,NULL,'2021-09-28 16:15:56',NULL),(845,210,17,NULL,'2021-09-28 16:15:56',NULL),(846,210,25,NULL,'2021-09-28 16:15:56',NULL),(848,219,2,NULL,'2021-09-28 16:21:48',NULL),(849,209,2,NULL,'2021-09-28 16:30:29',NULL),(850,209,7,NULL,'2021-09-28 16:30:29',NULL),(851,209,8,NULL,'2021-09-28 16:30:29',NULL),(852,209,12,NULL,'2021-09-28 16:30:29',NULL),(853,209,15,NULL,'2021-09-28 16:30:29',NULL),(854,209,16,NULL,'2021-09-28 16:30:29',NULL),(855,209,17,NULL,'2021-09-28 16:30:29',NULL),(856,209,25,NULL,'2021-09-28 16:30:29',NULL),(857,182,44,NULL,'2021-09-28 16:37:00',NULL),(858,182,16,NULL,'2021-09-28 16:37:00',NULL),(859,218,39,NULL,'2021-09-28 16:37:42',NULL),(860,218,7,NULL,'2021-09-28 16:37:42',NULL),(861,218,9,NULL,'2021-09-28 16:37:42',NULL),(862,218,16,NULL,'2021-09-28 16:37:42',NULL),(863,218,17,NULL,'2021-09-28 16:37:42',NULL),(864,218,34,NULL,'2021-09-28 16:37:42',NULL),(865,218,32,NULL,'2021-09-28 16:37:42',NULL),(866,223,3,NULL,'2021-09-28 16:53:57',NULL),(867,223,41,NULL,'2021-09-28 16:53:57',NULL),(868,223,16,NULL,'2021-09-28 16:53:57',NULL),(869,223,13,NULL,'2021-09-28 16:53:57',NULL),(870,105,8,NULL,'2021-09-28 18:23:04',NULL),(871,160,33,NULL,'2021-09-28 18:49:04',NULL),(872,185,16,NULL,'2021-09-28 19:21:49',NULL),(873,185,7,NULL,'2021-09-28 19:21:49',NULL),(874,187,34,NULL,'2021-09-28 19:34:56',NULL),(875,193,7,NULL,'2021-09-28 19:39:29',NULL),(876,214,8,NULL,'2021-09-28 19:57:37',NULL),(877,214,16,NULL,'2021-09-28 19:57:37',NULL),(879,226,37,NULL,'2021-09-28 20:19:52',NULL),(880,227,5,NULL,'2021-09-28 20:22:44',NULL),(881,224,2,NULL,'2021-09-28 21:06:24',NULL),(882,224,7,NULL,'2021-09-28 21:06:24',NULL),(883,224,8,NULL,'2021-09-28 21:06:24',NULL),(884,224,12,NULL,'2021-09-28 21:06:24',NULL),(885,224,16,NULL,'2021-09-28 21:06:24',NULL),(886,224,17,NULL,'2021-09-28 21:06:24',NULL),(887,224,25,NULL,'2021-09-28 21:06:24',NULL),(888,225,33,NULL,'2021-09-28 21:27:09',NULL),(889,228,2,NULL,'2021-09-28 22:13:30',NULL),(890,228,7,NULL,'2021-09-28 22:13:30',NULL),(891,228,12,NULL,'2021-09-28 22:13:30',NULL),(892,228,16,NULL,'2021-09-28 22:13:30',NULL),(893,228,17,NULL,'2021-09-28 22:13:30',NULL),(894,228,25,NULL,'2021-09-28 22:13:30',NULL),(895,229,2,NULL,'2021-09-28 22:29:47',NULL),(896,172,39,NULL,'2021-09-29 06:07:08',NULL),(897,172,30,NULL,'2021-09-29 06:07:08',NULL),(898,172,31,NULL,'2021-09-29 06:07:08',NULL),(899,172,21,NULL,'2021-09-29 06:07:08',NULL),(900,172,44,NULL,'2021-09-29 06:07:08',NULL),(901,172,48,NULL,'2021-09-29 06:07:08',NULL),(902,216,2,NULL,'2021-09-29 09:11:37',NULL),(904,216,12,NULL,'2021-09-29 09:11:37',NULL),(905,216,16,NULL,'2021-09-29 09:11:37',NULL),(906,216,17,NULL,'2021-09-29 09:11:37',NULL),(907,216,25,NULL,'2021-09-29 09:11:37',NULL),(908,148,49,NULL,'2021-09-29 09:15:23',NULL),(909,148,43,NULL,'2021-09-29 09:15:23',NULL),(910,220,2,NULL,'2021-09-29 09:23:40',NULL),(911,220,8,NULL,'2021-09-29 09:23:40',NULL),(912,220,25,NULL,'2021-09-29 09:23:40',NULL),(913,220,10,NULL,'2021-09-29 09:23:40',NULL),(914,220,16,NULL,'2021-09-29 09:23:40',NULL),(915,220,17,NULL,'2021-09-29 09:23:40',NULL),(916,236,17,NULL,'2021-09-29 09:39:22',NULL),(917,237,2,NULL,'2021-09-29 09:46:31',NULL),(918,237,10,NULL,'2021-09-29 09:46:31',NULL),(919,237,8,NULL,'2021-09-29 09:46:31',NULL),(920,237,7,NULL,'2021-09-29 09:46:31',NULL),(921,237,25,NULL,'2021-09-29 09:46:31',NULL),(922,237,15,NULL,'2021-09-29 09:46:31',NULL),(923,237,12,NULL,'2021-09-29 09:46:31',NULL),(924,237,16,NULL,'2021-09-29 09:46:31',NULL),(925,237,17,NULL,'2021-09-29 09:46:31',NULL),(926,238,2,NULL,'2021-09-29 10:21:35',NULL),(928,239,9,NULL,'2021-09-29 11:47:36',NULL),(929,239,16,NULL,'2021-09-29 11:47:36',NULL),(930,239,7,NULL,'2021-09-29 11:47:36',NULL),(931,239,8,NULL,'2021-09-29 11:47:36',NULL),(933,126,15,NULL,'2021-09-29 13:48:58',NULL),(934,240,7,NULL,'2021-09-29 13:55:37',NULL),(935,240,10,NULL,'2021-09-29 13:55:37',NULL),(936,240,13,NULL,'2021-09-29 13:55:37',NULL),(937,240,16,NULL,'2021-09-29 13:55:37',NULL),(938,240,34,NULL,'2021-09-29 13:55:37',NULL),(939,240,37,NULL,'2021-09-29 13:55:37',NULL),(943,247,7,NULL,'2021-09-29 14:09:22',NULL),(944,247,12,NULL,'2021-09-29 14:09:22',NULL),(945,247,8,NULL,'2021-09-29 14:09:22',NULL),(946,247,16,NULL,'2021-09-29 14:09:22',NULL),(947,247,27,NULL,'2021-09-29 14:09:22',NULL),(948,247,20,NULL,'2021-09-29 14:09:22',NULL),(949,247,9,NULL,'2021-09-29 14:09:22',NULL),(950,247,15,NULL,'2021-09-29 14:09:22',NULL),(952,250,2,NULL,'2021-09-29 14:34:27',NULL),(953,250,5,NULL,'2021-09-29 14:34:27',NULL),(954,250,8,NULL,'2021-09-29 14:34:27',NULL),(955,250,12,NULL,'2021-09-29 14:34:27',NULL),(956,250,9,NULL,'2021-09-29 14:34:27',NULL),(957,250,20,NULL,'2021-09-29 14:34:27',NULL),(958,250,15,NULL,'2021-09-29 14:34:27',NULL),(959,250,27,NULL,'2021-09-29 14:34:27',NULL),(960,251,2,NULL,'2021-09-29 15:15:19',NULL),(961,252,5,NULL,'2021-09-29 15:22:49',NULL),(962,252,2,NULL,'2021-09-29 15:22:49',NULL),(963,253,2,NULL,'2021-09-29 15:28:19',NULL),(964,253,20,NULL,'2021-09-29 15:28:19',NULL),(965,253,5,NULL,'2021-09-29 15:28:19',NULL),(966,254,2,NULL,'2021-09-29 15:32:52',NULL),(967,255,2,NULL,'2021-09-29 15:44:27',NULL),(968,255,7,NULL,'2021-09-29 15:44:27',NULL),(969,255,8,NULL,'2021-09-29 15:44:27',NULL),(970,255,10,NULL,'2021-09-29 15:44:27',NULL),(971,255,12,NULL,'2021-09-29 15:44:27',NULL),(972,255,15,NULL,'2021-09-29 15:44:27',NULL),(973,255,16,NULL,'2021-09-29 15:44:27',NULL),(974,255,17,NULL,'2021-09-29 15:44:27',NULL),(975,255,25,NULL,'2021-09-29 15:44:27',NULL),(976,146,34,NULL,'2021-09-29 15:46:45',NULL),(978,259,2,NULL,'2021-09-29 16:10:05',NULL),(979,260,2,NULL,'2021-09-29 16:25:00',NULL),(980,229,7,NULL,'2021-09-29 18:03:49',NULL),(981,229,8,NULL,'2021-09-29 18:03:49',NULL),(982,229,10,NULL,'2021-09-29 18:03:49',NULL),(983,229,12,NULL,'2021-09-29 18:03:49',NULL),(984,229,15,NULL,'2021-09-29 18:03:49',NULL),(985,229,16,NULL,'2021-09-29 18:03:49',NULL),(986,229,17,NULL,'2021-09-29 18:03:49',NULL),(987,229,25,NULL,'2021-09-29 18:03:49',NULL),(988,204,36,NULL,'2021-09-29 21:34:03',NULL),(989,204,35,NULL,'2021-09-29 21:34:03',NULL),(990,204,16,NULL,'2021-09-29 21:34:03',NULL),(991,204,32,NULL,'2021-09-29 21:34:03',NULL),(992,170,28,NULL,'2021-09-30 13:21:06',NULL),(995,263,7,NULL,'2021-10-01 09:21:06',NULL),(996,263,40,NULL,'2021-10-01 09:21:06',NULL),(997,263,16,NULL,'2021-10-01 09:21:06',NULL),(998,263,17,NULL,'2021-10-01 09:21:06',NULL),(999,263,34,NULL,'2021-10-01 09:21:06',NULL),(1000,263,46,NULL,'2021-10-01 09:21:06',NULL),(1001,263,37,NULL,'2021-10-01 09:21:06',NULL),(1002,263,45,NULL,'2021-10-01 09:21:06',NULL),(1003,241,9,NULL,'2021-10-01 23:42:01',NULL),(1006,266,7,NULL,'2021-10-03 12:02:21',NULL),(1007,266,17,NULL,'2021-10-03 12:02:21',NULL),(1008,266,29,NULL,'2021-10-03 12:02:21',NULL),(1009,266,9,NULL,'2021-10-03 12:02:21',NULL),(1010,246,8,NULL,'2021-10-03 18:07:09',NULL),(1011,246,7,NULL,'2021-10-03 18:07:09',NULL),(1012,246,9,NULL,'2021-10-03 18:07:09',NULL),(1013,246,16,NULL,'2021-10-03 18:07:09',NULL),(1014,246,17,NULL,'2021-10-03 18:07:09',NULL),(1015,266,40,NULL,'2021-10-03 18:10:00',NULL),(1016,267,37,NULL,'2021-10-04 06:15:29',NULL),(1017,267,16,NULL,'2021-10-04 06:15:29',NULL),(1018,267,7,NULL,'2021-10-04 06:15:29',NULL),(1019,267,8,NULL,'2021-10-04 06:15:29',NULL),(1020,268,16,NULL,'2021-10-04 08:18:52',NULL),(1021,268,17,NULL,'2021-10-04 08:18:52',NULL),(1022,268,34,NULL,'2021-10-04 08:18:52',NULL),(1023,268,46,NULL,'2021-10-04 08:18:52',NULL),(1024,268,28,NULL,'2021-10-04 08:18:52',NULL),(1025,184,42,NULL,'2021-10-04 08:19:14',NULL),(1026,184,22,NULL,'2021-10-04 08:19:14',NULL),(1027,184,26,NULL,'2021-10-04 08:19:14',NULL),(1028,184,28,NULL,'2021-10-04 08:19:14',NULL),(1029,167,8,NULL,'2021-10-04 08:25:12',NULL),(1030,167,44,NULL,'2021-10-04 08:25:12',NULL),(1031,166,47,NULL,'2021-10-04 08:29:04',NULL),(1032,258,3,NULL,'2021-10-04 08:38:47',NULL),(1033,258,7,NULL,'2021-10-04 08:38:47',NULL),(1034,258,10,NULL,'2021-10-04 08:38:47',NULL),(1035,258,15,NULL,'2021-10-04 08:38:47',NULL),(1036,258,16,NULL,'2021-10-04 08:38:47',NULL),(1037,258,43,NULL,'2021-10-04 08:38:47',NULL),(1038,258,17,NULL,'2021-10-04 08:38:47',NULL),(1039,149,9,NULL,'2021-10-04 08:39:49',NULL),(1040,149,23,NULL,'2021-10-04 08:39:49',NULL),(1041,269,2,NULL,'2021-10-04 09:35:52',NULL),(1042,125,15,NULL,'2021-10-04 13:35:59',NULL),(1043,188,3,NULL,'2021-10-04 19:08:18',NULL),(1045,271,7,NULL,'2021-10-04 19:46:34',NULL),(1046,271,16,NULL,'2021-10-04 19:46:34',NULL),(1047,271,17,NULL,'2021-10-04 19:46:34',NULL),(1048,271,8,NULL,'2021-10-04 19:46:34',NULL),(1050,272,6,NULL,'2021-10-04 20:18:12',NULL),(1051,272,34,NULL,'2021-10-04 20:18:12',NULL),(1052,272,21,NULL,'2021-10-04 20:18:12',NULL),(1053,266,16,NULL,'2021-10-05 05:11:28',NULL),(1054,273,16,NULL,'2021-10-05 06:35:40',NULL),(1055,275,37,NULL,'2021-10-06 08:46:03',NULL),(1056,275,8,NULL,'2021-10-06 08:46:03',NULL),(1057,275,6,NULL,'2021-10-06 08:46:03',NULL),(1058,275,30,NULL,'2021-10-06 08:46:03',NULL),(1059,275,31,NULL,'2021-10-06 08:46:03',NULL),(1060,275,7,NULL,'2021-10-06 08:46:03',NULL),(1061,275,12,NULL,'2021-10-06 08:46:03',NULL),(1062,275,16,NULL,'2021-10-06 08:46:03',NULL),(1063,275,17,NULL,'2021-10-06 08:46:03',NULL),(1064,275,34,NULL,'2021-10-06 08:46:03',NULL),(1065,275,48,NULL,'2021-10-06 08:46:03',NULL),(1066,275,44,NULL,'2021-10-06 08:46:03',NULL),(1067,276,37,NULL,'2021-10-06 08:58:30',NULL),(1068,276,7,NULL,'2021-10-06 08:58:30',NULL),(1069,276,8,NULL,'2021-10-06 08:58:30',NULL),(1070,276,12,NULL,'2021-10-06 08:58:30',NULL),(1071,276,16,NULL,'2021-10-06 08:58:30',NULL),(1072,276,17,NULL,'2021-10-06 08:58:30',NULL),(1073,276,34,NULL,'2021-10-06 08:58:30',NULL),(1074,277,7,NULL,'2021-10-06 09:14:22',NULL),(1075,201,22,NULL,'2021-10-06 14:38:03',NULL),(1076,169,13,NULL,'2021-10-06 14:42:43',NULL),(1077,223,7,NULL,'2021-10-06 14:51:18',NULL),(1078,223,15,NULL,'2021-10-06 14:51:18',NULL),(1079,205,3,NULL,'2021-10-06 14:53:28',NULL),(1080,205,10,NULL,'2021-10-06 14:53:28',NULL),(1081,205,16,NULL,'2021-10-06 14:53:28',NULL),(1082,278,8,NULL,'2021-10-06 15:13:21',NULL),(1083,278,7,NULL,'2021-10-06 15:13:21',NULL),(1084,278,9,NULL,'2021-10-06 15:13:21',NULL),(1085,279,7,NULL,'2021-10-06 16:07:44',NULL),(1086,279,29,NULL,'2021-10-06 16:07:44',NULL),(1087,277,16,NULL,'2021-10-06 18:01:56',NULL),(1088,277,17,NULL,'2021-10-06 18:01:56',NULL),(1089,277,29,NULL,'2021-10-06 18:01:56',NULL),(1090,280,12,NULL,'2021-10-06 18:12:53',NULL),(1091,281,7,NULL,'2021-10-06 19:51:11',NULL),(1092,281,16,NULL,'2021-10-06 19:51:11',NULL),(1093,273,29,NULL,'2021-10-07 05:18:21',NULL),(1094,273,7,NULL,'2021-10-07 05:18:21',NULL),(1095,273,17,NULL,'2021-10-07 05:18:21',NULL),(1096,273,24,NULL,'2021-10-07 05:18:21',NULL),(1098,282,16,NULL,'2021-10-07 08:51:11',NULL),(1099,282,17,NULL,'2021-10-07 08:51:11',NULL),(1100,282,7,NULL,'2021-10-07 08:51:11',NULL),(1101,282,11,NULL,'2021-10-07 08:51:11',NULL),(1103,154,3,NULL,'2021-10-07 09:28:26',NULL),(1106,284,9,NULL,'2021-10-07 10:47:10',NULL),(1107,284,23,NULL,'2021-10-07 10:47:10',NULL),(1109,285,9,NULL,'2021-10-07 10:53:37',NULL),(1110,285,23,NULL,'2021-10-07 10:53:37',NULL),(1111,283,16,NULL,'2021-10-07 11:04:45',NULL),(1112,283,7,NULL,'2021-10-07 11:04:45',NULL),(1113,283,8,NULL,'2021-10-07 11:04:45',NULL),(1114,283,17,NULL,'2021-10-07 11:04:45',NULL),(1115,283,6,NULL,'2021-10-07 11:04:45',NULL),(1116,283,21,NULL,'2021-10-07 11:04:45',NULL),(1117,286,9,NULL,'2021-10-07 11:06:06',NULL),(1118,286,23,NULL,'2021-10-07 11:06:06',NULL),(1121,288,9,NULL,'2021-10-07 11:25:14',NULL),(1122,288,29,NULL,'2021-10-07 11:29:18',NULL),(1123,287,17,NULL,'2021-10-07 11:30:06',NULL),(1124,287,34,NULL,'2021-10-07 11:30:06',NULL),(1125,287,43,NULL,'2021-10-07 11:30:06',NULL),(1126,287,18,NULL,'2021-10-07 11:30:06',NULL),(1127,287,19,NULL,'2021-10-07 11:30:06',NULL),(1128,287,33,NULL,'2021-10-07 11:30:06',NULL),(1130,289,33,NULL,'2021-10-07 13:21:02',NULL),(1131,289,43,NULL,'2021-10-07 13:21:02',NULL),(1132,289,49,NULL,'2021-10-07 13:21:02',NULL),(1133,289,19,NULL,'2021-10-07 13:21:02',NULL),(1135,290,33,NULL,'2021-10-07 13:40:20',NULL),(1136,290,7,NULL,'2021-10-07 13:40:20',NULL),(1137,290,43,NULL,'2021-10-07 13:40:20',NULL),(1138,290,49,NULL,'2021-10-07 13:40:20',NULL),(1139,290,19,NULL,'2021-10-07 13:40:20',NULL),(1141,291,5,NULL,'2021-10-07 16:08:39',NULL),(1142,291,39,NULL,'2021-10-07 16:08:39',NULL),(1143,291,7,NULL,'2021-10-07 16:08:39',NULL),(1144,291,13,NULL,'2021-10-07 16:08:39',NULL),(1145,291,16,NULL,'2021-10-07 16:08:39',NULL),(1146,291,17,NULL,'2021-10-07 16:08:39',NULL),(1147,291,34,NULL,'2021-10-07 16:08:39',NULL),(1148,291,45,NULL,'2021-10-07 16:08:39',NULL),(1149,217,6,NULL,'2021-10-07 20:14:40',NULL),(1150,217,21,NULL,'2021-10-07 20:14:40',NULL),(1151,175,5,NULL,'2021-10-08 08:35:59',NULL),(1152,175,12,NULL,'2021-10-08 08:35:59',NULL),(1153,175,34,NULL,'2021-10-08 08:35:59',NULL),(1154,175,45,NULL,'2021-10-08 08:35:59',NULL),(1157,292,5,NULL,'2021-10-08 09:12:38',NULL),(1158,292,16,NULL,'2021-10-08 09:12:38',NULL),(1159,292,39,NULL,'2021-10-08 09:12:38',NULL),(1160,292,13,NULL,'2021-10-08 09:12:38',NULL),(1161,292,17,NULL,'2021-10-08 09:12:38',NULL),(1165,297,39,NULL,'2021-10-09 06:32:37',NULL),(1166,298,5,NULL,'2021-10-09 06:37:08',NULL),(1167,299,38,NULL,'2021-10-09 06:51:09',NULL),(1168,300,37,NULL,'2021-10-09 06:54:41',NULL),(1169,301,16,NULL,'2021-10-10 05:03:56',NULL),(1170,296,43,NULL,'2021-10-10 12:24:54',NULL),(1171,296,49,NULL,'2021-10-10 12:24:54',NULL),(1172,296,19,NULL,'2021-10-10 12:24:54',NULL),(1173,296,33,NULL,'2021-10-10 12:24:54',NULL),(1174,301,7,NULL,'2021-10-11 04:47:53',NULL),(1175,301,15,NULL,'2021-10-11 04:47:53',NULL),(1176,213,36,NULL,'2021-10-11 09:05:55',NULL),(1177,213,29,NULL,'2021-10-11 09:05:55',NULL),(1178,213,9,NULL,'2021-10-11 09:05:55',NULL),(1179,213,35,NULL,'2021-10-11 09:05:55',NULL),(1180,213,32,NULL,'2021-10-11 09:05:55',NULL),(1181,213,16,NULL,'2021-10-11 09:05:55',NULL),(1182,248,43,NULL,'2021-10-11 09:16:10',NULL),(1183,248,49,NULL,'2021-10-11 09:16:10',NULL),(1184,248,19,NULL,'2021-10-11 09:16:10',NULL),(1185,248,33,NULL,'2021-10-11 09:16:10',NULL),(1186,293,7,NULL,'2021-10-11 10:37:04',NULL),(1187,293,8,NULL,'2021-10-11 10:37:04',NULL),(1188,293,9,NULL,'2021-10-11 10:37:04',NULL),(1189,293,16,NULL,'2021-10-11 10:37:04',NULL),(1190,293,34,NULL,'2021-10-11 10:37:04',NULL),(1192,302,43,NULL,'2021-10-11 11:08:59',NULL),(1193,302,49,NULL,'2021-10-11 11:08:59',NULL),(1194,302,19,NULL,'2021-10-11 11:08:59',NULL),(1195,302,33,NULL,'2021-10-11 11:08:59',NULL),(1196,303,18,NULL,'2021-10-11 12:11:35',NULL),(1197,304,18,NULL,'2021-10-12 09:18:53',NULL),(1198,308,10,NULL,'2021-10-12 12:15:47',NULL),(1199,309,13,NULL,'2021-10-12 13:10:14',NULL),(1200,309,6,NULL,'2021-10-12 13:13:14',NULL),(1201,309,19,NULL,'2021-10-12 13:13:14',NULL),(1202,309,16,NULL,'2021-10-12 13:13:14',NULL),(1203,310,16,NULL,'2021-10-12 13:18:44',NULL),(1204,310,6,NULL,'2021-10-12 13:18:44',NULL),(1206,313,15,NULL,'2021-10-12 14:10:10',NULL),(1207,314,2,NULL,'2021-10-12 14:41:49',NULL),(1208,314,28,NULL,'2021-10-12 14:41:49',NULL),(1209,315,28,NULL,'2021-10-12 14:45:41',NULL);
/*!40000 ALTER TABLE `amb_outilscaisseutilises` ENABLE KEYS */;
UNLOCK TABLES;

--
-- Table structure for table `amb_outilsmagasin`
--

DROP TABLE IF EXISTS `amb_outilsmagasin`;
/*!40101 SET @saved_cs_client     = @@character_set_client */;
/*!40101 SET character_set_client = utf8 */;
CREATE TABLE `amb_outilsmagasin` (
  `idOutilMagasin` int(11) NOT NULL AUTO_INCREMENT,
  `nomOutilMagasin` varchar(100) NOT NULL,
  `nbOutilMagasin` int(11) NOT NULL,
  `idRegroupement` int(11) DEFAULT NULL,
  `idCentre` int(11) DEFAULT NULL,
  `dateCreation` datetime NOT NULL DEFAULT CURRENT_TIMESTAMP,
  `dateModification` datetime DEFAULT NULL ON UPDATE CURRENT_TIMESTAMP,
  PRIMARY KEY (`idOutilMagasin`),
  KEY `FK_outilsMagasin_centres` (`idCentre`)
) ENGINE=InnoDB AUTO_INCREMENT=107 DEFAULT CHARSET=utf8;
/*!40101 SET character_set_client = @saved_cs_client */;

--
-- Dumping data for table `amb_outilsmagasin`
--

LOCK TABLES `amb_outilsmagasin` WRITE;
/*!40000 ALTER TABLE `amb_outilsmagasin` DISABLE KEYS */;
INSERT INTO `amb_outilsmagasin` VALUES (1,'CLE A BONDE (U)',1,5,1,'2021-05-06 11:37:28',NULL),(2,'CLE LAVABO (U)',1,5,1,'2021-05-06 11:37:28',NULL),(3,'COUPE GAINE DE PROTECTION DES TUBES (U)',1,5,1,'2021-05-06 11:37:28',NULL),(4,'COUPE TUBE CUIVRE (U)',1,5,1,'2021-05-06 11:37:28',NULL),(5,'EBAVUREUR (U)',1,5,1,'2021-05-06 11:37:28',NULL),(6,'LAMPE A SOUDER (U)',1,5,1,'2021-05-06 11:37:28',NULL),(7,'MATRICE A COLLET BATTU (U)',1,5,1,'2021-05-06 11:37:28',NULL),(8,'MINI COUPE TUBE CUIVRE (U)',1,5,1,'2021-05-06 11:37:28',NULL),(9,'PINCE A CINTRER LES TUBES CUIVRE DIAM 12X1 (U)',1,5,1,'2021-05-06 11:37:28',NULL),(10,'PINCE A GLISSEMENT (U)',1,5,1,'2021-05-06 11:37:28',NULL),(11,'PINCE COUPE TUBE PVC / PER (U)',1,5,1,'2021-05-06 11:37:28',NULL),(12,'PINCE POUR CHEVILLE A EXPANSION (U)',1,5,1,'2021-05-06 11:37:28',NULL),(13,'POMPE D\'EPREUVE (U)',1,5,1,'2021-05-06 11:37:28',NULL),(14,'RESSORT A CINTRER CUIVRE EXTERIEUR DIAM 12 (U)',1,5,1,'2021-05-06 11:37:28',NULL),(15,'RESSORT A CINTRER MULTICOUCHE INTERIEUR DIAM 12 (U)',1,5,1,'2021-05-06 11:37:28',NULL),(16,'AUGETTE  (U)',1,1,1,'2021-05-06 11:37:28',NULL),(17,'BALAI COCO (U)',1,1,1,'2021-05-06 11:37:28',NULL),(18,'EMBOUT DE VISSAGE PH2 (U)',1,1,1,'2021-05-06 11:37:28',NULL),(19,'ENROULEUR DE CABLES MULTIPRISES (U)',1,1,1,'2021-05-06 11:37:28',NULL),(20,'ETABLI PLOMBIER PLIANT (U)',1,1,1,'2021-05-06 11:37:28',NULL),(21,'ETAU D\'ETABLI (U)',1,1,1,'2021-05-06 11:37:28',NULL),(22,'FORET METAL A ETAGES (U)',1,1,1,'2021-05-06 11:37:28',NULL),(23,'FORET PILOTE POUR SCIES TREPAN (U)',1,1,1,'2021-05-06 11:37:28',NULL),(24,'MECHE A BETON SDS+ DIAM 5 (U)',1,1,1,'2021-05-06 11:37:28',NULL),(25,'MECHE A BETON SDS+ DIAM 6 (U)',1,1,1,'2021-05-06 11:37:28',NULL),(26,'MECHE A BETON SDS+ DIAM 8 (U)',1,1,1,'2021-05-06 11:37:28',NULL),(27,'NIVEAU LASER (U)',1,1,1,'2021-05-06 11:37:28',NULL),(28,'PERFORATEUR BURINEUR (U)',1,1,1,'2021-05-06 11:37:28',NULL),(29,'PINCE POUR CHEVILLE A EXPANSION (U)',1,1,1,'2021-05-06 11:37:28',NULL),(30,'PISTOLET MANUEL POUR CARTOUCHE (U)',1,1,1,'2021-05-06 11:37:28',NULL),(31,'PLATE-FORME INDIVIDUELLE ROULANTE LEGERE (U)',1,1,1,'2021-05-06 11:37:28',NULL),(32,'PORTE EMBOUT MAGNETIQUE (U)',1,1,1,'2021-05-06 11:37:28',NULL),(33,'POTEAU DE BALISAGE (U)',1,1,1,'2021-05-06 11:37:28',NULL),(34,'SCIES CLOCHES DIAM 67(U)',1,1,1,'2021-05-06 11:37:28',NULL),(35,'SEAU (U)',1,1,1,'2021-05-06 11:37:28',NULL),(36,'TRETEAU PLIANT (U)',1,1,1,'2021-05-06 11:37:28',NULL),(37,'VISSEUSE SANS FIL (U)',1,1,1,'2021-05-06 11:37:28',NULL),(38,'GENOUILLERES (U)',1,6,1,'2021-05-06 11:37:28',NULL),(39,'MASQUE FFP2 (U)',1,6,1,'2021-05-06 11:37:28',NULL),(40,'MASQUE FFP3 (U)',1,6,1,'2021-05-06 11:37:28',NULL),(41,'CASQUE ELECTRICIEN AVEC VISIERE INTEGREE (U)',1,6,1,'2021-05-06 11:37:28',NULL),(42,'TAPIS ISOLANT ELECTRIQUE  (U)',1,6,1,'2021-05-06 11:37:28',NULL),(43,'MULTIMETRE NUMERIQUE DE POCHE (U)',1,4,1,'2021-05-06 11:37:28',NULL),(44,'PINCE A SERTIR RJ45 (U)',1,4,1,'2021-05-06 11:37:28',NULL),(45,'SYSTEME DE CONDAMNATION DE DISJONCTEURS (U)',1,4,1,'2021-05-06 11:37:28',NULL),(46,'TESTEUR DE CABLE RJ45 (U)',1,4,1,'2021-05-06 11:37:28',NULL),(47,'TESTEUR DE TENSION VAT (U)',1,4,1,'2021-05-06 11:37:28',NULL),(48,'BOITE A ONGLETS (U)',1,2,1,'2021-05-06 11:37:28',NULL),(49,'CISAILLE A TOLE (U)',1,2,1,'2021-05-06 11:37:28',NULL),(50,'CISAILLE GRIGNOTEUSE MANUELLE (U)',1,2,1,'2021-05-06 11:37:28',NULL),(51,'CISEAU A BOIS LARG 14 MM (U)',1,2,1,'2021-05-06 11:37:28',NULL),(52,'CISEAU A BOIS LARG 20 MM (U)',1,2,1,'2021-05-06 11:37:28',NULL),(53,'CLE MALE TORX JEU (U)',1,2,1,'2021-05-06 11:37:28',NULL),(54,'CLE MIXTE DE 10 (U)',1,2,1,'2021-05-06 11:37:28',NULL),(55,'CLE MIXTE DE 13 (U)',1,2,1,'2021-05-06 11:37:28',NULL),(56,'CLE MIXTE DE 17 (U)',1,2,1,'2021-05-06 11:37:28',NULL),(57,'CORDEAU (ml)',1,2,1,'2021-05-06 11:37:28',NULL),(58,'CORDEAU TRACEUR (U)',1,2,1,'2021-05-06 11:37:28',NULL),(59,'COUTEAU A ENDUIRE LARGEUR 160 MM (U)',1,2,1,'2021-05-06 11:37:28',NULL),(60,'EQUERRE DE MACON (U)',1,2,1,'2021-05-06 11:37:28',NULL),(61,'FORET A BOIS  JEU (U)',1,2,1,'2021-05-06 11:37:28',NULL),(62,'FORET METAL  JEU (U)',1,2,1,'2021-05-06 11:37:28',NULL),(63,'FRAISE D\'ENCASTREMENT DE TETES DE VIS D 12MM (U)',1,2,1,'2021-05-06 11:37:28',NULL),(64,'MECHE PLATE POUR BOIS JEU (U)',1,2,1,'2021-05-06 11:37:28',NULL),(65,'POIGNEE DE TRANSPORT DUOPLAC POUR PLAQUE DE PLATRE (U)',1,2,1,'2021-05-06 11:37:28',NULL),(66,'RABOT ELECTRIQUE (U)',1,2,1,'2021-05-06 11:37:28',NULL),(67,'RABOT METALLIQUE DE MENUISIER (U)',1,2,1,'2021-05-06 11:37:28',NULL),(68,'RABOT TYPE SURFORM (U)',1,2,1,'2021-05-06 11:37:28',NULL),(69,'REGLE ALU DE MACON DE 1 M (U)',1,2,1,'2021-05-06 11:37:28',NULL),(70,'REGLE ALU DE MACON DE 2 M (U)',1,2,1,'2021-05-06 11:37:28',NULL),(71,'SCIE A DOS A FINE DENTURE (U)',1,2,1,'2021-05-06 11:37:28',NULL),(72,'SCIE A GUICHET (U)',1,2,1,'2021-05-06 11:37:28',NULL),(73,'SCIE A METAUX (U)',1,2,1,'2021-05-06 11:37:28',NULL),(74,'SCIE CIRCULAIRE (U)',1,2,1,'2021-05-06 11:37:28',NULL),(75,'SCIE EGOINE (U)',1,2,1,'2021-05-06 11:37:28',NULL),(76,'SCIE PLAQUE DE PLATRE (U)',1,2,1,'2021-05-06 11:37:28',NULL),(77,'SUPPORT POUR FORET HSS INTERCHANGEABLE (U)',1,2,1,'2021-05-06 11:37:28',NULL),(78,'BROSSE A ENCOLLER (U)',1,3,1,'2021-05-06 11:37:28',NULL),(79,'BROSSE A RECHAMPIR NUMERO 2 (U)',1,3,1,'2021-05-06 11:37:28',NULL),(80,'BROSSE A RECHAMPIR NUMERO 6 (U)',1,3,1,'2021-05-06 11:37:28',NULL),(81,'CAMION RECTANGULAIRE (U)',1,3,1,'2021-05-06 11:37:28',NULL),(82,'CISEAUX COLLEUR (U)',1,3,1,'2021-05-06 11:37:28',NULL),(83,'COUTEAU A ENDUIRE LARGEUR 160 MM (U)',1,3,1,'2021-05-06 11:37:28',NULL),(84,'HELICE MALAXEUR PEINTURE (U)',1,3,1,'2021-05-06 11:37:28',NULL),(85,'MACHINE COUPE CARREAUX (U)',1,3,1,'2021-05-06 11:37:28',NULL),(86,'MAILLET CAOUTCHOUC BLANC (U)',1,3,1,'2021-05-06 11:37:28',NULL),(87,'MONTURE A CLIP 110 MM (U)',1,3,1,'2021-05-06 11:37:28',NULL),(88,'MONTURE A CLIP 180 MM (U)',1,3,1,'2021-05-06 11:37:28',NULL),(89,'PEIGNE A COLLE FAIENCE (U)',1,3,1,'2021-05-06 11:37:28',NULL),(90,'PEIGNE A COLLE SOL (U)',1,3,1,'2021-05-06 11:37:28',NULL),(91,'RACLETTE DE CARRELEUR (U)',1,3,1,'2021-05-06 11:37:28',NULL),(92,'SPATULE A MAROUFLER PVC (U)',1,3,1,'2021-05-06 11:37:28',NULL),(93,'TABLE DE TAPISSIER (U)',1,3,1,'2021-05-06 11:37:28',NULL),(94,'ASPIRATEUR',1,2,4,'2021-09-08 15:59:11','2021-09-08 15:59:46'),(95,'EPONGE',1,3,5,'2021-09-11 16:59:12',NULL),(96,'SCIE RADIALE',1,3,5,'2021-09-13 09:28:04',NULL),(97,'PLATOIR FLAMAND',1,3,5,'2021-09-13 12:43:14',NULL),(98,'CASQUE ELECTRICIEN AVEC VISIERE',1,4,5,'2021-09-22 08:52:09',NULL),(99,'SURGANT ELECTRICIEN',1,4,5,'2021-09-22 08:52:32',NULL),(100,'CAPUCHON ISOLANT',10,4,5,'2021-09-22 08:58:54',NULL),(101,'CADENAS DE CONSIGNATION ELECTRIQUE',5,4,5,'2021-09-22 09:00:16',NULL),(102,'NAPPE ISOLANTE',5,4,5,'2021-09-22 09:00:35',NULL),(103,'REGLE DE COLLEUR INOX',5,3,5,'2021-09-22 13:22:56',NULL),(104,'REGLE BOMBEE INOX',5,3,5,'2021-09-28 13:55:06',NULL),(105,'SCIE CLOCHE DIAMETRE 54',5,2,5,'2021-09-29 15:53:34',NULL),(106,'GANT ISOLANT ELECTICIEN',5,4,5,'2021-09-29 16:12:26',NULL);
/*!40000 ALTER TABLE `amb_outilsmagasin` ENABLE KEYS */;
UNLOCK TABLES;

--
-- Table structure for table `amb_outilsmagasinutilises`
--

DROP TABLE IF EXISTS `amb_outilsmagasinutilises`;
/*!40101 SET @saved_cs_client     = @@character_set_client */;
/*!40101 SET character_set_client = utf8 */;
CREATE TABLE `amb_outilsmagasinutilises` (
  `idOutilsMagasinUtilises` int(11) NOT NULL AUTO_INCREMENT,
  `idActivite` int(11) NOT NULL,
  `idOutilMagasin` int(11) NOT NULL,
  `quantiteOutilsMagasin` int(11) DEFAULT NULL,
  `dateCreation` datetime NOT NULL DEFAULT CURRENT_TIMESTAMP,
  `dateModification` datetime DEFAULT NULL ON UPDATE CURRENT_TIMESTAMP,
  PRIMARY KEY (`idOutilsMagasinUtilises`),
  KEY `FK_outilsMagasinUtilises__activites` (`idActivite`),
  KEY `FK_outilsMagasinUtilises__outilsMagasin` (`idOutilMagasin`)
) ENGINE=InnoDB AUTO_INCREMENT=1350 DEFAULT CHARSET=utf8;
/*!40101 SET character_set_client = @saved_cs_client */;

--
-- Dumping data for table `amb_outilsmagasinutilises`
--

LOCK TABLES `amb_outilsmagasinutilises` WRITE;
/*!40000 ALTER TABLE `amb_outilsmagasinutilises` DISABLE KEYS */;
INSERT INTO `amb_outilsmagasinutilises` VALUES (1,4,28,NULL,'2021-06-01 13:11:26',NULL),(2,4,18,NULL,'2021-06-01 13:11:26',NULL),(3,4,25,NULL,'2021-06-01 13:11:26',NULL),(4,5,18,NULL,'2021-06-03 20:01:14',NULL),(5,5,25,NULL,'2021-06-03 20:01:14',NULL),(6,5,27,NULL,'2021-06-03 20:01:14',NULL),(7,5,28,NULL,'2021-06-03 20:01:14',NULL),(8,5,36,NULL,'2021-06-03 20:01:14',NULL),(9,5,37,NULL,'2021-06-03 20:01:14',NULL),(10,5,49,NULL,'2021-06-03 20:01:14',NULL),(11,5,50,NULL,'2021-06-03 20:01:14',NULL),(12,5,60,NULL,'2021-06-03 20:01:14',NULL),(13,5,62,NULL,'2021-06-03 20:01:14',NULL),(14,6,17,NULL,'2021-06-03 20:07:52',NULL),(15,6,37,NULL,'2021-06-03 20:07:52',NULL),(16,6,12,NULL,'2021-06-03 20:07:52',NULL),(17,6,18,NULL,'2021-06-03 20:09:15',NULL),(18,6,25,NULL,'2021-06-03 20:09:15',NULL),(19,6,27,NULL,'2021-06-03 20:09:15',NULL),(20,6,28,NULL,'2021-06-03 20:09:15',NULL),(21,6,36,NULL,'2021-06-03 20:09:15',NULL),(22,6,49,NULL,'2021-06-03 20:09:15',NULL),(23,6,50,NULL,'2021-06-03 20:09:15',NULL),(24,6,60,NULL,'2021-06-03 20:09:15',NULL),(25,6,62,NULL,'2021-06-03 20:09:15',NULL),(26,7,17,NULL,'2021-06-07 10:34:31',NULL),(27,7,37,NULL,'2021-06-07 10:34:31',NULL),(28,7,18,NULL,'2021-06-07 10:34:31',NULL),(29,8,17,NULL,'2021-06-07 10:42:34',NULL),(30,8,19,NULL,'2021-06-07 10:42:34',NULL),(31,8,27,NULL,'2021-06-07 10:42:34',NULL),(32,8,36,NULL,'2021-06-07 10:42:34',NULL),(33,8,37,NULL,'2021-06-07 10:42:34',NULL),(34,8,49,NULL,'2021-06-07 10:42:34',NULL),(35,8,76,NULL,'2021-06-07 10:42:34',NULL),(36,8,74,NULL,'2021-06-07 10:42:34',NULL),(37,8,75,NULL,'2021-06-07 10:42:34',NULL),(38,8,58,NULL,'2021-06-07 10:42:34',NULL),(39,8,62,NULL,'2021-06-07 10:42:34',NULL),(40,8,32,NULL,'2021-06-07 10:42:34',NULL),(41,8,28,NULL,'2021-06-07 10:43:46',NULL),(42,8,18,NULL,'2021-06-07 10:43:46',NULL),(43,8,25,NULL,'2021-06-07 10:43:46',NULL),(44,11,28,NULL,'2021-06-07 11:07:34',NULL),(45,11,18,NULL,'2021-06-07 11:07:34',NULL),(46,11,25,NULL,'2021-06-07 11:07:34',NULL),(47,8,33,NULL,'2021-06-07 14:58:50',NULL),(48,4,17,NULL,'2021-06-07 14:58:51',NULL),(49,4,19,NULL,'2021-06-07 14:58:51',NULL),(50,4,27,NULL,'2021-06-07 14:58:51',NULL),(51,4,36,NULL,'2021-06-07 14:58:51',NULL),(52,4,37,NULL,'2021-06-07 14:58:51',NULL),(53,4,49,NULL,'2021-06-07 14:58:51',NULL),(54,4,33,NULL,'2021-06-07 14:58:51',NULL),(55,4,74,NULL,'2021-06-07 14:58:51',NULL),(56,4,75,NULL,'2021-06-07 14:58:51',NULL),(57,4,76,NULL,'2021-06-07 14:58:51',NULL),(58,4,58,NULL,'2021-06-07 14:58:51',NULL),(59,4,62,NULL,'2021-06-07 14:58:51',NULL),(60,4,32,NULL,'2021-06-07 14:58:51',NULL),(61,17,17,NULL,'2021-06-07 18:36:42',NULL),(62,17,18,NULL,'2021-06-07 18:36:42',NULL),(63,17,19,NULL,'2021-06-07 18:36:42',NULL),(64,17,25,NULL,'2021-06-07 18:36:42',NULL),(65,17,27,NULL,'2021-06-07 18:36:42',NULL),(66,17,28,NULL,'2021-06-07 18:36:42',NULL),(67,17,32,NULL,'2021-06-07 18:36:42',NULL),(68,17,33,NULL,'2021-06-07 18:36:42',NULL),(69,17,36,NULL,'2021-06-07 18:36:42',NULL),(70,17,37,NULL,'2021-06-07 18:36:42',NULL),(71,17,49,NULL,'2021-06-07 18:36:42',NULL),(72,17,58,NULL,'2021-06-07 18:36:42',NULL),(73,17,62,NULL,'2021-06-07 18:36:42',NULL),(74,17,74,NULL,'2021-06-07 18:36:42',NULL),(75,17,75,NULL,'2021-06-07 18:36:42',NULL),(76,17,76,NULL,'2021-06-07 18:36:42',NULL),(77,17,39,NULL,'2021-06-07 18:36:42',NULL),(78,18,39,NULL,'2021-06-07 19:51:14',NULL),(79,18,17,NULL,'2021-06-07 19:51:14',NULL),(80,18,18,NULL,'2021-06-07 19:51:14',NULL),(81,18,37,NULL,'2021-06-07 19:51:14',NULL),(82,19,17,NULL,'2021-06-08 19:00:58',NULL),(83,19,18,NULL,'2021-06-08 19:00:58',NULL),(84,19,19,NULL,'2021-06-08 19:00:58',NULL),(85,19,25,NULL,'2021-06-08 19:00:58',NULL),(86,19,27,NULL,'2021-06-08 19:00:58',NULL),(87,19,28,NULL,'2021-06-08 19:00:58',NULL),(88,19,32,NULL,'2021-06-08 19:00:58',NULL),(89,19,33,NULL,'2021-06-08 19:00:58',NULL),(90,19,36,NULL,'2021-06-08 19:00:58',NULL),(91,19,37,NULL,'2021-06-08 19:00:58',NULL),(92,19,49,NULL,'2021-06-08 19:00:58',NULL),(93,19,58,NULL,'2021-06-08 19:00:58',NULL),(94,19,68,NULL,'2021-06-08 19:00:58',NULL),(95,19,70,NULL,'2021-06-08 19:00:58',NULL),(96,19,72,NULL,'2021-06-08 19:00:58',NULL),(97,19,74,NULL,'2021-06-08 19:00:58',NULL),(98,19,75,NULL,'2021-06-08 19:00:58',NULL),(99,19,39,NULL,'2021-06-08 19:00:58',NULL),(100,22,17,NULL,'2021-06-08 19:30:47',NULL),(101,22,18,NULL,'2021-06-08 19:30:47',NULL),(102,22,19,NULL,'2021-06-08 19:30:47',NULL),(103,22,32,NULL,'2021-06-08 19:30:47',NULL),(104,22,33,NULL,'2021-06-08 19:30:47',NULL),(105,22,36,NULL,'2021-06-08 19:30:47',NULL),(106,22,37,NULL,'2021-06-08 19:30:47',NULL),(107,22,61,NULL,'2021-06-08 19:30:47',NULL),(108,22,74,NULL,'2021-06-08 19:30:47',NULL),(109,22,75,NULL,'2021-06-08 19:30:47',NULL),(110,22,39,NULL,'2021-06-08 19:30:47',NULL),(111,26,17,NULL,'2021-06-09 09:00:01','2021-06-09 12:12:50'),(112,26,18,NULL,'2021-06-09 09:07:56','2021-06-09 12:12:55'),(113,26,19,NULL,'2021-06-09 09:07:56','2021-06-09 12:12:59'),(114,26,27,NULL,'2021-06-09 09:07:56','2021-06-09 12:13:05'),(115,26,28,NULL,'2021-06-09 09:07:56','2021-06-09 12:13:09'),(116,26,36,NULL,'2021-06-09 09:07:56','2021-06-09 12:13:14'),(117,26,37,NULL,'2021-06-09 09:07:56','2021-06-09 12:13:18'),(118,26,49,NULL,'2021-06-09 09:07:56','2021-06-09 12:13:22'),(119,26,60,NULL,'2021-06-09 09:07:56','2021-06-09 12:13:27'),(120,26,68,NULL,'2021-06-09 09:07:56','2021-06-09 12:13:31'),(121,26,76,NULL,'2021-06-09 09:07:56','2021-06-09 12:13:40'),(122,26,70,NULL,'2021-06-09 09:07:56','2021-06-09 12:13:45'),(123,25,18,NULL,'2021-06-09 09:30:42',NULL),(124,25,19,NULL,'2021-06-09 09:30:42',NULL),(125,25,25,NULL,'2021-06-09 09:30:42',NULL),(126,25,27,NULL,'2021-06-09 09:30:42',NULL),(127,25,28,NULL,'2021-06-09 09:30:42',NULL),(128,25,36,NULL,'2021-06-09 09:30:42',NULL),(129,25,37,NULL,'2021-06-09 09:30:42',NULL),(130,25,49,NULL,'2021-06-09 09:30:42',NULL),(131,25,76,NULL,'2021-06-09 09:30:42',NULL),(132,25,68,NULL,'2021-06-09 09:30:42',NULL),(136,6,39,NULL,'2021-06-10 11:02:12',NULL),(137,29,17,NULL,'2021-06-10 11:20:57',NULL),(138,29,18,NULL,'2021-06-10 11:20:57',NULL),(139,29,19,NULL,'2021-06-10 11:20:57',NULL),(140,29,33,NULL,'2021-06-10 11:20:57',NULL),(141,29,36,NULL,'2021-06-10 11:20:57',NULL),(142,29,37,NULL,'2021-06-10 11:20:57',NULL),(143,30,17,NULL,'2021-06-10 11:22:07',NULL),(144,30,18,NULL,'2021-06-10 11:22:07',NULL),(145,30,19,NULL,'2021-06-10 11:22:07',NULL),(146,30,30,NULL,'2021-06-10 11:22:07',NULL),(147,30,32,NULL,'2021-06-10 11:22:07',NULL),(148,30,33,NULL,'2021-06-10 11:22:07',NULL),(149,30,36,NULL,'2021-06-10 11:22:07',NULL),(150,30,37,NULL,'2021-06-10 11:22:07',NULL),(151,30,62,NULL,'2021-06-10 11:22:07',NULL),(152,30,75,NULL,'2021-06-10 11:22:07',NULL),(153,30,39,NULL,'2021-06-10 11:22:07',NULL),(154,31,17,NULL,'2021-06-10 11:24:24',NULL),(155,31,18,NULL,'2021-06-10 11:24:24',NULL),(156,31,32,NULL,'2021-06-10 11:24:24',NULL),(157,31,19,NULL,'2021-06-10 11:24:24',NULL),(158,31,30,NULL,'2021-06-10 11:24:24',NULL),(159,31,33,NULL,'2021-06-10 11:24:24',NULL),(160,31,36,NULL,'2021-06-10 11:24:24',NULL),(161,31,37,NULL,'2021-06-10 11:24:24',NULL),(162,31,62,NULL,'2021-06-10 11:24:24',NULL),(163,31,75,NULL,'2021-06-10 11:24:24',NULL),(164,31,34,NULL,'2021-06-10 11:24:24',NULL),(165,29,32,NULL,'2021-06-10 13:18:40',NULL),(166,29,75,NULL,'2021-06-10 13:18:40',NULL),(167,29,73,NULL,'2021-06-10 13:18:40',NULL),(168,32,17,NULL,'2021-06-10 14:12:30',NULL),(169,32,18,NULL,'2021-06-10 14:12:30',NULL),(170,32,32,NULL,'2021-06-10 14:12:30',NULL),(171,32,26,NULL,'2021-06-10 14:12:30',NULL),(172,32,28,NULL,'2021-06-10 14:12:30',NULL),(173,32,37,NULL,'2021-06-10 14:12:30',NULL),(174,33,17,NULL,'2021-06-10 14:15:07',NULL),(175,33,18,NULL,'2021-06-10 14:15:07',NULL),(176,33,19,NULL,'2021-06-10 14:15:07',NULL),(177,33,26,NULL,'2021-06-10 14:15:07',NULL),(178,33,28,NULL,'2021-06-10 14:15:07',NULL),(179,33,36,NULL,'2021-06-10 14:15:07',NULL),(180,33,37,NULL,'2021-06-10 14:15:07',NULL),(181,34,17,NULL,'2021-06-10 14:19:43',NULL),(182,34,18,NULL,'2021-06-10 14:19:43',NULL),(183,34,32,NULL,'2021-06-10 14:19:43',NULL),(184,34,37,NULL,'2021-06-10 14:19:43',NULL),(185,34,62,NULL,'2021-06-10 14:19:43',NULL),(186,34,73,NULL,'2021-06-10 14:19:43',NULL),(187,34,39,NULL,'2021-06-10 14:19:43',NULL),(188,34,19,NULL,'2021-06-10 14:19:43',NULL),(189,34,75,NULL,'2021-06-10 14:19:43',NULL),(190,35,18,NULL,'2021-06-10 14:42:39',NULL),(191,35,32,NULL,'2021-06-10 14:42:39',NULL),(192,35,37,NULL,'2021-06-10 14:42:39',NULL),(193,35,28,NULL,'2021-06-10 14:42:39',NULL),(194,35,19,NULL,'2021-06-10 14:42:39',NULL),(195,35,26,NULL,'2021-06-10 14:42:39',NULL),(196,36,17,NULL,'2021-06-10 14:48:19',NULL),(197,36,18,NULL,'2021-06-10 14:48:19',NULL),(198,36,19,NULL,'2021-06-10 14:48:19',NULL),(199,36,26,NULL,'2021-06-10 14:48:19',NULL),(200,36,28,NULL,'2021-06-10 14:48:19',NULL),(201,36,32,NULL,'2021-06-10 14:48:19',NULL),(202,36,33,NULL,'2021-06-10 14:48:19',NULL),(203,36,37,NULL,'2021-06-10 14:48:19',NULL),(204,19,60,NULL,'2021-06-10 22:58:13',NULL),(205,37,18,NULL,'2021-06-14 14:29:31',NULL),(206,37,19,NULL,'2021-06-14 14:29:31',NULL),(207,37,25,NULL,'2021-06-14 14:29:31',NULL),(208,37,27,NULL,'2021-06-14 14:29:31',NULL),(209,37,28,NULL,'2021-06-14 14:29:31',NULL),(210,37,32,NULL,'2021-06-14 14:29:31',NULL),(211,37,36,NULL,'2021-06-14 14:29:31',NULL),(212,37,37,NULL,'2021-06-14 14:29:31',NULL),(213,37,49,NULL,'2021-06-14 14:29:31',NULL),(214,37,60,NULL,'2021-06-14 14:29:31',NULL),(215,37,68,NULL,'2021-06-14 14:29:31',NULL),(216,37,70,NULL,'2021-06-14 14:29:31',NULL),(217,37,76,NULL,'2021-06-14 14:29:31',NULL),(218,38,17,NULL,'2021-06-14 14:36:35',NULL),(219,38,18,NULL,'2021-06-14 14:36:35',NULL),(220,38,27,NULL,'2021-06-14 14:36:35',NULL),(221,38,25,NULL,'2021-06-14 14:36:35',NULL),(222,38,19,NULL,'2021-06-14 14:36:35',NULL),(223,38,28,NULL,'2021-06-14 14:36:35',NULL),(224,38,32,NULL,'2021-06-14 14:36:35',NULL),(225,38,37,NULL,'2021-06-14 14:36:35',NULL),(226,38,49,NULL,'2021-06-14 14:36:35',NULL),(227,38,68,NULL,'2021-06-14 14:36:35',NULL),(228,38,76,NULL,'2021-06-14 14:36:35',NULL),(229,38,69,NULL,'2021-06-14 14:41:22',NULL),(230,38,70,NULL,'2021-06-14 14:41:22',NULL),(231,39,18,NULL,'2021-06-14 18:58:51',NULL),(232,39,19,NULL,'2021-06-14 18:58:51',NULL),(233,39,22,NULL,'2021-06-14 18:58:51',NULL),(234,39,25,NULL,'2021-06-14 18:58:51',NULL),(235,39,27,NULL,'2021-06-14 18:58:51',NULL),(236,39,28,NULL,'2021-06-14 18:58:51',NULL),(237,39,37,NULL,'2021-06-14 18:58:51',NULL),(238,39,49,NULL,'2021-06-14 18:58:51',NULL),(239,39,76,NULL,'2021-06-14 18:58:51',NULL),(240,39,36,NULL,'2021-06-14 18:58:51',NULL),(241,39,39,NULL,'2021-06-14 18:58:52',NULL),(242,39,17,NULL,'2021-06-14 18:58:52',NULL),(243,39,33,NULL,'2021-06-14 18:58:52',NULL),(244,39,61,NULL,'2021-06-14 18:58:52',NULL),(245,39,72,NULL,'2021-06-14 18:58:52',NULL),(246,39,74,NULL,'2021-06-14 18:58:52',NULL),(247,39,75,NULL,'2021-06-14 18:58:52',NULL),(248,39,60,NULL,'2021-06-14 18:58:52',NULL),(249,39,69,NULL,'2021-06-14 18:58:52',NULL),(250,41,17,NULL,'2021-06-15 11:05:39',NULL),(251,41,18,NULL,'2021-06-15 11:05:39',NULL),(252,41,19,NULL,'2021-06-15 11:06:21',NULL),(253,41,25,NULL,'2021-06-15 11:06:21',NULL),(254,41,27,NULL,'2021-06-15 11:06:21',NULL),(255,41,28,NULL,'2021-06-15 11:06:21',NULL),(256,41,32,NULL,'2021-06-15 11:06:21',NULL),(257,41,36,NULL,'2021-06-15 11:06:21',NULL),(258,41,37,NULL,'2021-06-15 11:06:52',NULL),(259,41,49,NULL,'2021-06-15 11:06:52',NULL),(260,41,60,NULL,'2021-06-15 11:06:52',NULL),(261,41,68,NULL,'2021-06-15 11:08:02',NULL),(262,41,70,NULL,'2021-06-15 11:08:02',NULL),(263,41,69,NULL,'2021-06-15 11:08:02',NULL),(264,41,76,NULL,'2021-06-15 11:08:02',NULL),(265,42,17,NULL,'2021-06-15 15:31:32',NULL),(266,42,18,NULL,'2021-06-15 15:48:51',NULL),(267,42,19,NULL,'2021-06-15 15:49:21',NULL),(268,42,25,NULL,'2021-06-15 15:49:21',NULL),(269,42,28,NULL,'2021-06-15 15:50:11',NULL),(270,42,36,NULL,'2021-06-15 15:50:11',NULL),(271,42,37,NULL,'2021-06-15 15:50:11',NULL),(272,42,32,NULL,'2021-06-15 15:50:11',NULL),(273,42,49,NULL,'2021-06-15 15:50:58',NULL),(274,42,60,NULL,'2021-06-15 15:50:58',NULL),(275,42,68,NULL,'2021-06-15 15:50:58',NULL),(276,42,70,NULL,'2021-06-15 15:51:33',NULL),(277,42,76,NULL,'2021-06-15 15:51:33',NULL),(278,43,17,NULL,'2021-06-16 12:20:19',NULL),(279,43,18,NULL,'2021-06-16 12:20:19',NULL),(280,43,19,NULL,'2021-06-16 12:20:19',NULL),(281,43,25,NULL,'2021-06-16 12:20:19',NULL),(282,43,22,NULL,'2021-06-16 12:20:19',NULL),(283,43,27,NULL,'2021-06-16 12:20:19',NULL),(284,43,37,NULL,'2021-06-16 12:20:19',NULL),(285,43,36,NULL,'2021-06-16 12:20:19',NULL),(286,43,28,NULL,'2021-06-16 12:20:19',NULL),(287,43,33,NULL,'2021-06-16 12:20:19',NULL),(288,43,49,NULL,'2021-06-16 12:20:19',NULL),(289,43,60,NULL,'2021-06-16 12:20:19',NULL),(290,43,76,NULL,'2021-06-16 12:20:19',NULL),(291,43,39,NULL,'2021-06-16 12:20:19',NULL),(292,43,68,NULL,'2021-06-16 12:20:19',NULL),(293,45,17,NULL,'2021-06-16 13:31:19',NULL),(294,45,18,NULL,'2021-06-16 13:31:19',NULL),(295,45,32,NULL,'2021-06-16 13:31:19',NULL),(296,45,33,NULL,'2021-06-16 13:32:26',NULL),(297,45,36,NULL,'2021-06-16 13:32:26',NULL),(298,45,37,NULL,'2021-06-16 13:32:26',NULL),(299,45,49,NULL,'2021-06-16 13:32:26',NULL),(300,45,60,NULL,'2021-06-16 13:32:26',NULL),(301,45,68,NULL,'2021-06-16 13:33:14',NULL),(302,45,70,NULL,'2021-06-16 13:33:14',NULL),(303,45,76,NULL,'2021-06-16 13:33:14',NULL),(304,46,17,NULL,'2021-06-16 14:29:37',NULL),(305,46,18,NULL,'2021-06-16 14:29:37',NULL),(306,46,27,NULL,'2021-06-16 14:29:37',NULL),(307,46,36,NULL,'2021-06-16 14:29:37',NULL),(308,46,37,NULL,'2021-06-16 14:29:37',NULL),(309,46,32,NULL,'2021-06-16 14:29:37',NULL),(310,46,49,NULL,'2021-06-16 14:30:45',NULL),(311,46,60,NULL,'2021-06-16 14:30:46',NULL),(312,46,68,NULL,'2021-06-16 14:30:46',NULL),(313,46,70,NULL,'2021-06-16 14:30:46',NULL),(314,47,17,NULL,'2021-06-16 14:33:52',NULL),(315,47,18,NULL,'2021-06-16 14:33:52',NULL),(316,47,27,NULL,'2021-06-16 14:33:52',NULL),(317,47,32,NULL,'2021-06-16 14:33:52',NULL),(318,47,37,NULL,'2021-06-16 14:33:52',NULL),(319,47,49,NULL,'2021-06-16 14:33:52',NULL),(320,47,68,NULL,'2021-06-16 14:33:52',NULL),(321,47,39,NULL,'2021-06-16 14:33:52',NULL),(322,48,17,NULL,'2021-06-16 15:00:13',NULL),(323,48,18,NULL,'2021-06-16 15:00:13',NULL),(324,48,27,NULL,'2021-06-16 15:00:13',NULL),(325,48,32,NULL,'2021-06-16 15:00:13',NULL),(326,48,33,NULL,'2021-06-16 15:00:13',NULL),(327,48,36,NULL,'2021-06-16 15:00:13',NULL),(328,48,37,NULL,'2021-06-16 15:00:13',NULL),(329,48,49,NULL,'2021-06-16 15:00:13',NULL),(330,48,60,NULL,'2021-06-16 15:00:13',NULL),(331,48,68,NULL,'2021-06-16 15:00:13',NULL),(332,48,72,NULL,'2021-06-16 15:00:13',NULL),(333,50,18,NULL,'2021-06-17 14:23:38',NULL),(334,50,19,NULL,'2021-06-17 14:23:38',NULL),(335,50,25,NULL,'2021-06-17 14:23:38',NULL),(336,50,28,NULL,'2021-06-17 14:23:38',NULL),(337,50,32,NULL,'2021-06-17 14:23:38',NULL),(338,50,36,NULL,'2021-06-17 14:23:38',NULL),(339,50,37,NULL,'2021-06-17 14:23:38',NULL),(340,51,17,NULL,'2021-06-17 14:25:11',NULL),(341,51,18,NULL,'2021-06-17 14:25:11',NULL),(342,51,25,NULL,'2021-06-17 14:25:11',NULL),(343,51,28,NULL,'2021-06-17 14:25:11',NULL),(344,50,49,NULL,'2021-06-17 14:25:15',NULL),(345,50,68,NULL,'2021-06-17 14:25:15',NULL),(346,50,70,NULL,'2021-06-17 14:25:15',NULL),(347,50,12,NULL,'2021-06-17 14:25:15',NULL),(348,51,29,NULL,'2021-06-17 14:26:13',NULL),(349,51,32,NULL,'2021-06-17 14:26:43',NULL),(350,51,36,NULL,'2021-06-17 14:26:43',NULL),(351,51,37,NULL,'2021-06-17 14:26:43',NULL),(352,51,49,NULL,'2021-06-17 14:28:20',NULL),(353,51,62,NULL,'2021-06-17 14:28:20',NULL),(354,51,68,NULL,'2021-06-17 14:28:20',NULL),(355,51,70,NULL,'2021-06-17 14:28:20',NULL),(356,51,69,NULL,'2021-06-17 14:28:20',NULL),(357,49,17,NULL,'2021-06-17 18:41:23',NULL),(358,49,18,NULL,'2021-06-17 18:41:23',NULL),(359,49,19,NULL,'2021-06-17 18:41:23',NULL),(360,49,25,NULL,'2021-06-17 18:41:23',NULL),(361,49,32,NULL,'2021-06-17 18:41:23',NULL),(362,49,33,NULL,'2021-06-17 18:41:23',NULL),(363,49,36,NULL,'2021-06-17 18:41:23',NULL),(364,49,37,NULL,'2021-06-17 18:41:23',NULL),(365,49,49,NULL,'2021-06-17 18:41:23',NULL),(366,49,68,NULL,'2021-06-17 18:41:23',NULL),(367,49,39,NULL,'2021-06-17 18:41:23',NULL),(368,52,17,NULL,'2021-06-17 20:14:47',NULL),(369,52,18,NULL,'2021-06-17 20:14:47',NULL),(370,52,19,NULL,'2021-06-17 20:14:47',NULL),(371,52,25,NULL,'2021-06-17 20:14:47',NULL),(372,52,28,NULL,'2021-06-17 20:14:47',NULL),(373,52,29,NULL,'2021-06-17 20:14:47',NULL),(374,52,32,NULL,'2021-06-17 20:14:47',NULL),(375,52,33,NULL,'2021-06-17 20:14:47',NULL),(376,52,36,NULL,'2021-06-17 20:14:47',NULL),(377,52,37,NULL,'2021-06-17 20:14:47',NULL),(378,52,49,NULL,'2021-06-17 20:14:47',NULL),(379,52,62,NULL,'2021-06-17 20:14:47',NULL),(380,52,68,NULL,'2021-06-17 20:14:47',NULL),(381,52,70,NULL,'2021-06-17 20:14:47',NULL),(382,52,72,NULL,'2021-06-17 20:14:47',NULL),(383,55,17,NULL,'2021-06-21 13:06:33',NULL),(384,55,18,NULL,'2021-06-21 13:06:33',NULL),(386,55,37,NULL,'2021-06-21 13:06:33',NULL),(387,55,32,NULL,'2021-06-21 13:06:33',NULL),(388,55,36,NULL,'2021-06-21 13:07:14',NULL),(389,55,49,NULL,'2021-06-21 13:07:14',NULL),(390,55,60,NULL,'2021-06-21 13:07:14',NULL),(391,55,68,NULL,'2021-06-21 13:07:56',NULL),(392,54,17,NULL,'2021-06-21 13:09:23',NULL),(393,54,18,NULL,'2021-06-21 13:09:23',NULL),(394,54,19,NULL,'2021-06-21 13:09:23',NULL),(395,54,27,NULL,'2021-06-21 13:09:23',NULL),(396,54,32,NULL,'2021-06-21 13:09:23',NULL),(397,54,33,NULL,'2021-06-21 13:09:23',NULL),(398,54,36,NULL,'2021-06-21 13:09:23',NULL),(399,54,37,NULL,'2021-06-21 13:09:23',NULL),(400,54,49,NULL,'2021-06-21 13:09:23',NULL),(401,54,68,NULL,'2021-06-21 13:09:23',NULL),(402,54,39,NULL,'2021-06-21 13:09:23',NULL),(403,56,18,NULL,'2021-06-21 13:35:12',NULL),(404,56,32,NULL,'2021-06-21 13:35:12',NULL),(405,56,36,NULL,'2021-06-21 13:35:12',NULL),(406,56,37,NULL,'2021-06-21 13:35:12',NULL),(407,56,49,NULL,'2021-06-21 13:35:12',NULL),(408,56,70,NULL,'2021-06-21 13:35:12',NULL),(409,57,17,NULL,'2021-06-22 15:56:44',NULL),(410,57,19,NULL,'2021-06-22 15:56:44',NULL),(411,57,35,NULL,'2021-06-22 15:56:44',NULL),(412,57,39,NULL,'2021-06-22 15:56:44',NULL),(413,59,17,NULL,'2021-06-23 12:41:11',NULL),(414,59,35,NULL,'2021-06-23 12:41:11',NULL),(416,59,16,NULL,'2021-06-23 12:42:07',NULL),(417,59,49,NULL,'2021-06-23 12:42:57',NULL),(418,60,17,NULL,'2021-06-23 12:43:17',NULL),(419,60,16,NULL,'2021-06-23 12:43:17',NULL),(420,60,35,NULL,'2021-06-23 12:43:17',NULL),(421,60,49,NULL,'2021-06-23 12:43:17',NULL),(422,58,16,NULL,'2021-06-23 22:11:19',NULL),(423,58,17,NULL,'2021-06-23 22:11:19',NULL),(424,58,33,NULL,'2021-06-23 22:11:19',NULL),(425,58,49,NULL,'2021-06-23 22:11:19',NULL),(426,58,59,NULL,'2021-06-23 22:11:19',NULL),(427,58,35,NULL,'2021-06-23 22:11:19',NULL),(428,58,39,NULL,'2021-06-23 22:11:19',NULL),(429,61,17,NULL,'2021-06-24 16:32:51',NULL),(430,61,18,NULL,'2021-06-24 16:32:51',NULL),(431,61,27,NULL,'2021-06-24 16:32:51',NULL),(432,61,29,NULL,'2021-06-24 16:32:51',NULL),(433,61,32,NULL,'2021-06-24 16:32:51',NULL),(434,61,36,NULL,'2021-06-24 16:32:51',NULL),(435,61,37,NULL,'2021-06-24 16:32:51',NULL),(436,61,49,NULL,'2021-06-24 16:32:51',NULL),(437,62,17,NULL,'2021-06-24 16:33:51',NULL),(438,62,18,NULL,'2021-06-24 16:33:51',NULL),(439,62,19,NULL,'2021-06-24 16:33:51',NULL),(440,62,21,NULL,'2021-06-24 16:33:51',NULL),(441,62,27,NULL,'2021-06-24 16:33:51',NULL),(442,62,29,NULL,'2021-06-24 16:33:51',NULL),(443,62,32,NULL,'2021-06-24 16:33:51',NULL),(444,62,36,NULL,'2021-06-24 16:33:51',NULL),(445,62,37,NULL,'2021-06-24 16:33:51',NULL),(446,62,49,NULL,'2021-06-24 16:33:51',NULL),(447,61,24,NULL,'2021-06-24 16:33:55',NULL),(448,63,17,NULL,'2021-06-28 11:16:01',NULL),(449,63,18,NULL,'2021-06-28 11:16:01',NULL),(450,63,27,NULL,'2021-06-28 11:16:01',NULL),(451,63,19,NULL,'2021-06-28 11:16:01',NULL),(452,63,36,NULL,'2021-06-28 11:16:01',NULL),(453,63,33,NULL,'2021-06-28 11:16:01',NULL),(454,63,37,NULL,'2021-06-28 11:16:01',NULL),(455,63,49,NULL,'2021-06-28 11:16:01',NULL),(456,63,39,NULL,'2021-06-28 11:16:01',NULL),(457,64,16,NULL,'2021-06-28 16:26:53',NULL),(458,64,29,NULL,'2021-06-28 16:27:48',NULL),(459,64,17,NULL,'2021-06-28 16:27:48',NULL),(460,64,27,NULL,'2021-06-28 16:27:48',NULL),(461,64,33,NULL,'2021-06-28 16:28:37',NULL),(462,64,35,NULL,'2021-06-28 16:28:37',NULL),(463,64,49,NULL,'2021-06-28 16:30:41',NULL),(464,64,62,NULL,'2021-06-28 16:30:41',NULL),(465,64,70,NULL,'2021-06-28 16:30:41',NULL),(466,64,39,NULL,'2021-06-28 16:30:41',NULL),(467,65,16,NULL,'2021-06-29 16:19:57',NULL),(468,65,17,NULL,'2021-06-29 16:19:57',NULL),(469,65,18,NULL,'2021-06-29 16:19:57',NULL),(470,65,19,NULL,'2021-06-29 16:19:57',NULL),(471,65,32,NULL,'2021-06-29 16:19:57',NULL),(472,65,33,NULL,'2021-06-29 16:19:57',NULL),(473,65,35,NULL,'2021-06-29 16:19:57',NULL),(474,65,37,NULL,'2021-06-29 16:19:57',NULL),(476,66,16,NULL,'2021-06-29 19:15:14',NULL),(477,66,17,NULL,'2021-06-29 19:15:14',NULL),(478,66,18,NULL,'2021-06-29 19:15:14',NULL),(479,66,19,NULL,'2021-06-29 19:15:14',NULL),(480,66,32,NULL,'2021-06-29 19:15:14',NULL),(481,66,35,NULL,'2021-06-29 19:15:14',NULL),(482,66,36,NULL,'2021-06-29 19:15:14',NULL),(483,66,37,NULL,'2021-06-29 19:15:14',NULL),(484,66,84,NULL,'2021-06-29 19:15:14',NULL),(485,66,89,NULL,'2021-06-29 19:15:14',NULL),(486,66,91,NULL,'2021-06-29 19:15:14',NULL),(487,66,38,NULL,'2021-06-29 19:15:14',NULL),(488,67,16,NULL,'2021-06-30 10:17:53',NULL),(489,67,17,NULL,'2021-06-30 10:17:53',NULL),(490,67,19,NULL,'2021-06-30 10:17:53',NULL),(491,67,86,NULL,'2021-06-30 10:17:53',NULL),(492,67,89,NULL,'2021-06-30 10:17:53',NULL),(493,67,91,NULL,'2021-06-30 10:17:53',NULL),(494,68,16,NULL,'2021-06-30 16:09:35',NULL),(495,68,17,NULL,'2021-06-30 16:09:35',NULL),(496,68,35,NULL,'2021-06-30 16:09:35',NULL),(497,68,85,NULL,'2021-06-30 16:09:35',NULL),(498,68,86,NULL,'2021-06-30 16:09:35',NULL),(499,68,90,NULL,'2021-06-30 16:09:35',NULL),(500,68,91,NULL,'2021-06-30 16:09:35',NULL),(502,70,16,NULL,'2021-07-01 22:10:05',NULL),(503,70,17,NULL,'2021-07-01 22:10:05',NULL),(504,70,19,NULL,'2021-07-01 22:10:05',NULL),(505,70,33,NULL,'2021-07-01 22:11:12',NULL),(506,70,35,NULL,'2021-07-01 22:11:12',NULL),(507,70,70,NULL,'2021-07-01 22:11:12',NULL),(508,70,81,NULL,'2021-07-01 22:12:36',NULL),(509,70,85,NULL,'2021-07-01 22:12:36',NULL),(510,70,86,NULL,'2021-07-01 22:12:36',NULL),(511,70,90,NULL,'2021-07-01 22:13:44',NULL),(512,70,39,NULL,'2021-07-01 22:13:44',NULL),(513,70,38,NULL,'2021-07-01 22:13:44',NULL),(514,71,16,NULL,'2021-07-02 10:43:55',NULL),(515,71,17,NULL,'2021-07-02 10:43:55',NULL),(516,71,19,NULL,'2021-07-02 10:43:55',NULL),(517,71,33,NULL,'2021-07-02 10:43:55',NULL),(518,71,35,NULL,'2021-07-02 10:43:55',NULL),(519,71,36,NULL,'2021-07-02 10:43:55',NULL),(520,71,69,NULL,'2021-07-02 10:43:55',NULL),(521,71,89,NULL,'2021-07-02 10:43:55',NULL),(522,71,90,NULL,'2021-07-02 10:43:55',NULL),(523,71,84,NULL,'2021-07-02 10:43:55',NULL),(524,71,85,NULL,'2021-07-02 10:43:55',NULL),(525,71,86,NULL,'2021-07-02 10:44:42',NULL),(526,71,91,NULL,'2021-07-02 10:44:42',NULL),(527,72,16,NULL,'2021-07-02 18:30:19',NULL),(528,72,17,NULL,'2021-07-02 18:30:19',NULL),(529,72,18,NULL,'2021-07-02 18:31:33',NULL),(530,72,33,NULL,'2021-07-02 18:31:33',NULL),(531,72,30,NULL,'2021-07-02 18:31:33',NULL),(532,72,35,NULL,'2021-07-02 18:32:18',NULL),(533,72,37,NULL,'2021-07-02 18:32:18',NULL),(534,72,49,NULL,'2021-07-02 18:32:18',NULL),(535,72,81,NULL,'2021-07-02 18:32:58',NULL),(536,72,69,NULL,'2021-07-02 18:33:51',NULL),(537,72,85,NULL,'2021-07-02 18:33:51',NULL),(538,72,86,NULL,'2021-07-02 18:35:01',NULL),(539,72,89,NULL,'2021-07-02 18:35:01',NULL),(540,72,38,NULL,'2021-07-02 18:35:01',NULL),(541,72,39,NULL,'2021-07-02 18:35:01',NULL),(542,73,17,NULL,'2021-07-05 15:23:40',NULL),(543,73,19,NULL,'2021-07-05 15:23:40',NULL),(544,73,33,NULL,'2021-07-05 15:23:40',NULL),(545,73,35,NULL,'2021-07-05 15:23:40',NULL),(546,73,36,NULL,'2021-07-05 15:23:40',NULL),(547,73,69,NULL,'2021-07-05 15:23:40',NULL),(548,73,90,NULL,'2021-07-05 15:23:40',NULL),(549,74,17,NULL,'2021-07-05 21:12:07',NULL),(550,74,19,NULL,'2021-07-05 21:12:07',NULL),(551,74,33,NULL,'2021-07-05 21:12:43',NULL),(552,74,35,NULL,'2021-07-05 21:12:43',NULL),(553,74,70,NULL,'2021-07-05 21:14:08',NULL),(554,74,89,NULL,'2021-07-05 21:14:08',NULL),(555,74,92,NULL,'2021-07-05 21:15:09',NULL),(556,74,38,NULL,'2021-07-05 21:15:09',NULL),(557,74,39,NULL,'2021-07-05 21:15:09',NULL),(558,76,19,NULL,'2021-07-07 15:24:11',NULL),(559,76,33,NULL,'2021-07-07 15:24:11',NULL),(560,76,35,NULL,'2021-07-07 15:24:11',NULL),(561,76,80,NULL,'2021-07-07 15:24:11',NULL),(562,76,81,NULL,'2021-07-07 15:24:11',NULL),(563,76,84,NULL,'2021-07-07 15:24:11',NULL),(564,77,16,NULL,'2021-07-07 15:37:02',NULL),(565,77,17,NULL,'2021-07-07 15:37:02',NULL),(566,77,19,NULL,'2021-07-07 15:37:02',NULL),(567,77,92,NULL,'2021-07-07 15:37:02',NULL),(568,78,80,NULL,'2021-07-08 11:12:38',NULL),(569,78,81,NULL,'2021-07-08 11:12:38',NULL),(571,79,16,NULL,'2021-07-08 11:31:19',NULL),(572,79,17,NULL,'2021-07-08 11:31:19',NULL),(574,79,33,NULL,'2021-07-08 11:32:45',NULL),(575,79,35,NULL,'2021-07-08 11:32:45',NULL),(576,79,39,NULL,'2021-07-08 11:32:45',NULL),(577,80,33,NULL,'2021-07-08 20:14:20',NULL),(578,80,17,NULL,'2021-07-08 20:14:20',NULL),(579,80,35,NULL,'2021-07-08 20:16:10',NULL),(580,80,68,NULL,'2021-07-08 20:16:10',NULL),(581,80,79,NULL,'2021-07-08 20:17:56',NULL),(582,80,81,NULL,'2021-07-08 20:17:56',NULL),(583,80,84,NULL,'2021-07-08 20:19:17',NULL),(584,80,39,NULL,'2021-07-08 20:19:17',NULL),(585,75,17,NULL,'2021-07-08 20:45:11',NULL),(586,75,33,NULL,'2021-07-08 20:45:11',NULL),(587,75,35,NULL,'2021-07-08 20:46:19',NULL),(588,75,80,NULL,'2021-07-08 20:46:19',NULL),(589,75,81,NULL,'2021-07-08 20:47:04',NULL),(590,75,84,NULL,'2021-07-08 20:47:04',NULL),(591,75,39,NULL,'2021-07-08 20:47:52',NULL),(592,81,17,NULL,'2021-07-08 21:00:01',NULL),(593,81,33,NULL,'2021-07-08 21:00:01',NULL),(594,81,35,NULL,'2021-07-08 21:00:01',NULL),(595,81,80,NULL,'2021-07-08 21:01:17',NULL),(596,81,81,NULL,'2021-07-08 21:01:17',NULL),(597,81,84,NULL,'2021-07-08 21:01:17',NULL),(598,82,35,NULL,'2021-07-09 11:36:40',NULL),(601,69,16,NULL,'2021-07-12 13:26:33',NULL),(602,69,17,NULL,'2021-07-12 13:26:33',NULL),(603,69,35,NULL,'2021-07-12 13:26:33',NULL),(604,69,85,NULL,'2021-07-12 13:26:33',NULL),(605,69,86,NULL,'2021-07-12 13:26:33',NULL),(606,69,90,NULL,'2021-07-12 13:26:33',NULL),(607,69,91,NULL,'2021-07-12 13:26:33',NULL),(608,83,19,NULL,'2021-07-12 16:25:32',NULL),(609,83,33,NULL,'2021-07-12 16:25:32',NULL),(610,83,35,NULL,'2021-07-12 16:25:32',NULL),(611,83,80,NULL,'2021-07-12 16:25:32',NULL),(612,83,81,NULL,'2021-07-12 16:25:33',NULL),(613,83,84,NULL,'2021-07-12 16:25:33',NULL),(614,84,72,NULL,'2021-07-13 13:27:16',NULL),(615,84,27,NULL,'2021-07-13 13:27:16',NULL),(616,84,30,NULL,'2021-07-13 13:27:16',NULL),(617,85,27,NULL,'2021-07-13 13:27:56',NULL),(618,85,35,NULL,'2021-07-13 13:27:56',NULL),(619,85,78,NULL,'2021-07-13 13:27:56',NULL),(620,85,92,NULL,'2021-07-13 13:27:56',NULL),(622,86,17,NULL,'2021-07-13 13:39:01',NULL),(623,86,90,NULL,'2021-07-13 13:39:01',NULL),(624,86,35,NULL,'2021-07-13 13:39:01',NULL),(625,87,27,NULL,'2021-07-13 13:43:17',NULL),(626,87,92,NULL,'2021-07-13 13:43:17',NULL),(627,87,93,NULL,'2021-07-13 13:43:17',NULL),(628,87,81,NULL,'2021-07-13 13:43:17',NULL),(629,88,17,NULL,'2021-07-13 13:55:32',NULL),(630,88,35,NULL,'2021-07-13 13:55:32',NULL),(631,88,79,NULL,'2021-07-13 13:55:32',NULL),(632,89,17,NULL,'2021-07-13 14:05:37',NULL),(633,89,33,NULL,'2021-07-13 14:05:37',NULL),(634,89,48,NULL,'2021-07-13 14:05:37',NULL),(636,91,79,NULL,'2021-07-13 14:30:44',NULL),(637,91,81,NULL,'2021-07-13 14:30:44',NULL),(638,92,17,NULL,'2021-07-13 14:45:07',NULL),(639,92,27,NULL,'2021-07-13 14:45:07',NULL),(640,92,35,NULL,'2021-07-13 14:45:07',NULL),(641,92,78,NULL,'2021-07-13 14:45:07',NULL),(642,92,81,NULL,'2021-07-13 14:45:07',NULL),(643,92,93,NULL,'2021-07-13 14:45:07',NULL),(644,93,17,NULL,'2021-07-13 20:21:30',NULL),(645,93,30,NULL,'2021-07-13 20:21:30',NULL),(646,93,33,NULL,'2021-07-13 20:22:18',NULL),(647,93,36,NULL,'2021-07-13 20:22:18',NULL),(648,93,48,NULL,'2021-07-13 20:22:18',NULL),(649,93,39,NULL,'2021-07-13 20:23:07',NULL),(650,94,17,NULL,'2021-07-13 21:22:02',NULL),(651,94,27,NULL,'2021-07-13 21:22:02',NULL),(652,94,33,NULL,'2021-07-13 21:22:02',NULL),(653,94,70,NULL,'2021-07-13 21:24:40',NULL),(654,94,82,NULL,'2021-07-13 21:24:40',NULL),(655,94,80,NULL,'2021-07-13 21:27:12',NULL),(656,94,92,NULL,'2021-07-13 21:27:12',NULL),(657,94,93,NULL,'2021-07-13 21:27:12',NULL),(658,94,35,NULL,'2021-07-13 21:28:57',NULL),(659,95,17,NULL,'2021-07-13 22:30:03',NULL),(660,95,33,NULL,'2021-07-13 22:30:03',NULL),(661,95,35,NULL,'2021-07-13 22:30:39',NULL),(662,95,79,NULL,'2021-07-13 22:30:39',NULL),(663,95,81,NULL,'2021-07-13 22:31:25',NULL),(664,95,84,NULL,'2021-07-13 22:31:25',NULL),(665,95,37,NULL,'2021-07-13 22:32:13',NULL),(666,95,39,NULL,'2021-07-13 22:32:13',NULL),(667,96,17,NULL,'2021-07-14 21:39:12',NULL),(668,96,33,NULL,'2021-07-14 21:39:12',NULL),(669,96,35,NULL,'2021-07-14 21:39:59',NULL),(672,96,19,NULL,'2021-07-14 21:41:11',NULL),(673,96,79,NULL,'2021-07-14 21:41:11',NULL),(674,96,80,NULL,'2021-07-14 21:41:11',NULL),(675,96,81,NULL,'2021-07-14 21:41:36',NULL),(676,96,84,NULL,'2021-07-14 21:42:08',NULL),(677,96,39,NULL,'2021-07-14 21:42:40',NULL),(678,97,35,NULL,'2021-07-15 16:07:17',NULL),(679,97,80,NULL,'2021-07-15 16:07:17',NULL),(681,97,33,NULL,'2021-07-15 16:07:39',NULL),(682,98,17,NULL,'2021-07-15 16:11:49',NULL),(683,98,35,NULL,'2021-07-15 16:11:49',NULL),(684,98,80,NULL,'2021-07-15 16:12:28',NULL),(685,90,17,NULL,'2021-07-16 09:55:33',NULL),(686,90,27,NULL,'2021-07-16 09:55:33',NULL),(687,90,35,NULL,'2021-07-16 09:55:33',NULL),(688,90,79,NULL,'2021-07-16 09:55:33',NULL),(689,90,81,NULL,'2021-07-16 09:55:33',NULL),(690,90,92,NULL,'2021-07-16 09:55:33',NULL),(691,90,38,NULL,'2021-07-16 09:55:33',NULL),(692,99,79,NULL,'2021-07-16 10:01:40',NULL),(693,100,17,NULL,'2021-07-16 10:14:30',NULL),(694,100,33,NULL,'2021-07-16 10:14:30',NULL),(695,100,48,NULL,'2021-07-16 10:14:30',NULL),(696,13,12,NULL,'2021-09-07 10:33:25',NULL),(697,13,34,NULL,'2021-09-07 10:33:25',NULL),(698,13,40,NULL,'2021-09-07 10:33:25',NULL),(699,101,35,NULL,'2021-09-08 11:50:26',NULL),(700,101,89,NULL,'2021-09-08 11:50:26',NULL),(701,101,91,NULL,'2021-09-08 11:50:26',NULL),(702,102,27,NULL,'2021-09-08 15:28:05',NULL),(703,103,17,NULL,'2021-09-08 15:59:56',NULL),(704,104,84,NULL,'2021-09-09 14:33:36',NULL),(705,104,89,NULL,'2021-09-09 14:44:41',NULL),(706,107,96,NULL,'2021-09-13 09:29:31',NULL),(707,109,35,NULL,'2021-09-13 11:03:15',NULL),(708,109,69,NULL,'2021-09-13 11:03:15',NULL),(709,109,90,NULL,'2021-09-13 11:03:15',NULL),(710,109,92,NULL,'2021-09-13 11:03:15',NULL),(711,111,91,NULL,'2021-09-13 11:29:29',NULL),(712,111,95,NULL,'2021-09-13 11:29:29',NULL),(713,111,90,NULL,'2021-09-13 11:29:29',NULL),(714,111,85,NULL,'2021-09-13 11:29:29',NULL),(715,111,35,NULL,'2021-09-13 11:29:29',NULL),(716,113,35,NULL,'2021-09-13 11:34:58',NULL),(717,113,32,NULL,'2021-09-13 11:34:58',NULL),(718,113,37,NULL,'2021-09-13 11:34:58',NULL),(719,114,27,NULL,'2021-09-13 11:46:58',NULL),(720,114,49,NULL,'2021-09-13 11:46:58',NULL),(721,114,37,NULL,'2021-09-13 11:46:58',NULL),(722,119,90,NULL,'2021-09-13 14:03:08',NULL),(723,119,92,NULL,'2021-09-13 14:03:08',NULL),(724,119,95,NULL,'2021-09-13 14:03:08',NULL),(725,120,90,NULL,'2021-09-13 14:03:21',NULL),(726,120,92,NULL,'2021-09-13 14:03:21',NULL),(727,120,95,NULL,'2021-09-13 14:03:21',NULL),(728,121,79,NULL,'2021-09-13 14:53:37',NULL),(729,121,84,NULL,'2021-09-13 14:53:37',NULL),(730,121,81,NULL,'2021-09-13 14:53:37',NULL),(731,122,79,NULL,'2021-09-13 15:28:55',NULL),(732,122,81,NULL,'2021-09-13 15:28:55',NULL),(733,122,84,NULL,'2021-09-13 15:28:55',NULL),(734,123,90,NULL,'2021-09-13 15:51:07',NULL),(735,123,92,NULL,'2021-09-13 15:51:07',NULL),(736,124,37,NULL,'2021-09-13 15:52:08',NULL),(737,125,48,NULL,'2021-09-13 16:09:09',NULL),(738,125,71,NULL,'2021-09-13 16:09:09',NULL),(739,128,79,NULL,'2021-09-13 16:31:40',NULL),(740,128,84,NULL,'2021-09-13 16:31:40',NULL),(742,129,90,NULL,'2021-09-13 16:35:50',NULL),(747,130,35,NULL,'2021-09-13 18:05:08',NULL),(748,129,92,NULL,'2021-09-13 18:07:53',NULL),(749,132,64,NULL,'2021-09-13 18:17:37',NULL),(750,132,61,NULL,'2021-09-13 18:17:37',NULL),(751,138,43,NULL,'2021-09-15 08:27:05',NULL),(752,138,47,NULL,'2021-09-15 08:27:05',NULL),(753,139,17,NULL,'2021-09-15 08:29:12',NULL),(754,139,35,NULL,'2021-09-15 08:29:12',NULL),(755,139,85,NULL,'2021-09-15 08:29:12',NULL),(756,139,90,NULL,'2021-09-15 08:29:12',NULL),(757,139,91,NULL,'2021-09-15 08:29:12',NULL),(758,142,61,NULL,'2021-09-15 09:07:41',NULL),(759,143,61,NULL,'2021-09-15 10:21:35',NULL),(760,131,71,NULL,'2021-09-15 12:31:23',NULL),(761,131,48,NULL,'2021-09-15 12:31:23',NULL),(762,134,27,NULL,'2021-09-15 12:41:13',NULL),(764,134,95,NULL,'2021-09-15 12:41:13',NULL),(765,134,92,NULL,'2021-09-15 12:41:13',NULL),(766,140,90,NULL,'2021-09-15 13:45:51',NULL),(767,140,35,NULL,'2021-09-15 13:45:51',NULL),(768,140,92,NULL,'2021-09-15 13:45:51',NULL),(769,150,43,NULL,'2021-09-15 14:09:41',NULL),(770,150,47,NULL,'2021-09-15 14:09:41',NULL),(771,155,61,NULL,'2021-09-15 16:24:28',NULL),(772,153,95,NULL,'2021-09-15 16:27:23',NULL),(774,153,35,NULL,'2021-09-15 16:27:23',NULL),(775,153,80,NULL,'2021-09-15 16:27:23',NULL),(776,153,81,NULL,'2021-09-15 16:27:23',NULL),(777,153,88,NULL,'2021-09-15 16:27:23',NULL),(778,153,92,NULL,'2021-09-15 16:28:56',NULL),(780,158,30,NULL,'2021-09-15 20:46:33',NULL),(781,158,43,NULL,'2021-09-15 21:21:12',NULL),(782,158,34,NULL,'2021-09-15 21:21:12',NULL),(785,161,35,NULL,'2021-09-15 22:35:54',NULL),(786,161,80,NULL,'2021-09-15 22:56:47',NULL),(787,161,81,NULL,'2021-09-15 22:56:47',NULL),(788,161,84,NULL,'2021-09-15 22:56:47',NULL),(789,161,88,NULL,'2021-09-15 22:56:47',NULL),(790,162,27,NULL,'2021-09-16 08:31:27',NULL),(791,164,27,NULL,'2021-09-16 08:35:46',NULL),(792,164,37,NULL,'2021-09-16 08:37:17',NULL),(795,168,34,NULL,'2021-09-16 09:28:57',NULL),(796,168,37,NULL,'2021-09-16 09:35:33',NULL),(797,168,18,NULL,'2021-09-16 09:35:33',NULL),(799,170,37,NULL,'2021-09-16 11:46:32',NULL),(802,156,61,NULL,'2021-09-16 19:36:58',NULL),(803,156,34,NULL,'2021-09-16 19:36:58',NULL),(804,156,22,NULL,'2021-09-16 19:36:58',NULL),(805,135,43,NULL,'2021-09-18 10:47:31',NULL),(806,135,45,NULL,'2021-09-18 10:47:31',NULL),(807,135,47,NULL,'2021-09-18 10:47:31',NULL),(808,135,41,NULL,'2021-09-18 10:47:31',NULL),(809,135,42,NULL,'2021-09-18 10:47:31',NULL),(810,176,78,NULL,'2021-09-18 13:40:19',NULL),(811,176,79,NULL,'2021-09-18 13:40:19',NULL),(812,176,81,NULL,'2021-09-18 13:40:19',NULL),(813,176,84,NULL,'2021-09-18 13:40:19',NULL),(814,176,93,NULL,'2021-09-18 13:40:19',NULL),(815,176,92,NULL,'2021-09-18 13:40:19',NULL),(816,176,35,NULL,'2021-09-18 13:40:19',NULL),(817,176,27,NULL,'2021-09-18 13:40:19',NULL),(818,178,17,NULL,'2021-09-19 09:10:53',NULL),(819,178,27,NULL,'2021-09-19 09:26:51',NULL),(820,178,70,NULL,'2021-09-19 09:26:51',NULL),(821,178,78,NULL,'2021-09-19 09:26:51',NULL),(822,178,93,NULL,'2021-09-19 09:26:51',NULL),(823,178,92,NULL,'2021-09-19 09:26:51',NULL),(824,179,33,NULL,'2021-09-19 09:40:04',NULL),(825,179,43,NULL,'2021-09-19 09:45:01',NULL),(826,179,45,NULL,'2021-09-19 09:45:01',NULL),(828,179,41,NULL,'2021-09-19 09:45:01',NULL),(829,179,42,NULL,'2021-09-19 09:45:01',NULL),(830,180,70,NULL,'2021-09-19 19:55:06',NULL),(831,180,60,NULL,'2021-09-19 19:55:06',NULL),(832,180,37,NULL,'2021-09-19 19:55:06',NULL),(833,180,27,NULL,'2021-09-19 19:55:06',NULL),(834,180,16,NULL,'2021-09-19 19:55:06',NULL),(835,181,19,NULL,'2021-09-20 19:37:31',NULL),(836,181,61,NULL,'2021-09-20 19:56:41',NULL),(838,182,27,NULL,'2021-09-20 20:31:00',NULL),(839,143,37,NULL,'2021-09-21 05:42:39',NULL),(841,173,49,NULL,'2021-09-21 09:29:44',NULL),(842,183,90,NULL,'2021-09-21 09:31:06',NULL),(843,184,21,NULL,'2021-09-21 13:19:22',NULL),(846,186,70,NULL,'2021-09-21 15:37:58',NULL),(847,186,33,NULL,'2021-09-21 15:37:58',NULL),(848,186,78,NULL,'2021-09-21 15:37:58',NULL),(849,186,92,NULL,'2021-09-21 15:37:58',NULL),(850,186,93,NULL,'2021-09-21 15:37:58',NULL),(851,187,35,NULL,'2021-09-21 15:49:07',NULL),(852,187,89,NULL,'2021-09-21 15:49:07',NULL),(853,187,95,NULL,'2021-09-21 15:49:07',NULL),(854,188,33,NULL,'2021-09-21 15:57:01',NULL),(855,188,95,NULL,'2021-09-21 16:30:48',NULL),(857,188,35,NULL,'2021-09-21 16:30:48',NULL),(859,190,37,NULL,'2021-09-21 19:38:24',NULL),(860,190,27,NULL,'2021-09-21 19:38:24',NULL),(861,190,34,NULL,'2021-09-21 19:38:24',NULL),(862,190,35,NULL,'2021-09-21 19:38:24',NULL),(864,192,17,NULL,'2021-09-22 18:12:31',NULL),(866,193,35,NULL,'2021-09-22 19:07:49',NULL),(867,193,95,NULL,'2021-09-22 19:07:49',NULL),(868,193,90,NULL,'2021-09-22 19:07:49',NULL),(869,194,83,NULL,'2021-09-22 21:00:35',NULL),(870,194,95,NULL,'2021-09-22 21:00:35',NULL),(871,194,84,NULL,'2021-09-22 21:00:35',NULL),(872,194,103,NULL,'2021-09-22 21:00:35',NULL),(874,194,35,NULL,'2021-09-22 21:00:35',NULL),(875,194,90,NULL,'2021-09-22 21:00:35',NULL),(876,194,91,NULL,'2021-09-22 21:00:35',NULL),(877,191,34,NULL,'2021-09-23 06:34:50',NULL),(878,191,37,NULL,'2021-09-23 06:34:50',NULL),(879,191,72,NULL,'2021-09-23 06:34:50',NULL),(880,195,19,NULL,'2021-09-23 11:18:38',NULL),(881,171,61,NULL,'2021-09-23 20:18:32',NULL),(883,130,91,NULL,'2021-09-26 18:53:23',NULL),(884,130,89,NULL,'2021-09-26 18:53:23',NULL),(885,134,88,NULL,'2021-09-26 19:02:36',NULL),(886,133,79,NULL,'2021-09-26 19:10:11',NULL),(887,133,88,NULL,'2021-09-26 19:10:11',NULL),(888,197,92,NULL,'2021-09-26 19:18:14',NULL),(889,197,88,NULL,'2021-09-26 19:18:14',NULL),(890,197,82,NULL,'2021-09-26 19:18:14',NULL),(891,196,37,NULL,'2021-09-27 05:09:32',NULL),(892,196,34,NULL,'2021-09-27 05:09:32',NULL),(893,155,37,NULL,'2021-09-27 14:33:57',NULL),(894,112,91,NULL,'2021-09-27 14:35:55',NULL),(895,198,18,NULL,'2021-09-27 14:49:47',NULL),(896,147,41,NULL,'2021-09-27 15:58:37',NULL),(897,147,42,NULL,'2021-09-27 15:58:37',NULL),(898,199,33,NULL,'2021-09-27 16:27:14',NULL),(899,199,78,NULL,'2021-09-27 16:27:14',NULL),(900,199,92,NULL,'2021-09-27 16:27:14',NULL),(901,172,37,NULL,'2021-09-27 19:24:39',NULL),(902,172,27,NULL,'2021-09-27 20:18:41',NULL),(904,110,27,NULL,'2021-09-28 13:46:21',NULL),(905,110,103,NULL,'2021-09-28 13:46:21',NULL),(906,110,50,NULL,'2021-09-28 13:46:21',NULL),(907,110,49,NULL,'2021-09-28 13:46:21',NULL),(908,113,27,NULL,'2021-09-28 13:57:03',NULL),(909,113,31,NULL,'2021-09-28 13:57:03',NULL),(910,113,49,NULL,'2021-09-28 13:57:03',NULL),(911,200,16,NULL,'2021-09-28 14:17:28',NULL),(912,200,35,NULL,'2021-09-28 14:17:28',NULL),(913,200,89,NULL,'2021-09-28 14:17:28',NULL),(916,202,30,NULL,'2021-09-28 14:34:48',NULL),(918,206,18,NULL,'2021-09-28 14:54:06',NULL),(919,206,19,NULL,'2021-09-28 14:54:06',NULL),(920,206,22,NULL,'2021-09-28 14:54:06',NULL),(921,206,25,NULL,'2021-09-28 14:54:06',NULL),(922,206,27,NULL,'2021-09-28 14:54:06',NULL),(923,206,28,NULL,'2021-09-28 14:54:06',NULL),(924,206,32,NULL,'2021-09-28 14:54:06',NULL),(925,206,36,NULL,'2021-09-28 14:54:06',NULL),(926,206,37,NULL,'2021-09-28 14:54:06',NULL),(927,206,49,NULL,'2021-09-28 14:54:06',NULL),(928,206,60,NULL,'2021-09-28 14:54:06',NULL),(929,206,76,NULL,'2021-09-28 14:54:06',NULL),(930,208,18,NULL,'2021-09-28 15:22:13',NULL),(931,208,27,NULL,'2021-09-28 15:22:13',NULL),(934,153,70,NULL,'2021-09-28 15:52:29',NULL),(935,203,97,NULL,'2021-09-28 16:12:53',NULL),(936,203,84,NULL,'2021-09-28 16:12:53',NULL),(937,203,35,NULL,'2021-09-28 16:12:53',NULL),(938,203,90,NULL,'2021-09-28 16:12:53',NULL),(940,210,18,NULL,'2021-09-28 16:15:56',NULL),(941,210,19,NULL,'2021-09-28 16:15:56',NULL),(942,210,25,NULL,'2021-09-28 16:15:56',NULL),(943,210,27,NULL,'2021-09-28 16:15:56',NULL),(944,210,28,NULL,'2021-09-28 16:15:56',NULL),(945,210,36,NULL,'2021-09-28 16:15:56',NULL),(946,210,37,NULL,'2021-09-28 16:15:56',NULL),(947,210,32,NULL,'2021-09-28 16:15:56',NULL),(948,210,70,NULL,'2021-09-28 16:15:56',NULL),(950,219,27,NULL,'2021-09-28 16:21:48',NULL),(951,209,17,NULL,'2021-09-28 16:30:29',NULL),(952,209,18,NULL,'2021-09-28 16:30:29',NULL),(953,209,19,NULL,'2021-09-28 16:30:29',NULL),(954,209,22,NULL,'2021-09-28 16:30:29',NULL),(955,209,25,NULL,'2021-09-28 16:30:29',NULL),(956,209,27,NULL,'2021-09-28 16:30:29',NULL),(957,209,28,NULL,'2021-09-28 16:30:29',NULL),(958,209,32,NULL,'2021-09-28 16:30:29',NULL),(959,209,36,NULL,'2021-09-28 16:30:29',NULL),(960,209,37,NULL,'2021-09-28 16:30:29',NULL),(961,209,49,NULL,'2021-09-28 16:30:29',NULL),(962,209,60,NULL,'2021-09-28 16:30:29',NULL),(963,209,76,NULL,'2021-09-28 16:30:29',NULL),(964,218,84,NULL,'2021-09-28 16:37:42',NULL),(965,218,35,NULL,'2021-09-28 16:37:42',NULL),(966,218,89,NULL,'2021-09-28 16:37:42',NULL),(967,223,48,NULL,'2021-09-28 16:53:57',NULL),(968,223,70,NULL,'2021-09-28 16:53:57',NULL),(969,223,71,NULL,'2021-09-28 16:53:57',NULL),(970,157,79,NULL,'2021-09-28 18:17:48',NULL),(971,157,35,NULL,'2021-09-28 18:17:48',NULL),(972,105,69,NULL,'2021-09-28 18:23:04',NULL),(973,160,43,NULL,'2021-09-28 18:49:04',NULL),(974,160,47,NULL,'2021-09-28 18:49:04',NULL),(975,185,35,NULL,'2021-09-28 19:21:49',NULL),(976,185,95,NULL,'2021-09-28 19:21:49',NULL),(977,185,85,NULL,'2021-09-28 19:21:49',NULL),(978,185,90,NULL,'2021-09-28 19:21:49',NULL),(979,185,97,NULL,'2021-09-28 19:21:49',NULL),(980,193,69,NULL,'2021-09-28 19:39:29',NULL),(981,214,27,NULL,'2021-09-28 19:57:37',NULL),(982,214,92,NULL,'2021-09-28 19:57:37',NULL),(983,214,93,NULL,'2021-09-28 19:57:37',NULL),(984,214,83,NULL,'2021-09-28 19:57:37',NULL),(986,226,20,NULL,'2021-09-28 20:19:52',NULL),(987,227,24,NULL,'2021-09-28 20:22:44',NULL),(988,224,17,NULL,'2021-09-28 21:06:24',NULL),(989,224,18,NULL,'2021-09-28 21:06:24',NULL),(990,224,27,NULL,'2021-09-28 21:06:24',NULL),(991,224,32,NULL,'2021-09-28 21:06:24',NULL),(992,224,37,NULL,'2021-09-28 21:06:24',NULL),(993,224,36,NULL,'2021-09-28 21:06:24',NULL),(994,224,49,NULL,'2021-09-28 21:06:24',NULL),(995,225,101,NULL,'2021-09-28 21:27:09',NULL),(996,225,98,NULL,'2021-09-28 21:27:09',NULL),(997,225,100,NULL,'2021-09-28 21:27:09',NULL),(998,225,102,NULL,'2021-09-28 21:27:09',NULL),(999,225,43,NULL,'2021-09-28 21:27:09',NULL),(1000,225,99,NULL,'2021-09-28 21:27:09',NULL),(1001,225,47,NULL,'2021-09-28 21:27:09',NULL),(1002,228,17,NULL,'2021-09-28 22:13:30',NULL),(1003,228,18,NULL,'2021-09-28 22:13:30',NULL),(1004,228,27,NULL,'2021-09-28 22:13:30',NULL),(1005,228,36,NULL,'2021-09-28 22:13:30',NULL),(1006,228,32,NULL,'2021-09-28 22:13:30',NULL),(1007,228,37,NULL,'2021-09-28 22:13:30',NULL),(1008,228,49,NULL,'2021-09-28 22:13:30',NULL),(1009,228,70,NULL,'2021-09-28 22:13:30',NULL),(1010,228,76,NULL,'2021-09-28 22:13:30',NULL),(1011,229,17,NULL,'2021-09-28 22:29:47',NULL),(1012,172,60,NULL,'2021-09-29 06:07:08',NULL),(1013,172,70,NULL,'2021-09-29 06:07:08',NULL),(1014,172,35,NULL,'2021-09-29 06:07:08',NULL),(1015,216,17,NULL,'2021-09-29 09:11:37',NULL),(1016,216,18,NULL,'2021-09-29 09:11:37',NULL),(1017,216,27,NULL,'2021-09-29 09:11:37',NULL),(1018,216,28,NULL,'2021-09-29 09:11:37',NULL),(1019,216,36,NULL,'2021-09-29 09:11:37',NULL),(1020,216,37,NULL,'2021-09-29 09:11:37',NULL),(1021,216,35,NULL,'2021-09-29 09:11:37',NULL),(1022,148,101,NULL,'2021-09-29 09:15:23',NULL),(1023,148,100,NULL,'2021-09-29 09:15:23',NULL),(1024,148,98,NULL,'2021-09-29 09:15:23',NULL),(1025,148,43,NULL,'2021-09-29 09:15:23',NULL),(1026,148,99,NULL,'2021-09-29 09:15:23',NULL),(1027,148,45,NULL,'2021-09-29 09:15:23',NULL),(1028,148,42,NULL,'2021-09-29 09:15:23',NULL),(1029,148,47,NULL,'2021-09-29 09:15:23',NULL),(1030,220,18,NULL,'2021-09-29 09:23:40',NULL),(1031,220,19,NULL,'2021-09-29 09:23:40',NULL),(1032,220,27,NULL,'2021-09-29 09:23:40',NULL),(1033,220,32,NULL,'2021-09-29 09:23:40',NULL),(1034,220,36,NULL,'2021-09-29 09:23:40',NULL),(1035,220,75,NULL,'2021-09-29 09:23:40',NULL),(1036,220,76,NULL,'2021-09-29 09:23:40',NULL),(1037,236,18,NULL,'2021-09-29 09:39:22',NULL),(1038,237,18,NULL,'2021-09-29 09:46:31',NULL),(1039,237,20,NULL,'2021-09-29 09:46:31',NULL),(1040,237,76,NULL,'2021-09-29 09:46:31',NULL),(1041,237,37,NULL,'2021-09-29 09:46:31',NULL),(1042,238,32,NULL,'2021-09-29 10:21:35',NULL),(1044,239,35,NULL,'2021-09-29 11:47:36',NULL),(1045,239,69,NULL,'2021-09-29 11:47:36',NULL),(1046,239,90,NULL,'2021-09-29 11:47:36',NULL),(1049,247,30,NULL,'2021-09-29 14:09:22',NULL),(1050,247,17,NULL,'2021-09-29 14:09:22',NULL),(1051,247,35,NULL,'2021-09-29 14:09:22',NULL),(1052,247,73,NULL,'2021-09-29 14:09:22',NULL),(1054,250,73,NULL,'2021-09-29 14:34:27',NULL),(1055,250,6,NULL,'2021-09-29 14:34:27',NULL),(1056,250,39,NULL,'2021-09-29 14:34:27',NULL),(1057,250,30,NULL,'2021-09-29 14:34:27',NULL),(1058,250,35,NULL,'2021-09-29 14:34:27',NULL),(1059,250,38,NULL,'2021-09-29 14:34:27',NULL),(1060,251,26,NULL,'2021-09-29 15:15:19',NULL),(1061,251,27,NULL,'2021-09-29 15:15:19',NULL),(1062,252,30,NULL,'2021-09-29 15:22:49',NULL),(1063,253,30,NULL,'2021-09-29 15:28:19',NULL),(1064,254,17,NULL,'2021-09-29 15:32:52',NULL),(1065,254,28,NULL,'2021-09-29 15:32:52',NULL),(1066,255,18,NULL,'2021-09-29 15:44:28',NULL),(1067,255,19,NULL,'2021-09-29 15:44:28',NULL),(1068,255,25,NULL,'2021-09-29 15:44:28',NULL),(1069,255,27,NULL,'2021-09-29 15:44:28',NULL),(1070,255,28,NULL,'2021-09-29 15:44:28',NULL),(1071,255,29,NULL,'2021-09-29 15:44:28',NULL),(1072,255,32,NULL,'2021-09-29 15:44:28',NULL),(1073,255,37,NULL,'2021-09-29 15:44:28',NULL),(1074,255,49,NULL,'2021-09-29 15:44:28',NULL),(1075,255,76,NULL,'2021-09-29 15:44:28',NULL),(1076,146,34,NULL,'2021-09-29 15:46:45',NULL),(1078,259,30,NULL,'2021-09-29 16:10:05',NULL),(1079,229,18,NULL,'2021-09-29 18:03:49',NULL),(1080,229,19,NULL,'2021-09-29 18:03:49',NULL),(1081,229,25,NULL,'2021-09-29 18:03:49',NULL),(1082,229,27,NULL,'2021-09-29 18:03:49',NULL),(1083,229,28,NULL,'2021-09-29 18:03:49',NULL),(1084,229,29,NULL,'2021-09-29 18:03:49',NULL),(1085,229,32,NULL,'2021-09-29 18:03:49',NULL),(1086,229,35,NULL,'2021-09-29 18:03:49',NULL),(1087,229,36,NULL,'2021-09-29 18:03:49',NULL),(1088,229,37,NULL,'2021-09-29 18:03:49',NULL),(1089,229,49,NULL,'2021-09-29 18:03:49',NULL),(1090,229,62,NULL,'2021-09-29 18:03:49',NULL),(1091,229,76,NULL,'2021-09-29 18:03:49',NULL),(1092,229,70,NULL,'2021-09-29 18:20:35',NULL),(1093,204,35,NULL,'2021-09-29 21:34:03',NULL),(1094,204,91,NULL,'2021-09-29 21:34:03',NULL),(1095,204,85,NULL,'2021-09-29 21:34:03',NULL),(1096,225,106,NULL,'2021-09-29 21:36:07',NULL),(1097,225,42,NULL,'2021-09-29 21:36:07',NULL),(1099,262,33,NULL,'2021-09-30 16:05:27',NULL),(1100,262,30,NULL,'2021-09-30 16:11:09',NULL),(1101,262,37,NULL,'2021-09-30 16:11:09',NULL),(1103,262,79,NULL,'2021-09-30 16:11:09',NULL),(1104,262,80,NULL,'2021-09-30 16:11:09',NULL),(1105,262,81,NULL,'2021-09-30 16:11:09',NULL),(1107,263,18,NULL,'2021-10-01 09:21:06',NULL),(1108,263,27,NULL,'2021-10-01 09:21:06',NULL),(1109,265,16,NULL,'2021-10-01 09:27:51',NULL),(1110,241,35,NULL,'2021-10-01 23:42:01',NULL),(1111,241,87,NULL,'2021-10-01 23:42:01',NULL),(1112,241,79,NULL,'2021-10-01 23:42:01',NULL),(1114,267,27,NULL,'2021-10-03 08:03:02',NULL),(1115,266,89,NULL,'2021-10-03 12:02:21',NULL),(1116,266,35,NULL,'2021-10-03 12:28:14',NULL),(1117,246,70,NULL,'2021-10-03 18:07:09',NULL),(1118,266,86,NULL,'2021-10-03 18:10:00',NULL),(1119,267,37,NULL,'2021-10-04 06:15:29',NULL),(1120,268,18,NULL,'2021-10-04 08:18:52',NULL),(1121,268,29,NULL,'2021-10-04 08:18:52',NULL),(1122,268,8,NULL,'2021-10-04 08:18:52',NULL),(1123,268,70,NULL,'2021-10-04 08:18:52',NULL),(1124,268,95,NULL,'2021-10-04 08:18:52',NULL),(1125,268,1,NULL,'2021-10-04 08:18:52',NULL),(1126,268,2,NULL,'2021-10-04 08:18:52',NULL),(1127,268,13,NULL,'2021-10-04 08:18:52',NULL),(1128,268,9,NULL,'2021-10-04 08:18:52',NULL),(1129,184,17,NULL,'2021-10-04 08:19:14',NULL),(1130,184,52,NULL,'2021-10-04 08:19:14',NULL),(1131,167,27,NULL,'2021-10-04 08:25:12',NULL),(1132,167,37,NULL,'2021-10-04 08:25:12',NULL),(1133,166,37,NULL,'2021-10-04 08:29:04',NULL),(1134,258,96,NULL,'2021-10-04 08:38:47',NULL),(1135,149,79,NULL,'2021-10-04 08:39:49',NULL),(1136,149,81,NULL,'2021-10-04 08:39:49',NULL),(1137,149,88,NULL,'2021-10-04 08:39:49',NULL),(1138,149,84,NULL,'2021-10-04 08:39:49',NULL),(1139,170,61,NULL,'2021-10-04 13:25:44',NULL),(1140,124,91,NULL,'2021-10-04 13:31:19',NULL),(1141,124,89,NULL,'2021-10-04 13:31:19',NULL),(1143,271,16,NULL,'2021-10-04 19:46:34',NULL),(1144,271,27,NULL,'2021-10-04 19:46:34',NULL),(1145,271,78,NULL,'2021-10-04 19:46:34',NULL),(1146,271,69,NULL,'2021-10-04 19:46:34',NULL),(1147,271,95,NULL,'2021-10-04 19:46:34',NULL),(1148,271,35,NULL,'2021-10-04 19:46:34',NULL),(1149,271,79,NULL,'2021-10-04 19:46:34',NULL),(1150,271,92,NULL,'2021-10-04 19:46:34',NULL),(1152,272,16,NULL,'2021-10-04 20:18:12',NULL),(1153,272,35,NULL,'2021-10-04 20:18:12',NULL),(1154,272,79,NULL,'2021-10-04 20:18:12',NULL),(1155,272,95,NULL,'2021-10-04 20:18:12',NULL),(1156,272,84,NULL,'2021-10-04 20:18:12',NULL),(1157,273,97,NULL,'2021-10-05 06:35:40',NULL),(1158,273,35,NULL,'2021-10-05 06:43:20',NULL),(1159,273,95,NULL,'2021-10-05 06:43:20',NULL),(1160,273,84,NULL,'2021-10-05 06:43:20',NULL),(1161,273,85,NULL,'2021-10-05 06:43:20',NULL),(1162,273,86,NULL,'2021-10-05 06:43:20',NULL),(1163,273,90,NULL,'2021-10-05 06:43:20',NULL),(1164,275,17,NULL,'2021-10-06 08:46:03',NULL),(1165,275,27,NULL,'2021-10-06 08:46:03',NULL),(1166,275,81,NULL,'2021-10-06 08:46:03',NULL),(1167,275,84,NULL,'2021-10-06 08:46:03',NULL),(1168,275,79,NULL,'2021-10-06 08:46:03',NULL),(1169,276,17,NULL,'2021-10-06 08:58:30',NULL),(1170,277,17,NULL,'2021-10-06 09:14:22',NULL),(1171,201,18,NULL,'2021-10-06 14:38:03',NULL),(1172,201,37,NULL,'2021-10-06 14:38:03',NULL),(1173,201,64,NULL,'2021-10-06 14:38:03',NULL),(1174,205,48,NULL,'2021-10-06 14:53:28',NULL),(1175,205,52,NULL,'2021-10-06 14:53:28',NULL),(1176,278,35,NULL,'2021-10-06 15:13:21',NULL),(1177,278,69,NULL,'2021-10-06 15:13:21',NULL),(1178,278,90,NULL,'2021-10-06 15:13:21',NULL),(1179,278,92,NULL,'2021-10-06 15:13:21',NULL),(1180,128,88,NULL,'2021-10-06 15:32:39',NULL),(1181,270,79,NULL,'2021-10-06 15:35:56',NULL),(1182,270,88,NULL,'2021-10-06 15:35:56',NULL),(1184,279,37,NULL,'2021-10-06 16:07:44',NULL),(1185,279,35,NULL,'2021-10-06 16:07:44',NULL),(1186,279,97,NULL,'2021-10-06 16:07:44',NULL),(1187,279,84,NULL,'2021-10-06 16:07:44',NULL),(1188,279,95,NULL,'2021-10-06 16:07:44',NULL),(1189,279,69,NULL,'2021-10-06 16:07:44',NULL),(1190,279,90,NULL,'2021-10-06 16:07:44',NULL),(1191,277,89,NULL,'2021-10-06 18:01:56',NULL),(1192,277,84,NULL,'2021-10-06 18:01:56',NULL),(1193,277,95,NULL,'2021-10-06 18:01:56',NULL),(1194,277,35,NULL,'2021-10-06 18:01:56',NULL),(1195,277,86,NULL,'2021-10-06 18:01:56',NULL),(1196,277,91,NULL,'2021-10-06 18:01:56',NULL),(1197,280,73,NULL,'2021-10-06 18:12:53',NULL),(1198,189,90,NULL,'2021-10-06 18:17:02',NULL),(1199,281,92,NULL,'2021-10-06 19:51:11',NULL),(1200,281,90,NULL,'2021-10-06 19:51:11',NULL),(1201,112,89,NULL,'2021-10-07 08:09:23',NULL),(1202,282,18,NULL,'2021-10-07 08:34:40',NULL),(1203,282,27,NULL,'2021-10-07 08:51:11',NULL),(1204,282,37,NULL,'2021-10-07 08:51:11',NULL),(1205,282,49,NULL,'2021-10-07 08:51:11',NULL),(1206,282,70,NULL,'2021-10-07 08:51:11',NULL),(1207,282,75,NULL,'2021-10-07 08:51:11',NULL),(1208,282,64,NULL,'2021-10-07 08:51:11',NULL),(1212,284,35,NULL,'2021-10-07 10:47:10',NULL),(1213,284,79,NULL,'2021-10-07 10:47:10',NULL),(1214,284,84,NULL,'2021-10-07 10:47:10',NULL),(1215,284,88,NULL,'2021-10-07 10:47:10',NULL),(1216,284,81,NULL,'2021-10-07 10:47:10',NULL),(1218,285,35,NULL,'2021-10-07 10:53:37',NULL),(1219,285,81,NULL,'2021-10-07 10:53:37',NULL),(1220,285,79,NULL,'2021-10-07 10:53:37',NULL),(1221,285,84,NULL,'2021-10-07 10:53:37',NULL),(1222,285,88,NULL,'2021-10-07 10:53:37',NULL),(1223,283,70,NULL,'2021-10-07 11:04:45',NULL),(1224,283,37,NULL,'2021-10-07 11:04:45',NULL),(1225,283,27,NULL,'2021-10-07 11:04:45',NULL),(1226,283,16,NULL,'2021-10-07 11:04:45',NULL),(1227,283,60,NULL,'2021-10-07 11:04:45',NULL),(1228,286,79,NULL,'2021-10-07 11:06:06',NULL),(1229,286,84,NULL,'2021-10-07 11:06:06',NULL),(1231,286,35,NULL,'2021-10-07 11:06:06',NULL),(1232,286,81,NULL,'2021-10-07 11:06:06',NULL),(1235,288,88,NULL,'2021-10-07 11:25:14',NULL),(1236,288,79,NULL,'2021-10-07 11:25:14',NULL),(1237,288,35,NULL,'2021-10-07 11:25:14',NULL),(1238,288,81,NULL,'2021-10-07 11:25:14',NULL),(1239,287,61,NULL,'2021-10-07 11:30:06',NULL),(1240,287,34,NULL,'2021-10-07 11:30:06',NULL),(1241,287,22,NULL,'2021-10-07 11:30:06',NULL),(1243,289,101,NULL,'2021-10-07 13:21:02',NULL),(1244,289,100,NULL,'2021-10-07 13:21:02',NULL),(1245,289,98,NULL,'2021-10-07 13:21:02',NULL),(1246,289,106,NULL,'2021-10-07 13:21:02',NULL),(1247,289,102,NULL,'2021-10-07 13:21:02',NULL),(1248,289,47,NULL,'2021-10-07 13:21:02',NULL),(1249,289,38,NULL,'2021-10-07 13:21:02',NULL),(1251,290,43,NULL,'2021-10-07 13:40:20',NULL),(1252,290,106,NULL,'2021-10-07 13:40:20',NULL),(1253,290,101,NULL,'2021-10-07 13:40:20',NULL),(1254,290,47,NULL,'2021-10-07 13:40:20',NULL),(1255,290,100,NULL,'2021-10-07 13:40:20',NULL),(1257,291,21,NULL,'2021-10-07 16:08:39',NULL),(1258,291,27,NULL,'2021-10-07 16:08:39',NULL),(1259,291,29,NULL,'2021-10-07 16:08:39',NULL),(1260,291,1,NULL,'2021-10-07 16:08:39',NULL),(1261,291,2,NULL,'2021-10-07 16:08:39',NULL),(1262,291,3,NULL,'2021-10-07 16:08:39',NULL),(1263,291,4,NULL,'2021-10-07 16:08:39',NULL),(1264,291,7,NULL,'2021-10-07 16:08:39',NULL),(1265,291,9,NULL,'2021-10-07 16:08:39',NULL),(1266,291,13,NULL,'2021-10-07 16:08:39',NULL),(1267,273,33,NULL,'2021-10-07 19:01:38',NULL),(1268,121,87,NULL,'2021-10-07 19:52:58',NULL),(1269,121,88,NULL,'2021-10-07 19:52:58',NULL),(1270,122,87,NULL,'2021-10-07 19:55:13',NULL),(1271,122,88,NULL,'2021-10-07 19:55:13',NULL),(1272,217,79,NULL,'2021-10-07 20:14:40',NULL),(1273,217,37,NULL,'2021-10-07 20:14:40',NULL),(1274,217,80,NULL,'2021-10-07 20:14:40',NULL),(1275,217,81,NULL,'2021-10-07 20:14:40',NULL),(1276,217,84,NULL,'2021-10-07 20:14:40',NULL),(1277,217,87,NULL,'2021-10-07 20:14:40',NULL),(1278,217,88,NULL,'2021-10-07 20:14:40',NULL),(1280,240,27,NULL,'2021-10-08 08:43:07',NULL),(1282,292,27,NULL,'2021-10-08 09:12:38',NULL),(1283,292,29,NULL,'2021-10-08 09:12:38',NULL),(1284,292,37,NULL,'2021-10-08 09:12:38',NULL),(1285,292,20,NULL,'2021-10-08 09:12:38',NULL),(1286,292,3,NULL,'2021-10-08 09:12:38',NULL),(1287,292,4,NULL,'2021-10-08 09:12:38',NULL),(1288,292,6,NULL,'2021-10-08 09:12:38',NULL),(1289,292,7,NULL,'2021-10-08 09:12:38',NULL),(1290,292,8,NULL,'2021-10-08 09:12:38',NULL),(1291,292,11,NULL,'2021-10-08 09:12:38',NULL),(1292,292,13,NULL,'2021-10-08 09:12:38',NULL),(1296,297,19,NULL,'2021-10-09 06:32:37',NULL),(1297,298,24,NULL,'2021-10-09 06:37:08',NULL),(1298,299,23,NULL,'2021-10-09 06:51:09',NULL),(1299,300,18,NULL,'2021-10-09 06:54:41',NULL),(1300,301,74,NULL,'2021-10-10 05:03:56',NULL),(1301,294,16,NULL,'2021-10-10 11:52:41',NULL),(1302,294,35,NULL,'2021-10-10 11:52:41',NULL),(1303,294,79,NULL,'2021-10-10 11:52:41',NULL),(1304,294,95,NULL,'2021-10-10 11:52:41',NULL),(1305,295,16,NULL,'2021-10-10 11:59:07',NULL),(1306,295,35,NULL,'2021-10-10 11:59:07',NULL),(1307,295,79,NULL,'2021-10-10 11:59:07',NULL),(1308,295,95,NULL,'2021-10-10 11:59:07',NULL),(1309,296,101,NULL,'2021-10-10 12:24:54',NULL),(1310,296,100,NULL,'2021-10-10 12:24:54',NULL),(1311,296,98,NULL,'2021-10-10 12:24:54',NULL),(1312,296,106,NULL,'2021-10-10 12:24:54',NULL),(1313,296,43,NULL,'2021-10-10 12:24:54',NULL),(1314,296,102,NULL,'2021-10-10 12:24:54',NULL),(1315,296,99,NULL,'2021-10-10 12:24:54',NULL),(1316,296,47,NULL,'2021-10-10 12:24:54',NULL),(1317,301,30,NULL,'2021-10-11 04:47:53',NULL),(1318,213,33,NULL,'2021-10-11 09:09:03',NULL),(1319,213,35,NULL,'2021-10-11 09:09:03',NULL),(1320,213,85,NULL,'2021-10-11 09:09:03',NULL),(1321,213,90,NULL,'2021-10-11 09:09:03',NULL),(1322,248,47,NULL,'2021-10-11 09:16:10',NULL),(1323,248,43,NULL,'2021-10-11 09:16:10',NULL),(1324,147,47,NULL,'2021-10-11 09:38:08',NULL),(1325,147,99,NULL,'2021-10-11 09:38:08',NULL),(1326,147,100,NULL,'2021-10-11 09:38:08',NULL),(1327,147,102,NULL,'2021-10-11 09:38:08',NULL),(1328,147,106,NULL,'2021-10-11 09:38:08',NULL),(1329,293,27,NULL,'2021-10-11 10:37:04',NULL),(1330,293,35,NULL,'2021-10-11 10:37:04',NULL),(1331,293,84,NULL,'2021-10-11 10:37:04',NULL),(1332,293,88,NULL,'2021-10-11 10:37:04',NULL),(1333,293,92,NULL,'2021-10-11 10:37:04',NULL),(1334,293,93,NULL,'2021-10-11 10:37:04',NULL),(1336,302,43,NULL,'2021-10-11 11:08:59',NULL),(1337,303,25,NULL,'2021-10-11 12:11:35',NULL),(1338,305,25,NULL,'2021-10-12 11:56:10',NULL),(1339,308,21,NULL,'2021-10-12 12:15:47',NULL),(1340,309,16,NULL,'2021-10-12 13:10:14',NULL),(1341,310,19,NULL,'2021-10-12 13:18:44',NULL),(1342,310,24,NULL,'2021-10-12 13:18:44',NULL),(1344,311,17,NULL,'2021-10-12 13:27:24',NULL),(1345,313,28,NULL,'2021-10-12 14:10:10',NULL),(1346,313,29,NULL,'2021-10-12 14:10:10',NULL),(1347,314,37,NULL,'2021-10-12 14:41:49',NULL),(1348,315,37,NULL,'2021-10-12 14:45:41',NULL),(1349,315,22,NULL,'2021-10-12 14:45:41',NULL);
/*!40000 ALTER TABLE `amb_outilsmagasinutilises` ENABLE KEYS */;
UNLOCK TABLES;

--
-- Table structure for table `amb_regroupements`
--

DROP TABLE IF EXISTS `amb_regroupements`;
/*!40101 SET @saved_cs_client     = @@character_set_client */;
/*!40101 SET character_set_client = utf8 */;
CREATE TABLE `amb_regroupements` (
  `idRegroupement` int(11) NOT NULL AUTO_INCREMENT,
  `libelleRegroupement` varchar(50) NOT NULL,
  `dateCreation` datetime NOT NULL DEFAULT CURRENT_TIMESTAMP,
  `dateModification` datetime DEFAULT NULL ON UPDATE CURRENT_TIMESTAMP,
  PRIMARY KEY (`idRegroupement`)
) ENGINE=InnoDB AUTO_INCREMENT=7 DEFAULT CHARSET=utf8;
/*!40101 SET character_set_client = @saved_cs_client */;

--
-- Dumping data for table `amb_regroupements`
--

LOCK TABLES `amb_regroupements` WRITE;
/*!40000 ALTER TABLE `amb_regroupements` DISABLE KEYS */;
INSERT INTO `amb_regroupements` VALUES (1,'Transverse','2021-05-06 11:37:28',NULL),(2,'Aménagement','2021-05-06 11:37:28',NULL),(3,'Finition','2021-05-06 11:37:28',NULL),(4,'Electricité','2021-05-06 11:37:28',NULL),(5,'Sanitaire','2021-05-06 11:37:28',NULL),(6,'EPI','2021-05-06 11:37:28',NULL);
/*!40000 ALTER TABLE `amb_regroupements` ENABLE KEYS */;
UNLOCK TABLES;

--
-- Table structure for table `amb_roles`
--

DROP TABLE IF EXISTS `amb_roles`;
/*!40101 SET @saved_cs_client     = @@character_set_client */;
/*!40101 SET character_set_client = utf8 */;
CREATE TABLE `amb_roles` (
  `idRole` int(11) NOT NULL AUTO_INCREMENT,
  `libelleRole` varchar(50) NOT NULL,
  `dateCreation` datetime NOT NULL DEFAULT CURRENT_TIMESTAMP,
  `dateModification` datetime DEFAULT NULL ON UPDATE CURRENT_TIMESTAMP,
  PRIMARY KEY (`idRole`)
) ENGINE=InnoDB AUTO_INCREMENT=6 DEFAULT CHARSET=utf8;
/*!40101 SET character_set_client = @saved_cs_client */;

--
-- Dumping data for table `amb_roles`
--

LOCK TABLES `amb_roles` WRITE;
/*!40000 ALTER TABLE `amb_roles` DISABLE KEYS */;
INSERT INTO `amb_roles` VALUES (1,'Administrateur','2021-05-06 11:37:28',NULL),(2,'RIR','2021-05-06 11:37:28',NULL),(3,'Formateur référent','2021-05-06 11:37:28',NULL),(4,'Formateur suppleant','2021-05-06 11:37:28',NULL),(5,'Stagiaire','2021-05-06 11:37:28',NULL);
/*!40000 ALTER TABLE `amb_roles` ENABLE KEYS */;
UNLOCK TABLES;

--
-- Table structure for table `amb_serie1`
--

DROP TABLE IF EXISTS `amb_serie1`;
/*!40101 SET @saved_cs_client     = @@character_set_client */;
/*!40101 SET character_set_client = utf8 */;
CREATE TABLE `amb_serie1` (
  `idStagiaire` int(11) DEFAULT NULL,
  `nomStagiaire` varchar(50) DEFAULT NULL,
  `prenomStagiaire` varchar(50) DEFAULT NULL,
  `emailStagiaire` varchar(50) DEFAULT NULL,
  `idRoleStagiaire` int(11) DEFAULT NULL,
  `idCentre` int(11) DEFAULT NULL,
  `nomCentre` varchar(50) DEFAULT NULL,
  `idOffre` int(11) DEFAULT NULL,
  `numeroOffre` varchar(50) DEFAULT NULL,
  `idFormateur` int(11) DEFAULT NULL,
  `nomFormateur` varchar(50) DEFAULT NULL,
  `prenomFormateur` varchar(50) DEFAULT NULL,
  `emailFormateur` varchar(50) DEFAULT NULL,
  `idRoleFormateur` int(11) DEFAULT NULL
) ENGINE=MyISAM DEFAULT CHARSET=latin1;
/*!40101 SET character_set_client = @saved_cs_client */;

--
-- Dumping data for table `amb_serie1`
--

LOCK TABLES `amb_serie1` WRITE;
/*!40000 ALTER TABLE `amb_serie1` DISABLE KEYS */;
/*!40000 ALTER TABLE `amb_serie1` ENABLE KEYS */;
UNLOCK TABLES;

--
-- Table structure for table `amb_serie2`
--

DROP TABLE IF EXISTS `amb_serie2`;
/*!40101 SET @saved_cs_client     = @@character_set_client */;
/*!40101 SET character_set_client = utf8 */;
CREATE TABLE `amb_serie2` (
  `idMesm` int(11) DEFAULT NULL,
  `numeroMesm` varchar(50) DEFAULT NULL,
  `libelleMesm` varchar(200) DEFAULT NULL,
  `idOperation` int(11) DEFAULT NULL,
  `numeroOperation` varchar(50) DEFAULT NULL,
  `intituleOperation` varchar(200) DEFAULT NULL,
  `idBlocComp` int(11) DEFAULT NULL,
  `numeroBlocComp` varchar(50) DEFAULT NULL,
  `libelleBlocComp` varchar(200) DEFAULT NULL
) ENGINE=MyISAM DEFAULT CHARSET=latin1;
/*!40101 SET character_set_client = @saved_cs_client */;

--
-- Dumping data for table `amb_serie2`
--

LOCK TABLES `amb_serie2` WRITE;
/*!40000 ALTER TABLE `amb_serie2` DISABLE KEYS */;
/*!40000 ALTER TABLE `amb_serie2` ENABLE KEYS */;
UNLOCK TABLES;

--
-- Table structure for table `amb_serie3`
--

DROP TABLE IF EXISTS `amb_serie3`;
/*!40101 SET @saved_cs_client     = @@character_set_client */;
/*!40101 SET character_set_client = utf8 */;
CREATE TABLE `amb_serie3` (
  `idLieu` int(11) DEFAULT NULL,
  `nomLieu` varchar(50) DEFAULT NULL,
  `idCentre` int(11) DEFAULT NULL,
  `idEnv` int(11) DEFAULT NULL,
  `typeEnv` varchar(50) DEFAULT NULL
) ENGINE=MyISAM DEFAULT CHARSET=latin1;
/*!40101 SET character_set_client = @saved_cs_client */;

--
-- Dumping data for table `amb_serie3`
--

LOCK TABLES `amb_serie3` WRITE;
/*!40000 ALTER TABLE `amb_serie3` DISABLE KEYS */;
/*!40000 ALTER TABLE `amb_serie3` ENABLE KEYS */;
UNLOCK TABLES;

--
-- Table structure for table `amb_stagiaires`
--

DROP TABLE IF EXISTS `amb_stagiaires`;
/*!40101 SET @saved_cs_client     = @@character_set_client */;
/*!40101 SET character_set_client = utf8 */;
CREATE TABLE `amb_stagiaires` (
  `idUser` int(11) NOT NULL,
  `dateDebutFormation` date NOT NULL,
  `dateFinFormation` date NOT NULL,
  `numeroBeneficiaire` varchar(50) NOT NULL,
  `idOffre` int(11) NOT NULL,
  `dateCreation` datetime NOT NULL DEFAULT CURRENT_TIMESTAMP,
  `dateModification` datetime DEFAULT NULL ON UPDATE CURRENT_TIMESTAMP,
  PRIMARY KEY (`idUser`),
  KEY `FK_stagiaires_offres` (`idOffre`)
) ENGINE=InnoDB DEFAULT CHARSET=utf8;
/*!40101 SET character_set_client = @saved_cs_client */;

--
-- Dumping data for table `amb_stagiaires`
--

LOCK TABLES `amb_stagiaires` WRITE;
/*!40000 ALTER TABLE `amb_stagiaires` DISABLE KEYS */;
INSERT INTO `amb_stagiaires` VALUES (9,'2021-02-15','2021-10-22','0',1,'2021-05-06 11:37:28','2021-05-06 13:12:51'),(10,'2021-02-15','2021-10-22','2032323252',1,'2021-05-06 11:37:28',NULL),(12,'2021-02-15','2021-10-22','1',1,'2021-05-06 13:32:08',NULL),(13,'2021-02-15','2021-10-22','2',1,'2021-05-06 13:33:34',NULL),(14,'2021-02-15','2021-10-22','3',1,'2021-05-06 13:35:30',NULL),(15,'2021-02-15','2021-10-22','4',1,'2021-05-06 13:37:07',NULL),(16,'2021-02-15','2021-10-22','5',1,'2021-05-06 13:39:26','2021-05-06 13:39:57'),(17,'2021-02-15','2021-10-22','6',1,'2021-05-06 13:41:35',NULL),(19,'2021-05-17','2021-10-26','21035365',2,'2021-05-26 14:27:46',NULL),(20,'2021-05-17','2021-11-16','12129519',2,'2021-05-26 14:38:47','2021-06-07 10:18:26'),(21,'2021-05-17','2021-10-26','21041216',2,'2021-05-26 14:40:08',NULL),(22,'2021-05-17','2021-10-26','2100000000',2,'2021-05-26 14:42:36',NULL),(24,'2021-06-07','2021-10-22','23',1,'2021-06-07 10:20:58',NULL),(25,'2021-06-01','2021-06-30','123',3,'2021-06-09 10:57:44',NULL),(26,'2021-06-14','2021-12-10','21035319',4,'2021-06-15 15:24:52',NULL),(32,'2021-04-26','2021-12-03','21034705',5,'2021-09-07 09:33:44','2021-09-07 09:47:14'),(34,'2021-06-14','2021-12-10','98002211571',7,'2021-09-07 09:41:08',NULL),(35,'2021-05-03','2021-10-29','21031820',6,'2021-09-07 09:41:42',NULL),(37,'2020-04-26','2020-12-03','21034705',5,'2021-09-07 09:43:33',NULL),(39,'2021-04-26','2021-12-03','21034722',5,'2021-09-07 10:29:09',NULL),(40,'2021-04-26','2021-12-03','21034712',5,'2021-09-07 10:32:20',NULL),(52,'2021-08-30','2022-04-01','21064919',8,'2021-09-07 11:05:07',NULL),(54,'2021-05-03','2021-10-29','21024610',6,'2021-09-07 15:03:54',NULL),(55,'2021-05-03','2021-10-29','21024613',6,'2021-09-07 15:09:25',NULL),(57,'2021-04-26','2021-12-03','21026663',10,'2021-09-07 15:44:01','2021-09-08 08:42:18'),(58,'2021-04-26','2021-12-03','13075719',10,'2021-09-08 11:19:51',NULL),(59,'2021-04-26','2021-12-03','21026681',10,'2021-09-08 12:49:43',NULL),(60,'2021-04-26','2021-12-03','21034974',10,'2021-09-08 12:51:22',NULL),(61,'2021-04-26','2021-12-03','12116326',10,'2021-09-08 12:53:36',NULL),(62,'2021-04-26','2021-12-03','20090565',10,'2021-09-08 12:56:44',NULL),(63,'2021-04-26','2021-12-03','21026666',10,'2021-09-09 08:29:26',NULL),(64,'2021-04-26','2021-12-03','20015102',10,'2021-09-09 08:31:26',NULL),(65,'2021-04-26','2021-12-03','09074266',10,'2021-09-09 09:51:07',NULL),(66,'2021-04-26','2021-12-03','21034574',10,'2021-09-09 09:56:06',NULL),(67,'2021-08-30','2022-04-01','20083935',8,'2021-09-09 09:58:38','2021-09-09 13:18:44'),(70,'2021-09-20','2022-04-29','21057698',12,'2021-09-21 10:17:24',NULL),(71,'2021-09-20','2022-04-29','21063183',12,'2021-09-21 10:27:06',NULL),(72,'2021-09-20','2022-04-29','21062182',12,'2021-09-21 10:28:37',NULL),(73,'2021-06-28','2022-03-04','21051024',9,'2021-09-23 08:43:15',NULL),(74,'2021-06-28','2022-03-04','21051026',9,'2021-09-23 08:46:18',NULL),(75,'2021-06-28','2022-03-04','21036703',9,'2021-09-23 08:50:39',NULL),(76,'2021-06-28','2022-03-04','20046968',9,'2021-09-23 08:56:27',NULL),(77,'2021-06-28','2022-03-04','21036693',9,'2021-09-23 09:01:16',NULL),(78,'2021-06-28','2022-03-04','21032426',9,'2021-09-23 09:04:55',NULL),(79,'2021-09-13','2022-07-08','21071447',13,'2021-09-23 09:23:37',NULL),(80,'2021-09-13','2022-07-08','21072190',13,'2021-09-23 09:29:00',NULL),(81,'2021-09-13','2022-07-08','21071458',13,'2021-09-23 09:31:10',NULL),(82,'2021-09-13','2022-07-08','21071407',13,'2021-09-23 09:34:54','2021-09-23 15:13:20'),(83,'2021-06-28','2022-03-04','0000000',9,'2021-09-24 11:38:51',NULL),(84,'2021-08-30','2022-04-01','21026000',8,'2021-10-12 12:44:24',NULL);
/*!40000 ALTER TABLE `amb_stagiaires` ENABLE KEYS */;
UNLOCK TABLES;

--
-- Table structure for table `amb_stagiairesfichesinterventions`
--

DROP TABLE IF EXISTS `amb_stagiairesfichesinterventions`;
/*!40101 SET @saved_cs_client     = @@character_set_client */;
/*!40101 SET character_set_client = utf8 */;
CREATE TABLE `amb_stagiairesfichesinterventions` (
  `idStagiaire` int(11) DEFAULT NULL,
  `dateDebutFormation` date DEFAULT NULL,
  `dateFinFormation` date DEFAULT NULL,
  `numeroBeneficiaire` varchar(50) DEFAULT NULL,
  `idOffre` int(11) DEFAULT NULL,
  `numeroOffre` varchar(50) DEFAULT NULL,
  `nomPrenom` varchar(101) DEFAULT NULL,
  `idRole` int(11) DEFAULT NULL,
  `idCentre` int(11) DEFAULT NULL,
  `nomCentre` varchar(50) DEFAULT NULL,
  `idFicheIntervention` int(11) DEFAULT NULL,
  `dateDemande` date DEFAULT NULL,
  `demandeur` varchar(100) DEFAULT NULL,
  `telDemandeur` varchar(20) DEFAULT NULL,
  `descriptionDemande` text,
  `validation` tinyint(1) DEFAULT NULL,
  `appreciation` text,
  `idFormateur` int(11) DEFAULT NULL,
  `idLieu` int(11) DEFAULT NULL,
  `nomLieu` varchar(50) DEFAULT NULL,
  `idOperation` int(11) DEFAULT NULL,
  `numeroOperation` varchar(50) DEFAULT NULL,
  `intituleOperation` varchar(200) DEFAULT NULL,
  `schemaOperation` varchar(50) DEFAULT NULL,
  `idMesm` int(11) DEFAULT NULL,
  `numeroMesm` varchar(50) DEFAULT NULL,
  `libelleMesm` varchar(200) DEFAULT NULL,
  `idBlocComp` int(11) DEFAULT NULL,
  `numeroBlocComp` varchar(50) DEFAULT NULL,
  `libelleBlocComp` varchar(200) DEFAULT NULL,
  `idStatut` int(11) DEFAULT NULL,
  `icone` varchar(100) DEFAULT NULL,
  `libelleStatut` varchar(50) DEFAULT NULL
) ENGINE=MyISAM DEFAULT CHARSET=latin1;
/*!40101 SET character_set_client = @saved_cs_client */;

--
-- Dumping data for table `amb_stagiairesfichesinterventions`
--

LOCK TABLES `amb_stagiairesfichesinterventions` WRITE;
/*!40000 ALTER TABLE `amb_stagiairesfichesinterventions` DISABLE KEYS */;
/*!40000 ALTER TABLE `amb_stagiairesfichesinterventions` ENABLE KEYS */;
UNLOCK TABLES;

--
-- Table structure for table `amb_statuts`
--

DROP TABLE IF EXISTS `amb_statuts`;
/*!40101 SET @saved_cs_client     = @@character_set_client */;
/*!40101 SET character_set_client = utf8 */;
CREATE TABLE `amb_statuts` (
  `idStatut` int(11) NOT NULL AUTO_INCREMENT,
  `libelleStatut` varchar(50) NOT NULL,
  `icone` varchar(100) NOT NULL,
  `dateCreation` datetime NOT NULL DEFAULT CURRENT_TIMESTAMP,
  `dateModification` datetime DEFAULT NULL ON UPDATE CURRENT_TIMESTAMP,
  PRIMARY KEY (`idStatut`)
) ENGINE=InnoDB AUTO_INCREMENT=6 DEFAULT CHARSET=utf8;
/*!40101 SET character_set_client = @saved_cs_client */;

--
-- Dumping data for table `amb_statuts`
--

LOCK TABLES `amb_statuts` WRITE;
/*!40000 ALTER TABLE `amb_statuts` DISABLE KEYS */;
INSERT INTO `amb_statuts` VALUES (1,'créée','<i class=\"blanc fas fa-circle\"></i>','2021-05-06 11:37:28',NULL),(2,'en cours','<i class=\"orange fas fa-circle\"></i>','2021-05-06 11:37:28',NULL),(3,'soumise','<i class=\"vert fas fa-circle\"></i>','2021-05-06 11:37:28',NULL),(4,'validée','<i class=\"vert fas fa-check-circle\"></i>','2021-05-06 11:37:28',NULL),(5,'refusée','<i class=\"rouge fas fa-times-circle\"></i>','2021-05-06 11:37:28',NULL);
/*!40000 ALTER TABLE `amb_statuts` ENABLE KEYS */;
UNLOCK TABLES;

--
-- Table structure for table `amb_typesmaintenances`
--

DROP TABLE IF EXISTS `amb_typesmaintenances`;
/*!40101 SET @saved_cs_client     = @@character_set_client */;
/*!40101 SET character_set_client = utf8 */;
CREATE TABLE `amb_typesmaintenances` (
  `idTypeMaint` int(11) NOT NULL AUTO_INCREMENT,
  `numeroTypeMaint` int(10) NOT NULL,
  `libelleTypeMaint` varchar(50) NOT NULL,
  `dateCreation` datetime NOT NULL DEFAULT CURRENT_TIMESTAMP,
  `dateModification` datetime DEFAULT NULL ON UPDATE CURRENT_TIMESTAMP,
  PRIMARY KEY (`idTypeMaint`)
) ENGINE=InnoDB AUTO_INCREMENT=5 DEFAULT CHARSET=utf8;
/*!40101 SET character_set_client = @saved_cs_client */;

--
-- Dumping data for table `amb_typesmaintenances`
--

LOCK TABLES `amb_typesmaintenances` WRITE;
/*!40000 ALTER TABLE `amb_typesmaintenances` DISABLE KEYS */;
INSERT INTO `amb_typesmaintenances` VALUES (1,1,'Améliorative','2021-05-06 11:37:28',NULL),(2,2,'Préventive','2021-05-06 11:37:28',NULL),(3,3,'Corrective','2021-05-06 11:37:28',NULL),(4,4,'Questionnaire','2021-05-06 13:44:39',NULL);
/*!40000 ALTER TABLE `amb_typesmaintenances` ENABLE KEYS */;
UNLOCK TABLES;

--
-- Table structure for table `amb_utilisateurs`
--

DROP TABLE IF EXISTS `amb_utilisateurs`;
/*!40101 SET @saved_cs_client     = @@character_set_client */;
/*!40101 SET character_set_client = utf8 */;
CREATE TABLE `amb_utilisateurs` (
  `idUser` int(11) NOT NULL AUTO_INCREMENT,
  `nomUser` varchar(50) NOT NULL,
  `prenomUser` varchar(50) NOT NULL,
  `telUser` varchar(50) NOT NULL,
  `emailUser` varchar(50) NOT NULL,
  `mdpUser` varchar(50) NOT NULL,
  `idRole` int(11) NOT NULL,
  `idCentre` int(11) NOT NULL,
  `dateCreation` datetime NOT NULL DEFAULT CURRENT_TIMESTAMP,
  `dateModification` datetime DEFAULT NULL ON UPDATE CURRENT_TIMESTAMP,
  PRIMARY KEY (`idUser`),
  UNIQUE KEY `email` (`emailUser`),
  KEY `FK_utilisateurs_roles` (`idRole`),
  KEY `FK_utilisateurs_centre` (`idCentre`)
) ENGINE=InnoDB AUTO_INCREMENT=85 DEFAULT CHARSET=utf8;
/*!40101 SET character_set_client = @saved_cs_client */;

--
-- Dumping data for table `amb_utilisateurs`
--

LOCK TABLES `amb_utilisateurs` WRITE;
/*!40000 ALTER TABLE `amb_utilisateurs` DISABLE KEYS */;
INSERT INTO `amb_utilisateurs` VALUES (1,'admin1','admin1','0745821463','admin1@gmail.com','892c91e0a653ba19df81a90f89d99bcd',1,1,'2021-05-06 11:37:28',NULL),(2,'Villattea','Franck','0640893009','franck.villatte@afpa.fr','598b3e71ec378bd83e0a727608b5db01',1,1,'2021-05-06 11:37:28',NULL),(7,'Villattef','Franck','0640893009','franckvillatte@aol.com','c20ad4d76fe97759aa27a0c99bff6710',3,2,'2021-05-06 11:37:28','2021-06-02 14:03:33'),(9,'Duriaux','Stephane','0637675315','duriauxstephane@gmail.com','c9f0f895fb98ab9159f51fd0297e236d',5,2,'2021-05-06 11:37:28','2021-06-01 13:23:03'),(10,'Perrin','Arthur','0640201320','perrinarthur@gmail.com','9bf31c7ff062936a96d3c8bd1f8f2ff3',5,2,'2021-05-06 11:37:28','2021-06-01 13:27:51'),(11,'Formateur test','Form','0123456789','formateur1@gmail.com','c20ad4d76fe97759aa27a0c99bff6710',3,2,'2021-05-06 11:37:28','2021-10-04 17:23:03'),(12,'Bressy','Thomas','0666886028','THOMAS.BRESSY.TB@gmail.com','8f14e45fceea167a5a36dedd4bea2543',5,2,'2021-05-06 13:32:08',NULL),(13,'Brunet','Lea','0628587282','lea.brunet23@gmail.com','8f14e45fceea167a5a36dedd4bea2543',5,2,'2021-05-06 13:33:34',NULL),(14,'Alinquant','Adrien','0678736235','Adrient.alinquant@yahoo.fr','bbc595e205a865a6afd9a8584f319f3b',5,2,'2021-05-06 13:35:30',NULL),(15,'Durant','Thierry','0616893142','thiery23@orange.fr','8f14e45fceea167a5a36dedd4bea2543',5,2,'2021-05-06 13:37:07',NULL),(16,'Azarkane','Aziz','0766604331','azarkaneaziz@gmail.com','83e3f38d35052a777184dc390abf24ee',5,2,'2021-05-06 13:39:26','2021-06-01 13:23:21'),(17,'Villard','Jean noel','0782352963','jean-noel23150@live.fr','a97da629b098b75c294dffdc3e463904',5,2,'2021-05-06 13:41:35',NULL),(18,'Vera','Alexandre','0600000000','alexandre.vera@afpa.fr','e4da3b7fbbce2345d7772b0674a318d5',4,2,'2021-05-06 14:00:18',NULL),(19,'Beqiri','Dorian','0660146367','shkoder4001@gmail.com','320722549d1751cf3f247855f937b982',5,2,'2021-05-26 14:27:46','2021-06-03 15:57:13'),(20,'Moreau','Thierry','0666360762','thierrymoreau@gmail.com','aab3238922bcc25a6f606eb525ffdc56',5,2,'2021-05-26 14:38:47','2021-06-09 09:46:33'),(21,'Tarnat','Damien','0686892970','damientarnat@gmail.com','cb9174310010aaa1fe81789cffc4ab67',5,2,'2021-05-26 14:40:08','2021-06-07 10:10:52'),(22,'Verbeke','Maxence','0767517485','max23200@gmail.com','aab3238922bcc25a6f606eb525ffdc56',5,2,'2021-05-26 14:42:36','2021-06-01 13:26:38'),(24,'Brouet','Sylvain','0606060606','sylvainbrouet@gmail.fr','c20ad4d76fe97759aa27a0c99bff6710',5,2,'2021-06-07 10:20:58',NULL),(25,'Sta','Sta','0600000000','stagiaire2@gmail.com','6512bd43d9caa6e02c990b0a82652dca',5,3,'2021-06-09 10:57:44','2021-06-09 11:01:34'),(26,'Rio','Dorian','0638237046','riod2410@gmail.com','6512bd43d9caa6e02c990b0a82652dca',5,2,'2021-06-15 15:24:52','2021-09-21 10:31:29'),(28,'Peyronnet','Roger','0645174959','roger.peyronnet@afpa.fr','aab3238922bcc25a6f606eb525ffdc56',3,4,'2021-09-07 09:22:18','2021-09-07 09:25:23'),(29,'Goulmot','Lionel','0611115817','lionel.goulmot@afpa.fr','440e7c3eb9bbcd4c33c3535354a51605',3,5,'2021-09-07 09:26:50','2021-09-07 09:28:29'),(30,'Gonthier','Francois','0645187496','francois.gonthier@afpa.fr','98f13708210194c475687be6106a3b84',3,6,'2021-09-07 09:29:00','2021-09-07 09:38:13'),(31,'Gerardot','Christian','0648571844','christian.gerardot@afpa.fr','70efdf2ec9b086079795c442636b55fb',1,8,'2021-09-07 09:31:30','2021-09-07 09:39:21'),(32,'Moussouni','Brahim','0781725843','brahim.afpa86@gmail.com','03afdbd66e7929b125f8597834fa83a4',5,5,'2021-09-07 09:33:44','2021-09-13 10:00:23'),(34,'Bigonet','Cedric','0600212365','cedricbigonet9@gmail.com','45c48cce2e2d7fbdea1afc51c7c6ad26',5,2,'2021-09-07 09:41:08','2021-09-17 08:25:04'),(35,'Bazin','Arnaud','0624256554','bazin.arnaud@hotmail.com','258be18e31c8188555c2ff05b4d542c3',5,4,'2021-09-07 09:41:42',NULL),(37,'Moussounixx','Brahim','0781725843','brabra13@hotmail.fr','',5,5,'2021-09-07 09:43:33','2021-09-07 09:48:48'),(39,'Porchel','Wilfried','0608279502','wilfriedafpa@gmail.com','7178d94773bab8a4fa41b58f1ad38c65',5,5,'2021-09-07 10:29:09','2021-09-13 09:56:49'),(40,'Santiago','Jean','0768667401','jeanamb86@gmail.com','029e4b4e6d529c2a07a17b4d333e38bc',5,5,'2021-09-07 10:32:20','2021-09-13 09:57:34'),(52,'Remondiere','Eric','0643947376','remondiere.eric@orange.fr','d3d9446802a44259755d38e6d163e820',5,5,'2021-09-07 11:05:07','2021-09-16 09:06:40'),(54,'Chassagne','Eric','0626033657','ericchassagne19200@gmail.com','7647966b7343c29048673252e490f736',5,4,'2021-09-07 15:03:54','2021-09-08 08:33:39'),(55,'Colombet','Clement','0656837777','jojo.fr@gmail.com','45c48cce2e2d7fbdea1afc51c7c6ad26',5,4,'2021-09-07 15:09:25',NULL),(57,'Allamargot','David','0666084417','allamargotdavid@gmail.com','7cbbc409ec990f19c78c75bd1e06f215',5,5,'2021-09-07 15:44:01','2021-09-13 09:17:09'),(58,'Denoux','Guillaume','0605298000','gd.comptepro@gmail.com','d3d9446802a44259755d38e6d163e820',5,5,'2021-09-08 11:19:51','2021-09-08 11:24:50'),(59,'Bourakba','Nacim','0767651183','nacimafpa@gmail.com','31174581144c5946a610dc71dae35a4e',5,5,'2021-09-08 12:49:43','2021-09-13 08:23:23'),(60,'Dumonteil','Sebastien','0766772759','basschapeaudepaille@gmail.com','aab3238922bcc25a6f606eb525ffdc56',5,5,'2021-09-08 12:51:22','2021-09-13 08:58:10'),(61,'Audooren','Benoit','0618530098','benoitamb86@gmail.com','d3d9446802a44259755d38e6d163e820',5,5,'2021-09-08 12:53:36','2021-09-13 08:45:39'),(62,'Duprat','Noah','0616136884','noahduprat4@gmail.com','d3d9446802a44259755d38e6d163e820',5,5,'2021-09-08 12:56:44','2021-10-06 14:55:09'),(63,'Thibault','Julie','0633423972','julieamb86@gmail.com','43ec517d68b6edd3015b3edc9a11367b',5,5,'2021-09-09 08:29:26','2021-09-21 13:16:24'),(64,'Zaki','Hamza','0613421890','tiimovez@gmail.com','17e62166fc8586dfa4d1bc0e1742c08b',5,5,'2021-09-09 08:31:26','2021-09-13 08:47:08'),(65,'Auge','Laurent','0604402785','laurentamb86@gmail.com','c75ddfa25470c0ce23b102aace18cbd3',5,5,'2021-09-09 09:51:07','2021-10-07 09:37:59'),(66,'Duverger','Cyril','0674654092','cyrilamb86@gmail.com','d3d9446802a44259755d38e6d163e820',5,5,'2021-09-09 09:56:06','2021-09-13 08:41:17'),(67,'Carapinha','Donovan','0659258974','barrigadonovan2003@gmail.com','31f989158bbe03a5193a64f329bc33af',5,5,'2021-09-09 09:58:38','2021-09-16 09:02:03'),(70,'Loua','Mathieu','0766083929','mathieuloua40@gmail.com','3c59dc048e8850243be8079a5c74d079',5,2,'2021-09-21 10:17:24','2021-09-28 14:29:00'),(71,'Gachon','Philippe','0681335611','ph.gachon@outlook.fr','f1d540af53a0349d758a40ce4ea1380d',5,2,'2021-09-21 10:27:06','2021-09-28 13:45:21'),(72,'Rapinat','Thierry','0680651522','t.rapinat@orange.fr','e2c420d928d4bf8ce0ff2ec19b371514',5,2,'2021-09-21 10:28:37','2021-09-28 13:44:45'),(73,'Desmaison','Bernard','0629764039','desmaisonbernard24@gmail.com','3c59dc048e8850243be8079a5c74d079',5,6,'2021-09-23 08:43:15','2021-09-29 13:25:27'),(74,'Ribette','Bruno','0643371183','bhc24@orange.fr','d9d4f495e875a2e075a1a4a6e1b9770f',5,6,'2021-09-23 08:46:18','2021-09-29 13:28:06'),(75,'Virgo','Jean philippe','0634580274','philippe.virgo22@gmail.com','75baa1d60aac0c1f135cc39f1f15c9b7',5,6,'2021-09-23 08:50:39','2021-09-29 13:19:54'),(76,'Colin','Pascal','0607226161','jason033@hotmail.fr','1679091c5a880faf6fb5e6087eb1b2dc',5,6,'2021-09-23 08:56:27',NULL),(77,'Rigaut','Stephane','0612953656','rigautstephane2510@gmail.com','8f14e45fceea167a5a36dedd4bea2543',5,6,'2021-09-23 09:01:16',NULL),(78,'Dos santos','Hector','0611399399','hectordossantos@yahoo.fr','d556b595eef47660153b8eddebbc2b12',5,6,'2021-09-23 09:04:55','2021-09-29 13:19:06'),(79,'Belaredj','Loghan','0750044923','21071447@pasdemail.afpa.fr','',5,6,'2021-09-23 09:23:37','2021-09-29 12:44:13'),(80,'Boccaccio','Laurent','0000000000','21072190@pasdemail.afpa.fr','d3d9446802a44259755d38e6d163e820',5,6,'2021-09-23 09:29:00',NULL),(81,'Daubisse','Julien','0000000000','21071458@pasdemail.afpa.fr','',5,6,'2021-09-23 09:31:10','2021-09-23 15:46:35'),(82,'Hmain','Youssef','0000000000','21071407@pasdemail.afpa.fr','',5,6,'2021-09-23 09:34:54','2021-09-23 15:12:30'),(83,'Je bosse','Dur','0000000000','jebossdur@afpa.fr','35f4a8d465e6e1edc05f3d8ab658c551',5,6,'2021-09-24 11:38:51',NULL),(84,'Essai','Lionel','0611115817','lionelafpa86@gmail.com','440e7c3eb9bbcd4c33c3535354a51605',5,5,'2021-10-12 12:44:24','2021-10-12 14:37:33');
/*!40000 ALTER TABLE `amb_utilisateurs` ENABLE KEYS */;
UNLOCK TABLES;
/*!40103 SET TIME_ZONE=@OLD_TIME_ZONE */;

/*!40101 SET SQL_MODE=@OLD_SQL_MODE */;
/*!40014 SET FOREIGN_KEY_CHECKS=@OLD_FOREIGN_KEY_CHECKS */;
/*!40014 SET UNIQUE_CHECKS=@OLD_UNIQUE_CHECKS */;
/*!40101 SET CHARACTER_SET_CLIENT=@OLD_CHARACTER_SET_CLIENT */;
/*!40101 SET CHARACTER_SET_RESULTS=@OLD_CHARACTER_SET_RESULTS */;
/*!40101 SET COLLATION_CONNECTION=@OLD_COLLATION_CONNECTION */;
/*!40111 SET SQL_NOTES=@OLD_SQL_NOTES */;

-- Dump completed on 2021-11-10 12:22:44
